rule_id;rule_type;source_cd_ref;source_unit;target_cd_ref;target_unit;weight;enabled;degree_confusion;comment;
iso_015;species_confusion;1012421;Armadillidium arcangelii;18829;Armadillidium vulgare;1;TRUE;2;Direct expert target: Armadillidium vulgare (juveniles noted by expert);
iso_016;species_confusion;237022;Armadillidium opacum;18829;Armadillidium vulgare;1;TRUE;3;Direct expert target: Armadillidium vulgare;
iso_007;species_confusion;237023;Armadillidium pictum;237025;Armadillidium pulchellum;1;TRUE;2;Direct expert target: Armadillidium pulchellum;
iso_006;species_confusion;237025;Armadillidium pulchellum;237023;Armadillidium pictum;1;TRUE;2;Direct expert target: Armadillidium pictum;
iso_004;species_confusion;237055;Chaetophiloscia elongata;202726;Chaetophiloscia;1;TRUE;2;Expert term 'autres Chaetophiloscia';
iso_021;species_confusion;237057;Chaetophiloscia sicula;202726;Chaetophiloscia;1;TRUE;2;Expert term 'autres Chaetophiloscia';
iso_011;species_confusion;237081;Lucasius pallidus;18820;Porcellio scaber;1;TRUE;2;Direct expert target: Porcellio scaber;
iso_029;rtu_confusion;202778;Oritoniscus;202796;Trichoniscoides;1;TRUE;2;Genus-complex target;
iso_030;rtu_confusion;202778;Oritoniscus;202772;Phymatoniscus;1;TRUE;2;Genus-complex target;
iso_028;reporting_rule;237166;Oritoniscus remyi;202778;Oritoniscus;1;TRUE;2;Expert term 'Oritoniscus';
iso_022;reporting_rule;311068;Orthometopon planum;202745;Porcellionides;1;TRUE;2;Expert term 'Porcellionides';
iso_012;species_confusion;237060;Philoscia affinis;237061;Philoscia muscorum;1;TRUE;2;Direct expert target: Philoscia muscorum;
iso_001;species_confusion;237061;Philoscia muscorum;237060;Philoscia affinis;1;TRUE;2;Direct expert target: Philoscia affinis;
iso_033;rtu_confusion;202772;Phymatoniscus;202778;Oritoniscus;1;TRUE;2;Genus-complex target;
iso_034;rtu_confusion;202772;Phymatoniscus;202796;Trichoniscoides;1;TRUE;2;Genus-complex target;
iso_035;rtu_confusion;196581;Porcellio;215043;Trachelipus;1;TRUE;2;Genus-complex target;
iso_018;species_confusion;237093;Porcellio montanus;237094;Porcellio monticola;1;TRUE;2;Direct expert target: Porcellio monticola;
iso_005;species_confusion;237094;Porcellio monticola;237114;Trachelipus rathkii;1;TRUE;2;Direct expert target: Trachelipus rathkii;
iso_019;reporting_rule;310987;Porcellionides cingendus;202745;Porcellionides;1;TRUE;2;Expert term 'autres Porcellionides';
iso_020;species_confusion;310987;Porcellionides cingendus;311068;Orthometopon planum;1;TRUE;2;Direct expert target: Orthometopon planum;
iso_017;species_confusion;237103;Porcellionides sexfasciatus;311068;Orthometopon planum;1;TRUE;2;Direct expert target: Orthometopon planum;
iso_026;rtu_confusion;1044079;Tiroloscia exigua;202731;Philoscia;1;TRUE;2;Expert term 'Philoscia';
iso_027;reporting_rule;1044079;Tiroloscia exigua;202732;Tiroloscia;1;TRUE;2;Expert term 'autres Tiroloscia';
iso_023;species_confusion;310804;Tiroloscia pyrenaica;237061;Philoscia muscorum;1;TRUE;2;Expert term 'Philoscia';
iso_024;species_confusion;310804;Tiroloscia pyrenaica;237060;Philoscia affinis;1;TRUE;2;Expert term 'Philoscia';
iso_025;species_confusion;310804;Tiroloscia pyrenaica;1044079;Tiroloscia exigua;1;TRUE;2;Expert term 'autres Tiroloscia';
iso_002;species_confusion;237114;Trachelipus rathkii;18820;Porcellio scaber;1;TRUE;2;Direct expert target: Porcellio scaber;
iso_003;species_confusion;237114;Trachelipus rathkii;237094;Porcellio monticola;1;TRUE;2;Direct expert target: Porcellio monticola (P. monticola);
iso_008;species_confusion;311119;Trachelipus razzautii;237094;Porcellio monticola;1;TRUE;2;Direct expert target: Porcellio monticola;
iso_031;rtu_confusion;202796;Trichoniscoides;202778;Oritoniscus;1;TRUE;2;Genus-complex target;
iso_032;rtu_confusion;202796;Trichoniscoides;202778;Phymatoniscus;1;TRUE;2;Genus-complex target;
iso_013;species_confusion;237210;Trichoniscus provisorius;237211;Trichoniscus pusillus;1;TRUE;1;Species-complex target;
iso_014;species_confusion;237210;Trichoniscus provisorius;808686;Trichoniscus aticola;1;TRUE;1;Species-complex target;
iso_009;species_confusion;237211;Trichoniscus pusillus;237210;Trichoniscus provisorius;1;TRUE;1;Species-complex target;
iso_010;species_confusion;237211;Trichoniscus pusillus;808686;Trichoniscus alticola;1;TRUE;1;Species-complex target;
car_003;species_confusion;222607;Abax parallelepipedus;9158;Abax parallelus;1;TRUE;1;;
car_004;species_confusion;222607;Abax parallelepipedus;222608;Abax pyrenaeus;1;TRUE;1;;
car_005;species_confusion;222607;Abax parallelepipedus;222609;Abax carinatus;1;TRUE;1;;
car_006;species_confusion;9158;Abax parallelus;222607;Abax parallelepipedus;1;TRUE;1;;
car_007;species_confusion;9158;Abax parallelus;222608;Abax pyrenaeus;1;TRUE;2;;
car_008;species_confusion;9158;Abax parallelus;222609;Abax carinatus;1;TRUE;2;;
car_010;reporting_rule;9346;Acupalpus brunnipes;188809;Acupalpus;1;TRUE;3;Expert term: 'Autres Acupalpus';
car_011;reporting_rule;9348;Acupalpus dubius;188809;Acupalpus;1;TRUE;3;Expert term: 'Autres Acupalpus';
car_012;reporting_rule;9351;Acupalpus flavicollis;188809;Acupalpus;1;TRUE;3;Expert term: 'Autres Acupalpus';
car_013;reporting_rule;9353;Acupalpus meridianus;188809;Acupalpus;1;TRUE;1;Expert term: 'Autres Acupalpus';
car_014;reporting_rule;9355;Acupalpus notatus;188809;Acupalpus;1;TRUE;3;Expert term: 'Autres Acupalpus';
car_015;reporting_rule;222420;Acupalpus parvulus;188809;Acupalpus;1;TRUE;3;Expert term: 'Autres Acupalpus';
car_019;species_confusion;8820;Agonum nigrum;222391;Agonum afrum;1;TRUE;2;;
car_020;species_confusion;8820;Agonum nigrum;222395;Agonum permoestum;1;TRUE;2;;
car_021;species_confusion;8820;Agonum nigrum;222392;Agonum duftschmidi;1;TRUE;2;;
car_025;reporting_rule;9192;Amara aenea;189022;Amara;1;TRUE;2;Expert term: 'Autres Amara';
car_026;reporting_rule;222624;Amara anthobia;189022;Amara;1;TRUE;2;Expert term: 'Autres Amara';
car_027;reporting_rule;222659;Amara bickhardti;193094;Harpalus;1;TRUE;3;Expert term: 'Harpalus divers';
car_028;reporting_rule;222659;Amara bickhardti;189022;Amara;1;TRUE;3;Expert term: 'Autres Amara';
car_029;reporting_rule;222634;Amara bifrons;189022;Amara;1;TRUE;2;Expert term: 'Autres Amara';
car_030;species_confusion;9193;Amara communis;9212;Amara lunicollis;1;TRUE;3;;
car_031;species_confusion;9193;Amara communis;9201;Amara curta;1;TRUE;3;;
car_032;reporting_rule;9193;Amara communis;189022;Amara;1;TRUE;2;Expert term: 'Autres Amara';
car_033;species_confusion;9193;Amara communis;9200;Amara convexior;1;TRUE;3;;
car_034;reporting_rule;9194;Amara consularis;189022;Amara;1;TRUE;2;Expert term: 'Autres Amara';
car_035;species_confusion;9200;Amara convexior;9193;Amara communis;1;TRUE;3;;
car_036;reporting_rule;9200;Amara convexior;189022;Amara;1;TRUE;2;Expert term: 'Autres Amara';
car_037;species_confusion;9200;Amara convexior;9212;Amara lunicollis;1;TRUE;3;;
car_038;species_confusion;9200;Amara convexior;9201;Amara curta;1;TRUE;3;;
car_039;reporting_rule;222654;Amara crenata;189022;Amara;1;TRUE;2;Expert term: 'Autres Amara';
car_040;species_confusion;9201;Amara curta;9212;Amara lunicollis;1;TRUE;3;;
car_041;species_confusion;9201;Amara curta;9193;Amara communis;1;TRUE;3;;
car_042;species_confusion;9201;Amara curta;9200;Amara convexior;1;TRUE;3;;
car_043;reporting_rule;9201;Amara curta;189022;Amara;1;TRUE;2;Expert term: 'Autres Amara';
car_044;reporting_rule;222652;Amara equestris;189022;Amara;1;TRUE;2;Expert term: 'Autres Amara';
car_045;reporting_rule;222637;Amara erratica;189022;Amara;1;TRUE;2;Expert term: 'Autres Amara';
car_046;reporting_rule;9203;Amara eurynota;189022;Amara;1;TRUE;2;Expert term: 'Autres Amara';
car_047;reporting_rule;9204;Amara familiaris;189022;Amara;1;TRUE;2;Expert term: 'Autres Amara';
car_048;species_confusion;9204;Amara familiaris;9208;Amara lucida;1;TRUE;3;;
car_049;species_confusion;9206;Amara fulvipes;9205;Amara floralis;1;TRUE;3;;
car_050;species_confusion;9206;Amara fulvipes;9207;Amara kulti;1;TRUE;3;;
car_051;species_confusion;9206;Amara fulvipes;222622;Amara strenua;1;TRUE;3;;
car_052;species_confusion;9206;Amara fulvipes;222623;Amara tricuspidata;1;TRUE;3;;
car_053;reporting_rule;9206;Amara fulvipes;189022;Amara;1;TRUE;2;Expert term: 'Autres Amara';
car_054;species_confusion;9207;Amara kulti;9206;Amara fulvipes;1;TRUE;3;;
car_055;species_confusion;9207;Amara kulti;222622;Amara strenua;1;TRUE;3;;
car_056;species_confusion;9207;Amara kulti;222623;Amara tricuspidata;1;TRUE;3;;
car_057;species_confusion;9207;Amara kulti;9205;Amara floralis;1;TRUE;3;;
car_058;reporting_rule;9207;Amara kulti;189022;Amara;1;TRUE;2;Expert term: 'Autres Amara';
car_059;reporting_rule;9208;Amara lucida;189022;Amara;1;TRUE;2;Expert term: 'Autres Amara';
car_060;species_confusion;9208;Amara lucida;9204;Amara familiaris;1;TRUE;3;;
car_061;species_confusion;9212;Amara lunicollis;9201;Amara curta;1;TRUE;3;;
car_062;species_confusion;9212;Amara lunicollis;9193;Amara communis;1;TRUE;3;;
car_063;species_confusion;9212;Amara lunicollis;9200;Amara convexior;1;TRUE;3;;
car_064;reporting_rule;9212;Amara lunicollis;189022;Amara;1;TRUE;2;Expert term: 'Autres Amara';
car_065;species_confusion;222628;Amara nigricornis;222637;Amara erratica;1;TRUE;3;;
car_066;reporting_rule;222628;Amara nigricornis;189022;Amara;1;TRUE;2;Expert term: 'Autres Amara';
car_067;reporting_rule;9215;Amara nitida;189022;Amara;1;TRUE;2;Expert term: 'Autres Amara';
car_068;species_confusion;9217;Amara ovata;9231;Amara similata;1;TRUE;3;;
car_069;reporting_rule;9217;Amara ovata;189022;Amara;1;TRUE;2;Expert term: 'Autres Amara';
car_070;reporting_rule;9218;Amara plebeja;189022;Amara;1;TRUE;2;Expert term: 'Autres Amara';
car_071;reporting_rule;222644;Amara praetermissa;189022;Amara;1;TRUE;2;Expert term: 'Autres Amara';
car_072;reporting_rule;9222;Amara quenseli;189022;Amara;1;TRUE;2;Expert term: 'Autres Amara';
car_073;species_confusion;9223;Amara rufipes;222621;Amara concinna;1;TRUE;3;;
car_074;reporting_rule;9223;Amara rufipes;189022;Amara;1;TRUE;2;Expert term: 'Autres Amara';
car_075;species_confusion;9231;Amara similata;9217;Amara ovata;1;TRUE;3;;
car_076;reporting_rule;9231;Amara similata;189022;Amara;1;TRUE;2;Expert term: 'Autres Amara';
car_077;species_confusion;222622;Amara strenua;9207;Amara kulti;1;TRUE;3;;
car_078;species_confusion;222622;Amara strenua;9206;Amara fulvipes;1;TRUE;3;;
car_079;species_confusion;222622;Amara strenua;222623;Amara tricuspidata;1;TRUE;3;;
car_080;reporting_rule;222622;Amara strenua;189022;Amara;1;TRUE;2;Expert term: 'Autres Amara';
car_081;species_confusion;222622;Amara strenua;9205;Amara floralis;1;TRUE;3;;
car_082;reporting_rule;9230;Amara tibialis;189022;Amara;1;TRUE;2;Expert term: 'Autres Amara';
car_084;species_confusion;9357;Amblystomus niger;222506;Amblystomus metallescens;1;TRUE;1;;
car_087;reporting_rule;189178;Anisodactylus;203287;Cryptophonus;1;TRUE;1;Expert term: 'Cryptophonus divers';
car_088;reporting_rule;189178;Anisodactylus;193094;Harpalus;1;TRUE;1;Expert term: 'Harpalus divers';
car_089;reporting_rule;9291;Anisodactylus binotatus;193094;Harpalus;1;TRUE;1;Expert term: 'Harpalus divers';
car_090;species_confusion;9291;Anisodactylus binotatus;9293;Anisodactylus nemorivagus;1;TRUE;2;;
car_092;reporting_rule;222409;Anisodactylus signatus;193094;Harpalus;1;TRUE;2;Expert term: 'Harpalus divers';
car_097;species_confusion;222940;Asaphidion curtum;8585;Asaphidion flavipes;1;TRUE;3;;
car_098;species_confusion;222940;Asaphidion curtum;222945;Asaphidion stierlini;1;TRUE;3;;
car_099;species_confusion;222940;Asaphidion curtum;222939;Asaphidion austriacum;1;TRUE;3;;
car_100;reporting_rule;222940;Asaphidion curtum;189506;Asaphidion;1;TRUE;2;Expert term: 'Divers Asaphidion';
car_101;species_confusion;8585;Asaphidion flavipes;222945;Asaphidion stierlini;1;TRUE;3;;
car_102;species_confusion;8585;Asaphidion flavipes;222939;Asaphidion austriacum;1;TRUE;3;Expert term: 'Dépend de la région';
car_103;species_confusion;8585;Asaphidion flavipes;222940;Asaphidion curtum;1;TRUE;3;;
car_104;reporting_rule;8585;Asaphidion flavipes;189506;Asaphidion;1;TRUE;2;Expert term: 'Divers Asaphidion';
car_105;species_confusion;222945;Asaphidion stierlini;222939;Asaphidion austriacum;1;TRUE;3;Expert term: 'Dépend de la région';
car_106;species_confusion;222945;Asaphidion stierlini;222940;Asaphidion curtum;1;TRUE;3;;
car_107;species_confusion;222945;Asaphidion stierlini;8585;Asaphidion flavipes;1;TRUE;3;;
car_108;reporting_rule;222945;Asaphidion stierlini;189506;Asaphidion;1;TRUE;2;Expert term: 'Divers Asaphidion';
car_110;species_confusion;222508;Badister bullatus;222510;Badister unipustulatus;1;TRUE;1;;
car_111;species_confusion;222508;Badister bullatus;9360;Badister meridionalis;1;TRUE;1;;
car_112;species_confusion;222508;Badister bullatus;222509;Badister lacertosus;1;TRUE;1;;
car_113;species_confusion;222509;Badister lacertosus;222508;Badister bullatus;1;TRUE;;;
car_114;species_confusion;222509;Badister lacertosus;222510;Badister unipustulatus;1;TRUE;1;;
car_115;species_confusion;222509;Badister lacertosus;9360;Badister meridionalis;1;TRUE;1;;
car_118;species_confusion;795382;Bembidion axillare occiduum;8605;Bembidion minimum;1;TRUE;2;;
car_119;reporting_rule;795382;Bembidion axillare occiduum;189823;Bembidion;1;TRUE;1;Expert term: 'Divers Bembidion';
car_120;species_confusion;794293;Bembidion biguttatum;794292;Bembidion aeneum;1;TRUE;2;;
car_121;species_confusion;794293;Bembidion biguttatum;794295;Bembidion iricolor;1;TRUE;2;;
car_122;reporting_rule;794293;Bembidion biguttatum;189823;Bembidion;1;TRUE;1;Expert term: 'Divers Bembidion';
car_123;species_confusion;794293;Bembidion biguttatum;794296;Bembidion lunulatum;1;TRUE;2;;
car_124;reporting_rule;795403;Bembidion bipunctatum bipunctatum;189823;Bembidion;1;TRUE;1;Expert term: 'Divers Bembidion';
car_125;species_confusion;795216;Bembidion callosum;716246;Bembidion genei;1;TRUE;2;;
car_126;reporting_rule;795216;Bembidion callosum;189823;Bembidion;1;TRUE;1;Expert term: 'Divers Bembidion';
car_127;species_confusion;795216;Bembidion callosum;795259;Bembidion schmidti;1;TRUE;2;;
car_128;species_confusion;795386;Bembidion callosum subconnexum;716246;Bembidion genei;1;TRUE;2;;
car_129;reporting_rule;795386;Bembidion callosum subconnexum;189823;Bembidion;1;TRUE;1;Expert term: 'Divers Bembidion';
car_130;species_confusion;795386;Bembidion callosum subconnexum;795259;Bembidion schmidti;1;TRUE;2;;
car_131;reporting_rule;794280;Bembidion deletum;189823;Bembidion;1;TRUE;1;Expert term: 'Divers Bembidion';
car_132;species_confusion;794280;Bembidion deletum;794284;Bembidion latinum;1;TRUE;2;;
car_133;species_confusion;794294;Bembidion guttula;794297;Bembidion mannerheimii;1;TRUE;3;;
car_134;reporting_rule;794294;Bembidion guttula;189823;Bembidion;1;TRUE;1;Expert term: 'Divers Bembidion';
car_135;reporting_rule;222901;Bembidion humerale;189823;Bembidion;1;TRUE;1;Expert term: 'Divers Bembidion';
car_136;species_confusion;794295;Bembidion iricolor;794296;Bembidion lunulatum;1;TRUE;2;;
car_137;species_confusion;794295;Bembidion iricolor;794292;Bembidion aeneum;1;TRUE;2;;
car_138;species_confusion;794295;Bembidion iricolor;794296;Bembidion lunulatum;1;TRUE;2;;
car_139;reporting_rule;794295;Bembidion iricolor;189823;Bembidion;1;TRUE;1;Expert term: 'Divers Bembidion';
car_140;species_confusion;794305;Bembidion jacqueti;794304;Bembidion glaciale;1;TRUE;2;;
car_141;species_confusion;794305;Bembidion jacqueti;795261;Bembidion magellense;1;TRUE;2;;
car_142;species_confusion;794305;Bembidion jacqueti;795219;Bembidion pyrenaeum;1;TRUE;3;;
car_143;reporting_rule;794305;Bembidion jacqueti;189823;Bembidion;1;TRUE;1;Expert term: 'Divers Bembidion';
car_144;species_confusion;8632;Bembidion lampros;8628;Bembidion properans;1;TRUE;3;;
car_145;reporting_rule;8632;Bembidion lampros;189823;Bembidion;1;TRUE;1;Expert term: 'Divers Bembidion';
car_146;species_confusion;794284;Bembidion latinum;794280;Bembidion deletum;1;TRUE;2;;
car_147;reporting_rule;794284;Bembidion latinum;189823;Bembidion;1;TRUE;1;Expert term: 'Divers Bembidion';
car_148;species_confusion;794296;Bembidion lunulatum;794295;Bembidion iricolor;1;TRUE;2;;
car_149;species_confusion;794296;Bembidion lunulatum;794292;Bembidion aeneum;1;TRUE;2;;
car_150;species_confusion;794296;Bembidion lunulatum;794293;Bembidion biguttatum;1;TRUE;2;;
car_151;reporting_rule;794296;Bembidion lunulatum;189823;Bembidion;1;TRUE;1;Expert term: 'Divers Bembidion';
car_152;reporting_rule;794297;Bembidion mannerheimii;189823;Bembidion;1;TRUE;1;Expert term: 'Divers Bembidion';
car_153;species_confusion;794297;Bembidion mannerheimii;794294;Bembidion guttula;1;TRUE;3;;
car_154;reporting_rule;8639;Bembidion obtusum;189823;Bembidion;1;TRUE;1;Expert term: 'Divers Bembidion';
car_155;species_confusion;8639;Bembidion obtusum;794298;Bembidion tethys;1;TRUE;2;;
car_156;reporting_rule;8628;Bembidion properans;189823;Bembidion;1;TRUE;1;Expert term: 'Divers Bembidion';
car_157;species_confusion;8628;Bembidion properans;8632;Bembidion lampros;1;TRUE;3;;
car_158;species_confusion;795219;Bembidion pyrenaeum;794304;Bembidion glaciale;1;TRUE;2;;
car_159;species_confusion;795219;Bembidion pyrenaeum;795261;Bembidion magellense;1;TRUE;2;;
car_160;species_confusion;795219;Bembidion pyrenaeum;794305;Bembidion jacqueti;1;TRUE;2;;
car_161;reporting_rule;795219;Bembidion pyrenaeum;189823;Bembidion;1;TRUE;1;Expert term: 'Divers Bembidion';
car_162;species_confusion;795401;Bembidion pyrenaeum poenini;794304;Bembidion glaciale;1;TRUE;2;;
car_163;species_confusion;795401;Bembidion pyrenaeum poenini;795261;Bembidion magellense;1;TRUE;2;;
car_164;species_confusion;795401;Bembidion pyrenaeum poenini;794305;Bembidion jacqueti;1;TRUE;2;;
car_165;reporting_rule;795401;Bembidion pyrenaeum poenini;189823;Bembidion;1;TRUE;1;Expert term: 'Divers Bembidion';
car_166;species_confusion;8617;Bembidion quadrimaculatum;8627;Bembidion quadripustulatum;1;TRUE;1;;
car_167;reporting_rule;8617;Bembidion quadrimaculatum;189823;Bembidion;1;TRUE;1;Expert term: 'Divers Bembidion';
car_168;species_confusion;794298;Bembidion tethys;8639;Bembidion obtusum;1;TRUE;2;;
car_169;reporting_rule;794298;Bembidion tethys;189823;Bembidion;1;TRUE;1;Expert term: 'Divers Bembidion';
car_170;species_confusion;780498;Bembidion tetracolum;794289;Bembidion distinguendum;1;TRUE;2;;
car_171;species_confusion;780498;Bembidion tetracolum;780495;Bembidion bruxellense;1;TRUE;2;;
car_172;reporting_rule;780498;Bembidion tetracolum;189823;Bembidion;1;TRUE;1;Expert term: 'Divers Bembidion';
car_174;species_confusion;9277;Brachinus crepitans;9278;Brachinus explodens;1;TRUE;2;;
car_175;reporting_rule;9277;Brachinus crepitans;190000;Brachinus;1;TRUE;1;Expert term: 'Divers Brachinus';
car_176;species_confusion;223048;Brachinus elegans Chaudoir, 1842;9280;Brachinus psophia;1;TRUE;2;Expert term: 'Femelles uniquement';
car_177;reporting_rule;223048;Brachinus elegans Chaudoir, 1842;190000;Brachinus;1;TRUE;1;Expert term: 'Divers Brachinus';
car_178;reporting_rule;9278;Brachinus explodens;190000;Brachinus;1;TRUE;1;Expert term: 'Divers Brachinus';
car_179;species_confusion;9278;Brachinus explodens;9277;Brachinus crepitans;1;TRUE;2;;
car_180;reporting_rule;9280;Brachinus psophia;190000;Brachinus;1;TRUE;1;Expert term: 'Divers Brachinus';
car_181;species_confusion;9280;Brachinus psophia;223048;Brachinus elegans;1;TRUE;2;Expert term: 'Femelles uniquement';
car_184;reporting_rule;222430;Bradycellus caucasicus;190032;Bradycellus;1;TRUE;2;Expert term: 'Autres Bradycellus';
car_185;reporting_rule;9342;Bradycellus harpalinus;190032;Bradycellus;1;TRUE;2;Expert term: 'Autres Bradycellus';
car_188;species_confusion;222356;Calathus cinctus;8784;Calathus melanocephalus;1;TRUE;3;Expert term: 'Surtout pour les femelles';
car_189;species_confusion;222356;Calathus cinctus;8785;Calathus mollis;1;TRUE;3;Expert term: 'Surtout pour les femelles';
car_190;reporting_rule;8780;Calathus circumseptus;190174;Calathus;1;TRUE;1;Expert term: 'Autres Calathus';
car_191;species_confusion;8780;Calathus circumseptus;222358;Calathus rotundicollis;1;TRUE;2;;
car_192;species_confusion;8782;Calathus fuscipes;8783;Calathus luctuosus;1;TRUE;1;;
car_193;species_confusion;8783;Calathus luctuosus;8782;Calathus fuscipes;1;TRUE;1;;
car_194;species_confusion;8784;Calathus melanocephalus;222356;Calathus cinctus;1;TRUE;3;Expert term: 'Surtout pour les femelles';
car_195;species_confusion;8784;Calathus melanocephalus;8785;Calathus mollis;1;TRUE;3;Expert term: 'Surtout pour les femelles';
car_196;reporting_rule;222357;Calathus micropterus;190174;Calathus;1;TRUE;1;Expert term: 'Autres Calathus';
car_197;species_confusion;8785;Calathus mollis;8784;Calathus melanocephalus;1;TRUE;3;Expert term: 'Surtout pour les femelles';
car_198;species_confusion;8785;Calathus mollis;222356;Calathus cinctus;1;TRUE;3;Expert term: 'Surtout pour les femelles';
car_199;species_confusion;222358;Calathus rotundicollis;8780;Calathus circumseptus;1;TRUE;2;;
car_200;reporting_rule;222358;Calathus rotundicollis;190174;Calathus;1;TRUE;1;Expert term: 'Autres Calathus';
car_208;species_confusion;223019;Carabus baudii;223022;Carabus pedemontanus;1;TRUE;2;;
car_209;species_confusion;223019;Carabus baudii;8408;Carabus concolor;1;TRUE;2;;
car_210;species_confusion;223019;Carabus baudii;223020;Carabus fairmairei;1;TRUE;2;;
car_217;species_confusion;8386;Carabus granulatus;8356;Carabus arvensis;1;TRUE;1;;
car_220;species_confusion;8402;Carabus monilis;8356;Carabus arvensis;1;TRUE;1;;
car_222;species_confusion;8428;Carabus problematicus;8439;Carabus violaceus;1;TRUE;1;;
car_224;species_confusion;8439;Carabus violaceus;8428;Carabus problematicus;1;TRUE;1;;
car_225;species_confusion;8441;Carabus violaceus purpurascens;8428;Carabus problematicus;1;TRUE;1;;
car_227;reporting_rule;9376;Chlaenius chrysocephalus;190711;Chlaenius;1;TRUE;2;Expert term: 'Autres Chlaenius';
car_228;reporting_rule;9380;Chlaenius nigricornis;190711;Chlaenius;1;TRUE;2;Expert term: 'Autres Chlaenius';
car_229;reporting_rule;9385;Chlaenius olivieri;190711;Chlaenius;1;TRUE;2;Expert term: 'Autres Chlaenius';
car_230;reporting_rule;794337;Chlaenius tibialis;190711;Chlaenius;1;TRUE;2;Expert term: 'Autres Chlaenius';
car_231;reporting_rule;9389;Chlaenius vestitus;190711;Chlaenius;1;TRUE;1;Expert term: 'Autres Chlaenius';
car_233;species_confusion;8321;Cicindela campestris;223044;Cicindela maroccana;1;TRUE;1;Expert term: 'Dépend de la région';
car_234;species_confusion;8324;Cicindela gallica;223045;Cicindela sylvicola;1;TRUE;1;;
car_236;species_confusion;8549;Clivina collaris;8548;Clivina fossor;1;TRUE;2;;
car_237;species_confusion;8548;Clivina fossor;8549;Clivina collaris;1;TRUE;2;;
car_244;reporting_rule;9167;Cymindis abeillei;191439;Cymindis;1;TRUE;2;Expert term: 'Autres Cymindis';
car_245;reporting_rule;9168;Cymindis axillaris;191439;Cymindis;1;TRUE;2;Expert term: 'Autres Cymindis';
car_246;reporting_rule;9169;Cymindis coadunata;191439;Cymindis;1;TRUE;2;Expert term: 'Autres Cymindis';
car_247;reporting_rule;250868;Cymindis etrusca etrusca;191439;Cymindis;1;TRUE;2;Expert term: 'Autres Cymindis';
car_248;reporting_rule;9170;Cymindis humeralis;191439;Cymindis;1;TRUE;2;Expert term: 'Autres Cymindis';
car_249;reporting_rule;9172;Cymindis scapularis;191439;Cymindis;1;TRUE;2;Expert term: 'Autres Cymindis';
car_250;reporting_rule;9173;Cymindis vaporariorum;191439;Cymindis;1;TRUE;2;Expert term: 'Autres Cymindis';
car_252;species_confusion;9435;Demetrias atricapillus;222337;Demetrias monostigma;1;TRUE;1;;
car_258;reporting_rule;794227;Dyschirius aeneus;192002;Dyschirius;1;TRUE;2;Expert term: 'Autres Dyschirius';
car_259;reporting_rule;8558;Dyschirius globosus;192002;Dyschirius;1;TRUE;2;Expert term: 'Autres Dyschirius';
car_260;reporting_rule;794235;Dyschirius tristis;192002;Dyschirius;1;TRUE;3;Expert term: 'Autres Dyschirius';
car_264;reporting_rule;222449;Harpalus affinis;193094;Harpalus;1;TRUE;2;Expert term: 'Autres Harpalus';
car_265;reporting_rule;9298;Harpalus anxius;193094;Harpalus;1;TRUE;2;Expert term: 'Autres Harpalus';
car_266;reporting_rule;9299;Harpalus atratus;193094;Harpalus;1;TRUE;2;Expert term: 'Autres Harpalus';
car_267;reporting_rule;9300;Harpalus attenuatus;193094;Harpalus;1;TRUE;2;Expert term: 'Autres Harpalus';
car_268;reporting_rule;9303;Harpalus bellieri;193094;Harpalus;1;TRUE;2;Expert term: 'Autres Harpalus';
car_269;reporting_rule;222450;Harpalus cupreus;193094;Harpalus;1;TRUE;2;Expert term: 'Autres Harpalus';
car_270;reporting_rule;222451;Harpalus decipiens;193094;Harpalus;1;TRUE;2;Expert term: 'Autres Harpalus';
car_271;reporting_rule;9304;Harpalus dimidiatus;193094;Harpalus;1;TRUE;2;Expert term: 'Autres Harpalus';
car_272;reporting_rule;222447;Harpalus dispar;193094;Harpalus;1;TRUE;2;Expert term: 'Autres Harpalus';
car_273;reporting_rule;9306;Harpalus distinguendus;193094;Harpalus;1;TRUE;2;Expert term: 'Autres Harpalus';
car_274;reporting_rule;9309;Harpalus honestus;193094;Harpalus;1;TRUE;2;Expert term: 'Autres Harpalus';
car_275;reporting_rule;222455;Harpalus laevipes;193094;Harpalus;1;TRUE;2;Expert term: 'Autres Harpalus';
car_276;reporting_rule;9311;Harpalus latus;193094;Harpalus;1;TRUE;2;Expert term: 'Autres Harpalus';
car_277;reporting_rule;222456;Harpalus luteicornis;193094;Harpalus;1;TRUE;2;Expert term: 'Autres Harpalus';
car_278;reporting_rule;9318;Harpalus neglectus;193094;Harpalus;1;TRUE;2;Expert term: 'Autres Harpalus';
car_279;reporting_rule;9320;Harpalus oblitus;193094;Harpalus;1;TRUE;2;Expert term: 'Autres Harpalus';
car_280;reporting_rule;222448;Harpalus punctatostriatus;193094;Harpalus;1;TRUE;2;Expert term: 'Autres Harpalus';
car_281;reporting_rule;9322;Harpalus punctipennis;193094;Harpalus;1;TRUE;2;Expert term: 'Autres Harpalus';
car_282;reporting_rule;9325;Harpalus pygmaeus;193094;Harpalus;1;TRUE;2;Expert term: 'Autres Harpalus';
car_283;reporting_rule;9327;Harpalus rubripes;193094;Harpalus;1;TRUE;2;Expert term: 'Autres Harpalus';
car_284;reporting_rule;222460;Harpalus rufipalpis;193094;Harpalus;1;TRUE;2;Expert term: 'Autres Harpalus';
car_285;reporting_rule;9310;Harpalus serripes;193094;Harpalus;1;TRUE;2;Expert term: 'Autres Harpalus';
car_286;reporting_rule;222462;Harpalus solitaris;193094;Harpalus;1;TRUE;2;Expert term: 'Autres Harpalus';
car_287;reporting_rule;9315;Harpalus sulphuripes;193094;Harpalus;1;TRUE;2;Expert term: 'Autres Harpalus';
car_288;reporting_rule;9316;Harpalus tardus;193094;Harpalus;1;TRUE;2;Expert term: 'Autres Harpalus';
car_289;reporting_rule;222449;Harpalus affinis;203287;Cryptophonus;1;TRUE;1;Expert term: 'Autres Cryptophonus';
car_290;reporting_rule;9298;Harpalus anxius;203287;Cryptophonus;1;TRUE;1;Expert term: 'Autres Cryptophonus';
car_291;reporting_rule;9299;Harpalus atratus;203287;Cryptophonus;1;TRUE;1;Expert term: 'Autres Cryptophonus';
car_292;reporting_rule;9300;Harpalus attenuatus;203287;Cryptophonus;1;TRUE;1;Expert term: 'Autres Cryptophonus';
car_293;reporting_rule;9303;Harpalus bellieri;203287;Cryptophonus;1;TRUE;1;Expert term: 'Autres Cryptophonus';
car_294;reporting_rule;222450;Harpalus cupreus;203287;Cryptophonus;1;TRUE;1;Expert term: 'Autres Cryptophonus';
car_295;reporting_rule;222451;Harpalus decipiens;203287;Cryptophonus;1;TRUE;1;Expert term: 'Autres Cryptophonus';
car_296;reporting_rule;9304;Harpalus dimidiatus;203287;Cryptophonus;1;TRUE;1;Expert term: 'Autres Cryptophonus';
car_297;reporting_rule;222447;Harpalus dispar;203287;Cryptophonus;1;TRUE;1;Expert term: 'Autres Cryptophonus';
car_298;reporting_rule;9306;Harpalus distinguendus;203287;Cryptophonus;1;TRUE;1;Expert term: 'Autres Cryptophonus';
car_299;reporting_rule;9309;Harpalus honestus;203287;Cryptophonus;1;TRUE;1;Expert term: 'Autres Cryptophonus';
car_300;reporting_rule;222455;Harpalus laevipes;203287;Cryptophonus;1;TRUE;1;Expert term: 'Autres Cryptophonus';
car_301;reporting_rule;9311;Harpalus latus;203287;Cryptophonus;1;TRUE;1;Expert term: 'Autres Cryptophonus';
car_302;reporting_rule;222456;Harpalus luteicornis;203287;Cryptophonus;1;TRUE;1;Expert term: 'Autres Cryptophonus';
car_303;reporting_rule;9318;Harpalus neglectus;203287;Cryptophonus;1;TRUE;1;Expert term: 'Autres Cryptophonus';
car_304;reporting_rule;9320;Harpalus oblitus;203287;Cryptophonus;1;TRUE;1;Expert term: 'Autres Cryptophonus';
car_305;reporting_rule;222448;Harpalus punctatostriatus;203287;Cryptophonus;1;TRUE;1;Expert term: 'Autres Cryptophonus';
car_306;reporting_rule;9322;Harpalus punctipennis;203287;Cryptophonus;1;TRUE;1;Expert term: 'Autres Cryptophonus';
car_307;reporting_rule;9325;Harpalus pygmaeus;203287;Cryptophonus;1;TRUE;1;Expert term: 'Autres Cryptophonus';
car_308;reporting_rule;9327;Harpalus rubripes;203287;Cryptophonus;1;TRUE;1;Expert term: 'Autres Cryptophonus';
car_309;reporting_rule;222460;Harpalus rufipalpis;203287;Cryptophonus;1;TRUE;1;Expert term: 'Autres Cryptophonus';
car_310;reporting_rule;9310;Harpalus serripes;203287;Cryptophonus;1;TRUE;1;Expert term: 'Autres Cryptophonus';
car_311;reporting_rule;222462;Harpalus solitaris;203287;Cryptophonus;1;TRUE;1;Expert term: 'Autres Cryptophonus';
car_312;reporting_rule;9315;Harpalus sulphuripes;203287;Cryptophonus;1;TRUE;1;Expert term: 'Autres Cryptophonus';
car_313;reporting_rule;9316;Harpalus tardus;203287;Cryptophonus;1;TRUE;1;Expert term: 'Autres Cryptophonus';
car_315;reporting_rule;222362;Laemostenus angustatus;193791;Laemostenus;1;TRUE;2;Expert term: 'Autres Laemostenus';
car_316;reporting_rule;222363;Laemostenus carinatus;193791;Laemostenus;1;TRUE;2;Expert term: 'Autres Laemostenus';
car_317;reporting_rule;8798;Laemostenus janthinus;193791;Laemostenus;1;TRUE;2;Expert term: 'Autres Laemostenus';
car_318;reporting_rule;222366;Laemostenus oblongus;193791;Laemostenus;1;TRUE;2;Expert term: 'Autres Laemostenus';
car_322;reporting_rule;8497;Leistus fulvibarbis;193931;Leistus;1;TRUE;1;Expert term:'Autres Leistus';
car_323;reporting_rule;8502;Leistus rufomarginatus;193931;Leistus;1;TRUE;1;Expert term:'Autres Leistus';
car_324;reporting_rule;8503;Leistus spinibarbis;193931;Leistus;1;TRUE;1;Expert term:'Autres Leistus';
car_326;reporting_rule;222515;Licinus cassideus;194120;Licinus;1;TRUE;2;Expert term:'Autres Licinus';
car_328;species_confusion;222516;Licinus punctatulus;9368;Licinus silphoides;1;TRUE;2;;
car_329;species_confusion;9368;Licinus silphoides;222516;Licinus punctatulus;1;TRUE;2;;
car_333;reporting_rule;222330;Microlestes abeillei;194730;Microlestes;1;TRUE;2;Expert term:'Autres Microlestes (surtout femelles)';
car_334;reporting_rule;222332;Microlestes fulvibasis;194730;Microlestes;1;TRUE;2;Expert term:'Autres Microlestes (surtout femelles)';
car_335;reporting_rule;222335;Microlestes luctuosus;194730;Microlestes;1;TRUE;2;Expert term:'Autres Microlestes (surtout femelles)';
car_336;reporting_rule;222336;Microlestes maurus;194730;Microlestes;1;TRUE;2;Expert term:'Autres Microlestes (surtout femelles)';
car_337;reporting_rule;9419;Microlestes minutulus;194730;Microlestes;1;TRUE;2;Expert term:'Autres Microlestes (surtout femelles)';
car_341;species_confusion;8506;Nebria brevicollis;8520;Nebria salina;1;TRUE;3;;
car_342;species_confusion;8507;Nebria castanea;795210;Nebria picea;1;TRUE;3;;
car_343;reporting_rule;8507;Nebria castanea;195094;Nebria;1;TRUE;2;Expert term:'Autres Nebria (Oreonebria)';
car_344;reporting_rule;1010250;Nebria lafresnayei;195094;Nebria;1;TRUE;2;Expert term:'Autres Nebria (Nebria)';
car_345;reporting_rule;795210;Nebria picea;195094;Nebria;1;TRUE;2;Expert term:'Autres Nebria (Oreonebria)';
car_346;species_confusion;795210;Nebria picea;8507;Nebria castanea;1;TRUE;3;;
car_347;species_confusion;8520;Nebria salina;8506;Nebria brevicollis;1;TRUE;3;;
car_349;reporting_rule;223008;Notiophilus aestuans;195267;Notiophilus;1;TRUE;2;Expert term:'Autres Notiophilus';
car_350;species_confusion;223008;Notiophilus aestuans;8525;Notiophilus aquaticus;1;TRUE;3;;
car_351;species_confusion;8525;Notiophilus aquaticus;223008;Notiophilus aestuans;1;TRUE;3;;
car_352;reporting_rule;8525;Notiophilus aquaticus;195267;Notiophilus;1;TRUE;2;Expert term:'Autres Notiophilus';
car_353;reporting_rule;8526;Notiophilus biguttatus;195267;Notiophilus;1;TRUE;1;Expert term:'Autres Notiophilus';
car_354;species_confusion;8526;Notiophilus biguttatus;8531;Notiophilus quadripunctatus;1;TRUE;2;;
car_355;species_confusion;8526;Notiophilus biguttatus;8532;Notiophilus rufipes;1;TRUE;2;;
car_356;species_confusion;8526;Notiophilus biguttatus;8533;Notiophilus substriatus;1;TRUE;2;;
car_357;reporting_rule;223010;Notiophilus germinyi;195267;Notiophilus;1;TRUE;1;Expert term:'Autres Notiophilus';
car_358;species_confusion;223010;Notiophilus germinyi;8525;Notiophilus aquaticus;1;TRUE;2;;
car_359;species_confusion;223010;Notiophilus germinyi;223008;Notiophilus aestuans;1;TRUE;2;;
car_360;species_confusion;223010;Notiophilus germinyi;8528;Notiophilus palustris;1;TRUE;3;;
car_361;reporting_rule;8528;Notiophilus palustris;195267;Notiophilus;1;TRUE;1;Expert term:'Autres Notiophilus';
car_362;species_confusion;8528;Notiophilus palustris;8525;Notiophilus aquaticus;1;TRUE;2;;
car_363;species_confusion;8528;Notiophilus palustris;223008;Notiophilus aestuans;1;TRUE;2;;
car_364;species_confusion;8528;Notiophilus palustris;223010;Notiophilus germinyi;1;TRUE;3;;
car_365;reporting_rule;8531;Notiophilus quadripunctatus;195267;Notiophilus;1;TRUE;1;Expert term:'Autres Notiophilus';
car_366;species_confusion;8531;Notiophilus quadripunctatus;8526;Notiophilus biguttatus;1;TRUE;2;;
car_367;species_confusion;8531;Notiophilus quadripunctatus;8532;Notiophilus rufipes;1;TRUE;1;;
car_368;species_confusion;8531;Notiophilus quadripunctatus;8533;Notiophilus substriatus;1;TRUE;1;;
car_369;reporting_rule;8532;Notiophilus rufipes;195267;Notiophilus;1;TRUE;1;Expert term:'Autres Notiophilus';
car_370;species_confusion;8532;Notiophilus rufipes;8526;Notiophilus biguttatus;1;TRUE;2;;
car_371;species_confusion;8532;Notiophilus rufipes;8533;Notiophilus substriatus;1;TRUE;2;;
car_372;reporting_rule;8533;Notiophilus substriatus;195267;Notiophilus;1;TRUE;1;Expert term:'Autres Notiophilus';
car_373;species_confusion;8533;Notiophilus substriatus;8526;Notiophilus biguttatus;1;TRUE;2;;
car_374;species_confusion;8533;Notiophilus substriatus;8532;Notiophilus rufipes;1;TRUE;1;;
car_375;species_confusion;8533;Notiophilus substriatus;8531;Notiophilus quadripunctatus;1;TRUE;1;;
car_377;reporting_rule;222473;Ophonus ardosiacus;195495;Ophonus;1;TRUE;2;Expert term:'Autres Ophonus';
car_378;reporting_rule;222478;Ophonus azureus;195495;Ophonus;1;TRUE;2;Expert term:'Autres Ophonus';
car_379;reporting_rule;222479;Ophonus cribricollis;195495;Ophonus;1;TRUE;3;Expert term:'Autres Ophonus';
car_380;reporting_rule;222486;Ophonus laticollis;195495;Ophonus;1;TRUE;3;Expert term:'Autres Ophonus';
car_381;reporting_rule;222489;Ophonus puncticeps;195495;Ophonus;1;TRUE;3;Expert term:'Autres Ophonus';
car_382;reporting_rule;222492;Ophonus schaubergerianus;195495;Ophonus;1;TRUE;3;Expert term:'Autres Ophonus';
car_383;reporting_rule;222482;Ophonus subquadratus;195495;Ophonus;1;TRUE;3;Expert term:'Autres Ophonus';
car_387;species_confusion;222532;Panagaeus bipustulatus;222533;Panagaeus cruxmajor;1;TRUE;3;;
car_388;rtu_confusion;203273;Pangus;188756;Acinopus;1;TRUE;1;;
car_389;reporting_rule;222444;Pangus scaritides;188756;Acinopus;1;TRUE;1;;
car_390;rtu_confusion;203314;Paradromius;191963;Dromius;1;TRUE;1;;
car_391;species_confusion;222329;Paradromius linearis;222328;Paradromius longiceps;1;TRUE;1;;
car_392;rtu_confusion;203298;Paranchus;203396;Sinechostictus;1;TRUE;1;Expert term:'Autres Sinechostictus';
car_393;rtu_confusion;222375;Paranchus albipes;203396;Sinechostictus;1;TRUE;1;Expert term:'Autres Sinechostictus';
car_394;rtu_confusion;203326;Parophonus;195495;Ophonus;1;TRUE;1;;
car_395;species_confusion;222441;Parophonus maculicornis;203326;Parophonus mendax;1;TRUE;1;;
car_396;rtu_confusion;222441;Parophonus maculicornis;195495;Ophonus;1;TRUE;1;;
car_397;species_confusion;222441;Parophonus maculicornis;222468;Semiophonus signaticornis;1;TRUE;1;;
car_399;species_confusion;222538;Pedius longicollis;9069;Abacetus salzmanni;1;TRUE;1;;
car_402;species_confusion;9163;Percus reichei;NA;Percus villae;1;TRUE;2;;
car_403;species_confusion;222610;Percus strictus;9161;Percus grandicollis;1;TRUE;2;;
car_406;reporting_rule;222352;Platyderus depressus;196385;Platyderus;1;TRUE;2;Expert term:'Autres Platyderus selon la région';
car_409;species_confusion;222539;Poecilus cupreus;222545;Poecilus kugelanni;1;TRUE;2;;
car_410;species_confusion;222539;Poecilus cupreus;222541;Poecilus versicolor;1;TRUE;3;;
car_411;reporting_rule;222545;Poecilus kugelanni;203304;Poecilus;1;TRUE;2;Expert term:'Autres Poecilus';
car_412;species_confusion;222545;Poecilus kugelanni;795439;Poecilus sericeus desbrochersi;1;TRUE;3;;
car_413;reporting_rule;222546;Poecilus lepidus;203304;Poecilus;1;TRUE;2;Expert term:'Autres Poecilus';
car_414;reporting_rule;250931;Poecilus lepidus gressorius;203304;Poecilus;1;TRUE;2;Expert term:'Autres Poecilus';
car_415;reporting_rule;222550;Poecilus purpurascens;196898;Pterostichus;1;TRUE;3;;
car_416;species_confusion;222547;Poecilus sericeus;222545;Poecilus kugelanni;1;TRUE;3;;
car_417;reporting_rule;222547;Poecilus sericeus;203304;Poecilus;1;TRUE;2;Expert term:'Autres Poecilus';
car_418;species_confusion;795439;Poecilus sericeus desbrochersi;222545;Poecilus kugelanni;1;TRUE;3;;
car_419;reporting_rule;795439;Poecilus sericeus desbrochersi;203304;Poecilus;1;TRUE;2;Expert term:'Autres Poecilus';
car_420;species_confusion;222541;Poecilus versicolor;222545;Poecilus kugelanni;1;TRUE;2;;
car_421;species_confusion;222541;Poecilus versicolor;222539;Poecilus cupreus;1;TRUE;3;;
car_423;species_confusion;222291;Polistichus connexus;222292;Polistichus fasciolatus;1;TRUE;1;;
car_424;rtu_confusion;203363;Pseudoophonus;193094;Harpalus;1;TRUE;1;;
car_425;reporting_rule;222465;Pseudoophonus griseus;203363;Pseudoophonus;1;TRUE;2;Expert term:'Autres Pseudoophonus';
car_426;rtu_confusion;222465;Pseudoophonus griseus;193094;Harpalus;1;TRUE;1;Expert term:'Autres Harpalus';
car_427;reporting_rule;222466;Pseudoophonus rufipes;203363;Pseudoophonus;1;TRUE;1;Expert term:'Autres Pseudoophonus';
car_428;rtu_confusion;222466;Pseudoophonus rufipes;193094;Harpalus;1;TRUE;1;Expert term:'Autres Harpalus';
car_430;reporting_rule;222563;Pterostichus abaxoides;196898;Pterostichus;1;TRUE;2;Expert term:'Autres Pterostichus (Cryobius)';
car_431;reporting_rule;9073;Pterostichus ambiguus;196898;Pterostichus;1;TRUE;2;Expert term:'Autres Pterostichus (Pterostichus)';
car_432;species_confusion;222559;Pterostichus anthracinus;222560;Pterostichus nigrita;1;TRUE;3;;
car_433;reporting_rule;222559;Pterostichus anthracinus;196898;Pterostichus;1;TRUE;2;Expert term:'Autres Pterostichus (Pseudomaseus)';
car_434;species_confusion;9112;Pterostichus bicolor;222604;Pterostichus xatartii;1;TRUE;2;;
car_435;reporting_rule;9112;Pterostichus bicolor;196898;Pterostichus;1;TRUE;1;Expert term:'Autres Pterostichus (Oreophilus)';
car_437;reporting_rule;222568;Pterostichus colasi;196898;Pterostichus;1;TRUE;2;Expert term:'Autres Pterostichus (Cryobius)';
car_438;reporting_rule;9078;Pterostichus cristatus;196898;Pterostichus;1;TRUE;2;Expert term:'Autres Pterostichus (Pterostichus)';
car_439;species_confusion;9085;Pterostichus diligens;222552;Pterostichus ovoideus;1;TRUE;2;;
car_440;reporting_rule;9085;Pterostichus diligens;196898;Pterostichus;1;TRUE;1;Expert term:'Autres Pterostichus';
car_441;species_confusion;9085;Pterostichus diligens;9103;Pterostichus strenuus;1;TRUE;3;;
car_442;reporting_rule;250999;Pterostichus dufourii dufourii;196898;Pterostichus;1;TRUE;3;Expert term:'Autres Pterostichus';
car_443;reporting_rule;9114;Pterostichus externepunctatus;196898;Pterostichus;1;TRUE;1;Expert term:'Autres Pterostichus (Oreophilus)';
car_444;reporting_rule;222585;Pterostichus funestes;196898;Pterostichus;1;TRUE;3;Expert term:'Autres Pterostichus (Pterostichus)';
car_445;species_confusion;222578;Pterostichus gallega;222580;Pterostichus validus;1;TRUE;2;Expert term:'Dépend de la région';
car_446;species_confusion;222578;Pterostichus gallega;222579;Pterostichus madidus;1;TRUE;2;;
car_447;reporting_rule;9095;Pterostichus honnoratii;196898;Pterostichus;1;TRUE;2;Expert term:'Autres Pterostichus (Pterostichus)';
car_448;reporting_rule;222575;Pterostichus infimus;196898;Pterostichus;1;TRUE;2;Expert term:'Autres Pterostichus (Cryobius)';
car_449;reporting_rule;222556;Pterostichus macer;196898;Pterostichus;1;TRUE;2;Expert term:'Autres Pterostichus';
car_450;species_confusion;222579;Pterostichus madidus;222578;Pterostichus gallega;1;TRUE;2;Expert term:'Dépend de la région';
car_451;species_confusion;222579;Pterostichus madidus;222580;Pterostichus validus;1;TRUE;2;Expert term:'Dépend de la région';
car_452;reporting_rule;222558;Pterostichus melanarius;196898;Pterostichus;1;TRUE;1;Expert term:'Autres Pterostichus';
car_453;reporting_rule;9089;Pterostichus minor;196898;Pterostichus;1;TRUE;2;Expert term:'Autres Pterostichus (Pseudomaseus)';
car_454;reporting_rule;9119;Pterostichus morio;196898;Pterostichus;1;TRUE;2;Expert term:'Autres Pterostichus (Oreophilus)';
car_455;reporting_rule;251011;Pterostichus morio baudii;196898;Pterostichus;1;TRUE;2;Expert term:'Autres Pterostichus (Oreophilus)';
car_456;reporting_rule;222602;Pterostichus multipunctatus;196898;Pterostichus;1;TRUE;1;Expert term:'Autres Pterostichus (Oreophilus)';
car_457;reporting_rule;222557;Pterostichus niger;196898;Pterostichus;1;TRUE;1;Expert term:'Autres Pterostichus';
car_458;reporting_rule;222560;Pterostichus nigrita;196898;Pterostichus;1;TRUE;2;Expert term:'Autres Pterostichus (Pseudomaseus)';
car_459;species_confusion;222560;Pterostichus nigrita;222559;Pterostichus anthracinus;1;TRUE;3;;
car_460;reporting_rule;9100;Pterostichus oblongopunctatus;196898;Pterostichus;1;TRUE;1;Expert term:'Autres Pterostichus';
car_461;reporting_rule;222552;Pterostichus ovoideus;196898;Pterostichus;1;TRUE;1;Expert term:'Autres Pterostichus';
car_462;species_confusion;222552;Pterostichus ovoideus;9103;Pterostichus strenuus;1;TRUE;2;;
car_463;species_confusion;222552;Pterostichus ovoideus;9085;Pterostichus diligens;1;TRUE;2;;
car_464;reporting_rule;222569;Pterostichus pumilio;196898;Pterostichus;1;TRUE;2;Expert term:'Autres Pterostichus (Cryobius)';
car_465;reporting_rule;222606;Pterostichus selmanni;196898;Pterostichus;1;TRUE;1;Expert term:'Autres Pterostichus';
car_466;reporting_rule;9103;Pterostichus strenuus;196898;Pterostichus;1;TRUE;1;Expert term:'Autres Pterostichus';
car_467;species_confusion;9103;Pterostichus strenuus;222552;Pterostichus ovoideus;1;TRUE;2;;
car_468;species_confusion;9103;Pterostichus strenuus;9085;Pterostichus diligens;1;TRUE;3;;
car_469;reporting_rule;222570;Pterostichus unctulatus;196898;Pterostichus;1;TRUE;2;Expert term:'Autres Pterostichus (Cryobius)';
car_470;reporting_rule;9136;Pterostichus vernalis;196898;Pterostichus;1;TRUE;1;Expert term:'Autres Pterostichus';
car_471;species_confusion;9136;Pterostichus vernalis;9134;Pterostichus cursor;1;TRUE;1;;
car_472;reporting_rule;222604;Pterostichus xatartii;196898;Pterostichus;1;TRUE;1;Expert term:'Autres Pterostichus (Oreophilus)';
car_473;species_confusion;222604;Pterostichus xatartii;9112;Pterostichus bicolor;1;TRUE;2;;
car_474;reporting_rule;203475;Scybalicus;195495;Ophonus;1;TRUE;1;Expert term:'Divers Ophonus';
car_475;reporting_rule;222412;Scybalicus oblongiusculus;195495;Ophonus;1;TRUE;1;Expert term:'Divers Ophonus';
car_477;reporting_rule;222468;Semiophonus signaticornis;195495;Ophonus;1;TRUE;1;;
car_478;rtu_confusion;222468;Semiophonus signaticornis;203326;Parophonus;1;TRUE;1;;
car_484;reporting_rule;8239;Syntomus foveatus;198153;Syntomus;1;TRUE;2;Expert term:'Autres Syntomus';
car_485;reporting_rule;222315;Syntomus obscuroguttatus;198153;Syntomus;1;TRUE;1;Expert term:'Autres Syntomus';
car_486;reporting_rule;8237;Syntomus truncatellus;198153;Syntomus;1;TRUE;2;Expert term:'Autres Syntomus';
car_487;rtu_confusion;198155;Synuchus;195409;Olisthopus;1;TRUE;1;;
car_488;rtu_confusion;222351;Synuchus vivalis;195409;Olisthopus;1;TRUE;1;;
car_490;reporting_rule;8700;Tachys bistriatus;198181;Tachys;1;TRUE;2;Expert term:'Autres Tachys';
car_492;reporting_rule;222829;Tachyura parvula;198185;Tachyura;1;TRUE;2;Expert term:'Autres Tachyura';
car_495;reporting_rule;8728;Trechus obtusus;198563;Trechus;1;TRUE;1;Expert term:'Autres Trechus';
car_496;species_confusion;8728;Trechus obtusus;8729;Trechus quadristriatus;1;TRUE;3;;
car_497;reporting_rule;276748;Trechus pertyi;198563;Trechus;1;TRUE;1;Expert term:'Autres Trechus';
car_498;species_confusion;8729;Trechus quadristriatus;8728;Trechus obtusus;1;TRUE;3;;
car_499;reporting_rule;8729;Trechus quadristriatus;198563;Trechus;1;TRUE;1;Expert term:'Autres Trechus';
car_500;reporting_rule;8730;Trechus rufulus;198563;Trechus;1;TRUE;1;Expert term:'Autres Trechus';
car_502;reporting_rule;8253;Trichotichnus laevicollis;198622;Trichotichnus;1;TRUE;2;Expert term:'Autres Trichotichnus';
car_503;reporting_rule;8254;Trichotichnus nitens;198622;Trichotichnus;1;TRUE;2;Expert term:'Autres Trichotichnus';
ara_001;reporting_rule;1774;Agroeca brunnea (Blackwall, 1833);188904;Agroeca Westring, 1861;1;TRUE;2;Expert term:'genre compliqué';
ara_002;reporting_rule;1777;Agroeca inopina O. Pickard-Cambridge, 1886;188904;Agroeca Westring, 1861;1;TRUE;2;Expert term:'genre compliqué';
ara_003;reporting_rule;1778;Agroeca lusatica (L. Koch, 1875);188904;Agroeca Westring, 1861;1;TRUE;2;Expert term:'genre compliqué';
ara_004;reporting_rule;1779;Agroeca proxima (O. Pickard-Cambridge, 1871);188904;Agroeca Westring, 1861;1;TRUE;2;Expert term:'genre compliqué';
ara_005;reporting_rule;806878;Agyneta affinis (Kulczy?ski, 1898);202417;Agyneta Hull, 1911;1;TRUE;2;Expert term:'genre compliqué';
ara_006;reporting_rule;303092;Agyneta decora (O. Pickard-Cambridge, 1871);202417;Agyneta Hull, 1911;1;TRUE;2;Expert term:'genre compliqué';
ara_007;reporting_rule;806880;Agyneta fuscipalpa (C. L. Koch, 1836);202417;Agyneta Hull, 1911;1;TRUE;2;Expert term:'genre compliqué';
ara_008;reporting_rule;806883;Agyneta mollis (O. Pickard-Cambridge, 1871);202417;Agyneta Hull, 1911;1;TRUE;2;Expert term:'genre compliqué';
ara_009;reporting_rule;806886;Agyneta pseudorurestris Wunderlich, 1980;202417;Agyneta Hull, 1911;1;TRUE;2;Expert term:'genre compliqué';
ara_010;reporting_rule;806888;Agyneta rurestris (C. L. Koch, 1836);202417;Agyneta Hull, 1911;1;TRUE;2;Expert term:'genre compliqué';
ara_011;reporting_rule;806889;Agyneta saxatilis (Blackwall, 1844);202417;Agyneta Hull, 1911;1;TRUE;2;Expert term:'genre compliqué';
ara_012;reporting_rule;806890;Agyneta simplicitarsis (Simon, 1884);202417;Agyneta Hull, 1911;1;TRUE;2;Expert term:'genre compliqué';
ara_013;species_confusion;806888;Agyneta rurestris (C. L. Koch, 1836);806886;Agyneta pseudorurestris Wunderlich, 1980;1;TRUE;1;Expert term:'rurestris/pseudorurestris';
ara_014;species_confusion;806886;Agyneta pseudorurestris Wunderlich, 1980;806888;Agyneta rurestris (C. L. Koch, 1836);1;TRUE;1;Expert term:'rurestris/pseudorurestris';
ara_015;reporting_rule;1894;Alopecosa albofasciata (Brullé, 1832);188992;Alopecosa Simon, 1885;1;TRUE;2;Expert term:'genre compliqué';
ara_016;reporting_rule;233868;Alopecosa barbipes (Sundevall, 1833);188992;Alopecosa Simon, 1885;1;TRUE;2;Expert term:'genre compliqué';
ara_017;reporting_rule;1896;Alopecosa cuneata (Clerck, 1758);188992;Alopecosa Simon, 1885;1;TRUE;2;Expert term:'genre compliqué';
ara_018;reporting_rule;887090;Alopecosa farinosa (Herman, 1879);188992;Alopecosa Simon, 1885;1;TRUE;2;Expert term:'genre compliqué';
ara_019;reporting_rule;1897;Alopecosa pulverulenta (Clerck, 1758);188992;Alopecosa Simon, 1885;1;TRUE;2;Expert term:'genre compliqué';
ara_020;reporting_rule;1899;Alopecosa striatipes (C.L. Koch, 1839);188992;Alopecosa Simon, 1885;1;TRUE;2;Expert term:'genre compliqué';
ara_021;reporting_rule;#N/A;Alopecosa taeniata (C. L. Koch 1835);188992;Alopecosa Simon, 1885;1;TRUE;2;Expert term:'genre compliqué';
ara_022;reporting_rule;1898;Alopecosa trabalis (Clerck, 1758);188992;Alopecosa Simon, 1885;1;TRUE;2;Expert term:'genre compliqué';
ara_023;reporting_rule;1437;Bathyphantes gracilis (Blackwall, 1841);189775;Bathyphantes Menge, 1866;1;TRUE;2;Expert term:'genre compliqué';
ara_024;reporting_rule;1438;Bathyphantes parvulus (Westring, 1851);189775;Bathyphantes Menge, 1866;1;TRUE;2;Expert term:'genre compliqué';
ara_025;rtu_confusion;233633;Macrargus rufus (Wider, 1834);1392;Centromerita bicolor (Blackwall, 1833);1;TRUE;3;;
ara_026;reporting_rule;836055;Centromerus brevipalpus (Menge, 1866);190453;Centromerus Dahl, 1886;1;TRUE;2;Expert term:'genre compliqué';
ara_027;reporting_rule;233491;Centromerus capucinus (Simon, 1884);190453;Centromerus Dahl, 1886;1;TRUE;2;Expert term:'genre compliqué';
ara_028;reporting_rule;233493;Centromerus cinctus (Simon, 1884);190453;Centromerus Dahl, 1886;1;TRUE;2;Expert term:'genre compliqué';
ara_029;reporting_rule;1378;Centromerus dilutus (O. Pickard-Cambridge, 1875);190453;Centromerus Dahl, 1886;1;TRUE;2;Expert term:'genre compliqué';
ara_030;reporting_rule;233496;Centromerus incilium (L. Koch, 1881);190453;Centromerus Dahl, 1886;1;TRUE;2;Expert term:'genre compliqué';
ara_031;reporting_rule;458708;Centromerus phoceorum Simon, 1929;190453;Centromerus Dahl, 1886;1;TRUE;2;Expert term:'genre compliqué';
ara_032;reporting_rule;1379;Centromerus prudens (O. Pickard-Cambridge, 1873);190453;Centromerus Dahl, 1886;1;TRUE;2;Expert term:'genre compliqué';
ara_033;reporting_rule;233501;Centromerus sellarius (Simon, 1884);190453;Centromerus Dahl, 1886;1;TRUE;2;Expert term:'genre compliqué';
ara_034;reporting_rule;233502;Centromerus serratus (O. Pickard-Cambridge, 1875);190453;Centromerus Dahl, 1886;1;TRUE;2;Expert term:'genre compliqué';
ara_035;reporting_rule;303181;Centromerus silvicola (Kulczy?ski, 1887);190453;Centromerus Dahl, 1886;1;TRUE;2;Expert term:'genre compliqué';
ara_036;reporting_rule;233503;Centromerus sinus (Simon, 1884);190453;Centromerus Dahl, 1886;1;TRUE;2;Expert term:'genre compliqué';
ara_037;reporting_rule;233504;Centromerus succinus (Simon, 1884);190453;Centromerus Dahl, 1886;1;TRUE;2;Expert term:'genre compliqué';
ara_038;reporting_rule;1377;Centromerus sylvaticus (Blackwall, 1841);190453;Centromerus Dahl, 1886;1;TRUE;2;Expert term:'genre compliqué';
ara_039;species_confusion;1736;Clubiona neglecta O. Pickard-Cambridge, 1862;233244;Clubiona pseudoneglecta Wunderlich, 1994;1;TRUE;2;;
ara_040;species_confusion;1306;Crustulina guttata (Wider, 1834);457282;Crustulina scabripes Simon, 1881;1;TRUE;2;Expert term:'guttata/scabripes';
ara_041;reporting_rule;233248;Cybaeus tetricus (C.L. Koch, 1839);191384;Cybaeus L. Koch, 1868;1;TRUE;2;Expert term:'genre moyennement compliqué';
ara_042;reporting_rule;233524;Diplocephalus cristatus (Blackwall, 1833);202431;Diplocephalus Bertkau, 1883;1;TRUE;2;Expert term:'genre compliqué';
ara_043;reporting_rule;233527;Diplocephalus graecus (O. Pickard-Cambridge, 1873);202431;Diplocephalus Bertkau, 1883;1;TRUE;2;Expert term:'genre compliqué';
ara_044;reporting_rule;233529;Diplocephalus latifrons (O. Pickard-Cambridge, 1863);202431;Diplocephalus Bertkau, 1883;1;TRUE;2;Expert term:'genre compliqué';
ara_045;reporting_rule;233533;Diplocephalus picinus (Blackwall, 1841);202431;Diplocephalus Bertkau, 1883;1;TRUE;2;Expert term:'genre compliqué';
ara_046;reporting_rule;1176;Drassodes pubescens (Thorell, 1856);191950;Drassodes;1;TRUE;2;Expert term:'moyennement facile';
ara_047;reporting_rule;234093;Enoplognatha diversa (Blackwall, 1859);192179;Enoplognatha Pavesi, 1880;1;TRUE;2;Expert term:'genre compliqué';
ara_048;reporting_rule;234094;Enoplognatha gemina Bosmans & Van Keer, 1999;192179;Enoplognatha Pavesi, 1880;1;TRUE;2;Expert term:'genre compliqué';
ara_049;reporting_rule;1326;Enoplognatha mandibularis (Lucas, 1846);192179;Enoplognatha Pavesi, 1880;1;TRUE;2;Expert term:'genre compliqué';
ara_050;reporting_rule;1323;Enoplognatha thoracica (Hahn, 1833);192179;Enoplognatha Pavesi, 1880;1;TRUE;2;Expert term:'genre compliqué';
ara_051;reporting_rule;233550;Entelecara omissa O. Pickard-Cambridge, 1902;202472;Entelecara Simon, 1884;1;TRUE;2;Expert term:'genre compliqué';
ara_052;reporting_rule;233978;Euophrys frontalis (Walckenaer, 1802);202530;Euophrys C.L. Koch, 1835;1;TRUE;2;Expert term:'compliqué ++++';
ara_053;reporting_rule;233327;Gnaphosa bicolor (Hahn, 1833);192859;Gnaphosa Latreille, 1804;1;TRUE;2;Expert term:'genre pas facile';
ara_054;reporting_rule;1229;Gnaphosa lugubris (C.L. Koch, 1839);192859;Gnaphosa Latreille, 1804;1;TRUE;2;Expert term:'genre pas facile';
ara_055;reporting_rule;1873;Hahnia helveola Simon, 1875;193027;Hahnia C. L. Koch, 1841;1;TRUE;2;Expert term:'genre compliqué';
ara_056;reporting_rule;1872;Hahnia nava (Blackwall, 1841);193027;Hahnia C. L. Koch, 1841;1;TRUE;2;Expert term:'genre compliqué';
ara_057;reporting_rule;1878;Hahnia ononidum Simon, 1875;193027;Hahnia C. L. Koch, 1841;1;TRUE;2;Expert term:'genre compliqué';
ara_058;reporting_rule;1874;Hahnia pusilla C.L. Koch, 1841;193027;Hahnia C. L. Koch, 1841;1;TRUE;2;Expert term:'genre compliqué';
ara_059;species_confusion;907604;Haplodrassus rufipes (Lucas, 1846);1184;Haplodrassus dalmatensis (L. Koch, 1866);1;TRUE;2;Expert term:'rufipes/dalmatensis';
ara_060;species_confusion;1184;Haplodrassus dalmatensis (L. Koch, 1866);907604;Haplodrassus rufipes (Lucas, 1846);1;TRUE;2;Expert term:'rufipes/dalmatensis';
ara_061;species_confusion;233285;Harpactea lepida (C.L. Koch, 1838);233281;Harpactea arguta (Simon, 1907);1;TRUE;2;Expert term:'avec Harpactea arguta';
ara_062;species_confusion;233281;Harpactea arguta (Simon, 1907);233285;Harpactea lepida (C.L. Koch, 1838);1;TRUE;2;Expert term:'avec Harpactea lepida';
ara_063;reporting_rule;1157;Harpactocrates drassoides (Simon, 1882);193092;Harpactocrates;1;TRUE;2;Expert term:'moyennement facile';
ara_064;reporting_rule;2091;Heliophanus cupreus (Walckenaer, 1802);193148;Heliophanus C. L. Koch, 1833;1;TRUE;2;Expert term:'moyennement facile';
ara_065;reporting_rule;2092;Heliophanus flavipes (Hahn, 1832);193148;Heliophanus C. L. Koch, 1833;1;TRUE;2;Expert term:'moyennement facile';
ara_066;reporting_rule;2095;Heliophanus tribulosus Simon, 1869;193148;Heliophanus C. L. Koch, 1833;1;TRUE;2;Expert term:'moyennement facile';
ara_067;reporting_rule;#N/A;Howaia mogera (Yaginuma 1972);#N/A;Howaia;1;TRUE;3;Expert term:'compliqué ++++';
ara_068;reporting_rule;233440;Leptoneta crypticola Simon, 1907;194022;Leptoneta Simon, 1873;1;TRUE;2;Expert term:'famille compliquée';
ara_069;reporting_rule;1002034;Marinarozelotes fuscipes (L. Koch, 1866);1002031;Marinarozelotes Ponomarev, 2020;1;TRUE;2;Expert term:'genre compliqué';
ara_070;reporting_rule;233660;Metopobactrus verticalis (Simon, 1881);194679;Metopobactrus Simon, 1884;1;TRUE;2;Expert term:'cf nadigii';
ara_071;reporting_rule;233349;Micaria aenea Thorell, 1871;194695;Micaria Westring, 1851;1;TRUE;2;Expert term:'genre compliqué';
ara_072;reporting_rule;233350;Micaria albovittata (Lucas, 1846);194695;Micaria Westring, 1851;1;TRUE;2;Expert term:'genre compliqué';
ara_073;reporting_rule;1802;Micaria alpina L. Koch, 1872;194695;Micaria Westring, 1851;1;TRUE;2;Expert term:'genre compliqué';
ara_074;reporting_rule;1791;Micaria formicaria (Sundevall, 1831);194695;Micaria Westring, 1851;1;TRUE;2;Expert term:'genre compliqué';
ara_075;reporting_rule;1794;Micaria fulgens (Walckenaer, 1802);194695;Micaria Westring, 1851;1;TRUE;2;Expert term:'genre compliqué';
ara_076;reporting_rule;938619;Micaria micans (Blackwall, 1858);194695;Micaria Westring, 1851;1;TRUE;2;Expert term:'genre compliqué';
ara_077;reporting_rule;233354;Micaria pallipes (Lucas, 1846);194695;Micaria Westring, 1851;1;TRUE;2;Expert term:'genre compliqué';
ara_078;reporting_rule;2042;Neon reticulatus (Blackwall, 1853);195151;Neon Simon, 1876;1;TRUE;1;Expert term:'moyennement facile';
ara_079;reporting_rule;1463;Neriene clathrata (Sundevall, 1830);195186;Neriene Blackwall, 1833;1;TRUE;2;Expert term:'genre compliqué';
ara_080;reporting_rule;1465;Neriene furtiva (O. Pickard-Cambridge, 1871);195186;Neriene Blackwall, 1833;1;TRUE;2;Expert term:'genre compliqué';
ara_081;reporting_rule;1466;Neriene montana (Clerck, 1758);195186;Neriene Blackwall, 1833;1;TRUE;2;Expert term:'genre compliqué';
ara_082;reporting_rule;1468;Neriene radiata (Walckenaer, 1841);195186;Neriene Blackwall, 1833;1;TRUE;2;Expert term:'genre compliqué';
ara_083;reporting_rule;457273;Oonops domesticus Dalmas, 1916;195465;Oonops Templeton, 1835;1;TRUE;3;Expert term:'compliqué ++++';
ara_084;reporting_rule;234152;Ozyptila atomaria (Panzer, 1800);202569;Ozyptila Simon, 1864;1;TRUE;1;Expert term:'moyennement facile';
ara_085;reporting_rule;234156;Ozyptila claveata (Walckenaer, 1837);202569;Ozyptila Simon, 1864;1;TRUE;1;Expert term:'moyennement facile';
ara_086;reporting_rule;234161;Ozyptila praticola (C.L. Koch, 1837);202569;Ozyptila Simon, 1864;1;TRUE;1;Expert term:'moyennement facile';
ara_087;reporting_rule;234163;Ozyptila sanctuaria (O. Pickard-Cambridge, 1871);202569;Ozyptila Simon, 1864;1;TRUE;1;Expert term:'moyennement facile';
ara_088;reporting_rule;234165;Ozyptila simplex (O. Pickard-Cambridge, 1862);202569;Ozyptila Simon, 1864;1;TRUE;1;Expert term:'moyennement facile';
ara_089;reporting_rule;234166;Ozyptila trux (Blackwall, 1846);202569;Ozyptila Simon, 1864;1;TRUE;1;Expert term:'moyennement facile';
ara_090;reporting_rule;233694;Palliduphantes alutacius (Simon, 1884);202383;Palliduphantes Saaristo & Tanasevitch, 2001;1;TRUE;2;Expert term:'genre compliqué';
ara_091;reporting_rule;233695;Palliduphantes angustiformis (Simon, 1884);202383;Palliduphantes Saaristo & Tanasevitch, 2001;1;TRUE;2;Expert term:'genre compliqué';
ara_092;reporting_rule;233697;Palliduphantes cebennicus (Simon, 1929);202383;Palliduphantes Saaristo & Tanasevitch, 2001;1;TRUE;2;Expert term:'genre compliqué';
ara_093;reporting_rule;233699;Palliduphantes cernuus (Simon, 1884);202383;Palliduphantes Saaristo & Tanasevitch, 2001;1;TRUE;2;Expert term:'genre compliqué';
ara_094;reporting_rule;233700;Palliduphantes culicinus (Simon, 1884);202383;Palliduphantes Saaristo & Tanasevitch, 2001;1;TRUE;2;Expert term:'genre compliqué';
ara_095;reporting_rule;233702;Palliduphantes ericaeus (Blackwall, 1853);202383;Palliduphantes Saaristo & Tanasevitch, 2001;1;TRUE;2;Expert term:'genre compliqué';
ara_096;reporting_rule;233704;Palliduphantes insignis (O. Pickard-Cambridge, 1913);202383;Palliduphantes Saaristo & Tanasevitch, 2001;1;TRUE;2;Expert term:'genre compliqué';
ara_097;reporting_rule;233709;Palliduphantes pallidus (O. Pickard-Cambridge, 1871);202383;Palliduphantes Saaristo & Tanasevitch, 2001;1;TRUE;2;Expert term:'genre compliqué';
ara_098;reporting_rule;233710;Palliduphantes sanctivincenti (Simon, 1873);202383;Palliduphantes Saaristo & Tanasevitch, 2001;1;TRUE;2;Expert term:'genre compliqué';
ara_099;reporting_rule;458715;Panamomops mutilus (Denis, 1962);202388;Panamomops Simon, 1884;1;TRUE;2;Expert term:'genre compliqué';
ara_100;reporting_rule;233713;Panamomops sulcifrons (Wider, 1834);202388;Panamomops Simon, 1884;1;TRUE;2;Expert term:'genre compliqué';
ara_101;species_confusion;1928;Pardosa monticola (Clerck, 1758);1926;Pardosa agrestis (Westring, 1861);1;TRUE;2;Expert term:'monticola/blanda/agrestris/agricola';
ara_102;species_confusion;1926;Pardosa agrestis (Westring, 1861);1925;Pardosa agricola (Thorell, 1856);1;TRUE;2;Expert term:'monticola/blanda/agrestris/agricola';
ara_103;species_confusion;1928;Pardosa monticola (Clerck, 1758);1925;Pardosa agricola (Thorell, 1856);1;TRUE;2;Expert term:'monticola/blanda/agrestris/agricola';
ara_104;species_confusion;1926;Pardosa agrestis (Westring, 1861);303952;Pardosa blanda (C.L. Koch, 1833);1;TRUE;2;Expert term:'monticola/blanda/agrestris/agricola';
ara_105;species_confusion;1928;Pardosa monticola (Clerck, 1758);303952;Pardosa blanda (C.L. Koch, 1833);1;TRUE;2;Expert term:'monticola/blanda/agrestris/agricola';
ara_106;species_confusion;1929;Pardosa proxima (C.L. Koch, 1847);233880;Pardosa cribrata Simon, 1876;1;TRUE;2;Expert term:'tenuipes/proxima/cribata';
ara_107;species_confusion;907035;Pardosa tenuipes L. Koch, 1882;233880;Pardosa cribrata Simon, 1876;1;TRUE;2;Expert term:'tenuipes/proxima/cribata';
ara_108;species_confusion;457342;Pardosa saltans Töpfer-Hofmann, 2000;1930;Pardosa lugubris (Walckenaer, 1802);1;TRUE;2;Expert term:'saltans/lugubris';
ara_109;species_confusion;1926;Pardosa agrestis (Westring, 1861);1928;Pardosa monticola (Clerck, 1758);1;TRUE;2;Expert term:'monticola/blanda/agrestris/agricola';
ara_110;species_confusion;1922;Pardosa pullata (Clerck, 1758);457340;Pardosa prativaga (L. Koch, 1870);1;TRUE;2;Expert term:'prativa/pullata/pyrenaica';
ara_111;species_confusion;458721;Pardosa pyrenaica Kronestedt, 2007;457340;Pardosa prativaga (L. Koch, 1870);1;TRUE;2;Expert term:'prativa/pullata/pyrenaica';
ara_112;species_confusion;233880;Pardosa cribrata Simon, 1876;1929;Pardosa proxima (C.L. Koch, 1847);1;TRUE;2;Expert term:'tenuipes/proxima/cribata';
ara_113;species_confusion;907035;Pardosa tenuipes L. Koch, 1882;1929;Pardosa proxima (C.L. Koch, 1847);1;TRUE;2;Expert term:'tenuipes/proxima/cribata';
ara_114;species_confusion;457340;Pardosa prativaga (L. Koch, 1870);1922;Pardosa pullata (Clerck, 1758);1;TRUE;2;Expert term:'prativa/pullata/pyrenaica';
ara_115;species_confusion;458721;Pardosa pyrenaica Kronestedt, 2007;1922;Pardosa pullata (Clerck, 1758);1;TRUE;2;Expert term:'prativa/pullata/pyrenaica';
ara_116;species_confusion;457340;Pardosa prativaga (L. Koch, 1870);458721;Pardosa pyrenaica Kronestedt, 2007;1;TRUE;2;Expert term:'prativa/pullata/pyrenaica';
ara_117;species_confusion;1922;Pardosa pullata (Clerck, 1758);458721;Pardosa pyrenaica Kronestedt, 2007;1;TRUE;2;Expert term:'prativa/pullata/pyrenaica';
ara_118;species_confusion;1930;Pardosa lugubris (Walckenaer, 1802);457342;Pardosa saltans Töpfer-Hofmann, 2000;1;TRUE;2;Expert term:'saltans/lugubris';
ara_119;species_confusion;233880;Pardosa cribrata Simon, 1876;907035;Pardosa tenuipes L. Koch, 1882;1;TRUE;2;Expert term:'tenuipes/proxima/cribata';
ara_120;species_confusion;1929;Pardosa proxima (C.L. Koch, 1847);907035;Pardosa tenuipes L. Koch, 1882;1;TRUE;2;Expert term:'tenuipes/proxima/cribata';
ara_121;species_confusion;1680;Philodromus rufus Walckenaer, 1826;233938;Philodromus albidus KulczyÅ„ski, 1911;1;TRUE;2;Expert term:'rufus/albidus';
ara_122;species_confusion;1676;Philodromus dispar Walckenaer, 1826;196110;Philodromus Walckenaer, 1826;1;TRUE;3;Expert term:'compliqué ++++';
ara_123;species_confusion;1680;Philodromus rufus Walckenaer, 1826;196110;Philodromus Walckenaer, 1826;1;TRUE;3;Expert term:'compliqué ++++';
ara_124;reporting_rule;1786;Phrurolithus festivus (C.L. Koch, 1835);196174;Phrurolithus C. L. Koch, 1840;1;TRUE;2;Expert term:'moyennement facile';
ara_125;reporting_rule;1787;Phrurolithus minimus C.L. Koch, 1839;196174;Phrurolithus C. L. Koch, 1840;1;TRUE;2;Expert term:'moyennement facile';
ara_126;reporting_rule;1788;Phrurolithus nigrinus (Simon, 1878);196174;Phrurolithus C. L. Koch, 1840;1;TRUE;2;Expert term:'moyennement facile';
ara_127;reporting_rule;233733;Pocadicnemis jacksoni Millidge, 1976;196468;Pocadicnemis Simon, 1884;1;TRUE;2;Expert term:'moyennement facile';
ara_128;reporting_rule;233734;Pocadicnemis juncea Locket & Millidge, 1953;196468;Pocadicnemis Simon, 1884;1;TRUE;2;Expert term:'moyennement facile';
ara_129;reporting_rule;233735;Pocadicnemis pumila (Blackwall, 1841);196468;Pocadicnemis Simon, 1884;1;TRUE;2;Expert term:'moyennement facile';
ara_130;reporting_rule;#N/A;Porrhoclubiona decora (Blackwall 1859);928305;Porrhoclubiona Lohmander, 1944;1;TRUE;2;;
ara_131;reporting_rule;233740;Porrhomma egeria Simon, 1884;903303;Porrhomma cavicola Simon, 1884;1;TRUE;2;Expert term:'genre compliqué';
ara_132;reporting_rule;233741;Porrhomma microphthalmum (O. Pickard-Cambridge, 1871);903303;Porrhomma cavicola Simon, 1884;1;TRUE;2;Expert term:'genre compliqué';
ara_133;reporting_rule;1383;Porrhomma pygmaeum (Blackwall, 1834);903303;Porrhomma cavicola Simon, 1884;1;TRUE;2;Expert term:'genre compliqué';
ara_134;species_confusion;304636;Robertus mediterraneus Eskov, 1987;1335;Robertus lividus (Blackwall, 1836);1;TRUE;2;;
ara_135;species_confusion;1335;Robertus lividus (Blackwall, 1836);304636;Robertus mediterraneus Eskov, 1987;1;TRUE;2;Expert term:'lividus/medit';
ara_136;reporting_rule;1781;Scotina celans (Blackwall, 1841);197533;Scotina Menge, 1873;1;TRUE;1;Expert term:'genre moyennement facile';
ara_137;reporting_rule;1782;Scotina gracilipes (Blackwall, 1859);197533;Scotina Menge, 1873;1;TRUE;1;Expert term:'genre moyennement facile';
ara_138;reporting_rule;233864;Scotina palliardii (L. Koch, 1881);197533;Scotina Menge, 1873;1;TRUE;1;Expert term:'genre moyennement facile';
ara_139;reporting_rule;234039;Sibianor aurocinctus (Ohlert, 1865);202540;Sibianor Logunov, 2001;1;TRUE;2;Expert term:'genre compliqué';
ara_140;reporting_rule;233757;Silometopus bonessi Casemir, 1970;197658;Silometopus Simon, 1926;1;TRUE;2;Expert term:'genre compliqué';
ara_141;reporting_rule;233757;Silometopus curtus (Simon, 1881);197658;Silometopus Simon, 1926;1;TRUE;2;Expert term:'genre compliqué';
ara_142;reporting_rule;233773;Tapinocyba insecta (L. Koch, 1869);198218;Tapinocyba Simon, 1884;1;TRUE;2;Expert term:'genre compliqué';
ara_143;reporting_rule;233775;Tapinocyba pallens (O. Pickard-Cambridge, 1873);198218;Tapinocyba Simon, 1884;1;TRUE;2;Expert term:'genre compliqué';
ara_144;reporting_rule;1492;Tapinocyba praecox (O. Pickard-Cambridge, 1873);198218;Tapinocyba Simon, 1884;1;TRUE;2;Expert term:'genre compliqué';
ara_145;reporting_rule;233781;Tenuiphantes flavipes (Blackwall, 1854);202451;Tenuiphantes Menge, 1866;1;TRUE;2;Expert term:'genre compliqué';
ara_146;reporting_rule;233782;Tenuiphantes herbicola (Simon, 1884);202451;Tenuiphantes Menge, 1866;1;TRUE;2;Expert term:'genre compliqué';
ara_147;reporting_rule;233783;Tenuiphantes mengei (Kulczy?ski, 1887);202451;Tenuiphantes Menge, 1866;1;TRUE;2;Expert term:'genre compliqué';
ara_148;reporting_rule;233786;Tenuiphantes tenebricola (Wider, 1834);202451;Tenuiphantes Menge, 1866;1;TRUE;2;Expert term:'genre compliqué';
ara_149;reporting_rule;233787;Tenuiphantes tenuis (Blackwall, 1852);202451;Tenuiphantes Menge, 1866;1;TRUE;2;Expert term:'genre compliqué';
ara_150;reporting_rule;233788;Tenuiphantes zimmermanni (Bertkau, 1890);202451;Tenuiphantes Menge, 1866;1;TRUE;2;Expert term:'genre compliqué';
ara_151;reporting_rule;457386;Thanatus arenarius L. Koch in Thorell, 1872;198365;Thanatus C.L. Koch, 1837;1;TRUE;1;Expert term:'moyennement facile';
ara_152;reporting_rule;233953;Thanatus atratus Simon, 1875;198365;Thanatus C.L. Koch, 1837;1;TRUE;1;Expert term:'moyennement facile';
ara_153;reporting_rule;1689;Thanatus formicinus (Clerck, 1758);198365;Thanatus C.L. Koch, 1837;1;TRUE;1;Expert term:'moyennement facile';
ara_154;reporting_rule;457387;Thanatus vulgaris Simon, 1870;198365;Thanatus C.L. Koch, 1837;1;TRUE;1;Expert term:'moyennement facile';
ara_155;reporting_rule;234139;Theridion melanurum Hahn, 1831;198400;Theridion Walckenaer, 1805;1;TRUE;2;Expert term:'genre compliqué';
ara_156;reporting_rule;304684;Theridion uhligi Martin, 1974;198400;Theridion Walckenaer, 1805;1;TRUE;2;Expert term:'genre compliqué';
ara_157;reporting_rule;233894;Trochosa hispanica Simon, 1870;198691;Trochosa C.L. Koch, 1848;1;TRUE;2;Expert term:'genre compliqué';
ara_158;reporting_rule;457346;Trochosa robusta (Simon, 1876);198691;Trochosa C.L. Koch, 1848;1;TRUE;2;Expert term:'genre compliqué';
ara_159;reporting_rule;233895;Trochosa ruricola (De Geer, 1778);198691;Trochosa C.L. Koch, 1848;1;TRUE;2;Expert term:'genre compliqué';
ara_160;reporting_rule;1941;Trochosa terricola Thorell, 1856;198691;Trochosa C.L. Koch, 1848;1;TRUE;2;Expert term:'genre compliqué';
ara_161;reporting_rule;458717;Typhochrestus bogarti Bosmans, 1990;202349;Typhochrestus Simon, 1884;1;TRUE;1;Expert term:'moyennement facile';
ara_162;reporting_rule;233827;Walckenaeria acuminata Blackwall, 1833;202334;Walckenaeria Blackwall, 1833;1;TRUE;2;Expert term:'genre compliqué';
ara_163;reporting_rule;233829;Walckenaeria antica (Wider, 1834);202334;Walckenaeria Blackwall, 1833;1;TRUE;2;Expert term:'genre compliqué';
ara_164;reporting_rule;233830;Walckenaeria atrotibialis (O. Pickard-Cambridge, 1878);202334;Walckenaeria Blackwall, 1833;1;TRUE;2;Expert term:'genre compliqué';
ara_165;reporting_rule;233831;Walckenaeria capito (Westring, 1861);202334;Walckenaeria Blackwall, 1833;1;TRUE;2;Expert term:'genre compliqué';
ara_166;reporting_rule;233832;Walckenaeria corniculans (O. Pickard-Cambridge, 1875);202334;Walckenaeria Blackwall, 1833;1;TRUE;2;Expert term:'genre compliqué';
ara_167;reporting_rule;233833;Walckenaeria cucullata (C.L. Koch, 1836);202334;Walckenaeria Blackwall, 1833;1;TRUE;2;Expert term:'genre compliqué';
ara_168;reporting_rule;233834;Walckenaeria cuspidata Blackwall, 1833;202334;Walckenaeria Blackwall, 1833;1;TRUE;2;Expert term:'genre compliqué';
ara_169;reporting_rule;457315;Walckenaeria dalmasi (Simon, 1915);202334;Walckenaeria Blackwall, 1833;1;TRUE;2;Expert term:'genre compliqué';
ara_170;reporting_rule;233837;Walckenaeria dysderoides (Wider, 1834);202334;Walckenaeria Blackwall, 1833;1;TRUE;2;Expert term:'genre compliqué';
ara_171;reporting_rule;233838;Walckenaeria erythrina (Simon, 1884);202334;Walckenaeria Blackwall, 1833;1;TRUE;2;Expert term:'genre compliqué';
ara_172;reporting_rule;233839;Walckenaeria furcillata (Menge, 1869);202334;Walckenaeria Blackwall, 1833;1;TRUE;2;Expert term:'genre compliqué';
ara_173;reporting_rule;233843;Walckenaeria mitrata (Menge, 1868);202334;Walckenaeria Blackwall, 1833;1;TRUE;2;Expert term:'genre compliqué';
ara_174;reporting_rule;233844;Walckenaeria monoceros (Wider, 1834);202334;Walckenaeria Blackwall, 1833;1;TRUE;2;Expert term:'genre compliqué';
ara_175;reporting_rule;233847;Walckenaeria obtusa Blackwall, 1836;202334;Walckenaeria Blackwall, 1833;1;TRUE;2;Expert term:'genre compliqué';
ara_176;reporting_rule;233852;Walckenaeria vigilax (Blackwall, 1853);202334;Walckenaeria Blackwall, 1833;1;TRUE;2;Expert term:'genre compliqué';
ara_177;reporting_rule;922;Xerolycosa miniata (C.L. Koch, 1834);199076;Xerolycosa Dahl, 1908;1;TRUE;2;Expert term:'genre compliqué';
ara_178;reporting_rule;921;Xerolycosa nemoralis (Westring, 1861);199076;Xerolycosa Dahl, 1908;1;TRUE;2;Expert term:'genre compliqué';
ara_179;species_confusion;1640;Xysticus cristatus (Clerck, 1758);1641;Xysticus audax (Schrank, 1803);1;TRUE;2;Expert term:'audax/cristatus/ferrugineus';
ara_180;species_confusion;1642;Xysticus ferrugineus Menge, 1876;1641;Xysticus audax (Schrank, 1803);1;TRUE;2;Expert term:'audax/cristatus/ferrugineus';
ara_181;species_confusion;1641;Xysticus audax (Schrank, 1803);1640;Xysticus cristatus (Clerck, 1758);1;TRUE;2;Expert term:'audax/cristatus/ferrugineus';
ara_182;species_confusion;1642;Xysticus ferrugineus Menge, 1876;1640;Xysticus cristatus (Clerck, 1758);1;TRUE;2;Expert term:'audax/cristatus/ferrugineus';
ara_183;species_confusion;1641;Xysticus audax (Schrank, 1803);1642;Xysticus ferrugineus Menge, 1876;1;TRUE;2;Expert term:'audax/cristatus/ferrugineus';
ara_184;species_confusion;1640;Xysticus cristatus (Clerck, 1758);1642;Xysticus ferrugineus Menge, 1876;1;TRUE;2;Expert term:'audax/cristatus/ferrugineus';
ara_185;species_confusion;1664;Xysticus luctuosus (Blackwall, 1836);234176;Xysticus kempeleni Thorell, 1872;1;TRUE;2;Expert term:'kempeleni/luctuosus';
ara_186;species_confusion;234176;Xysticus kempeleni Thorell, 1872;1664;Xysticus luctuosus (Blackwall, 1836);1;TRUE;2;Expert term:'kempeleni/luctuosus';
ara_187;species_confusion;233389;Zelotes atrocaeruleus (Simon, 1878);1202;Zelotes apricorum (L. Koch, 1876);1;TRUE;2;Expert term:'apricorum/atrocaeruleus/gallicus/oblongus';
ara_188;species_confusion;233404;Zelotes gallicus Simon, 1914;1202;Zelotes apricorum (L. Koch, 1876);1;TRUE;2;Expert term:'apricorum/atrocaeruleus/gallicus/oblongus';
ara_189;species_confusion;233417;Zelotes oblongus (C.L. Koch, 1833);1202;Zelotes apricorum (L. Koch, 1876);1;TRUE;2;Expert term:'apricorum/atrocaeruleus/gallicus/oblongus';
ara_190;species_confusion;1202;Zelotes apricorum (L. Koch, 1876);233389;Zelotes atrocaeruleus (Simon, 1878);1;TRUE;2;Expert term:'apricorum/atrocaeruleus/gallicus/oblongus';
ara_191;species_confusion;233404;Zelotes gallicus Simon, 1914;233389;Zelotes atrocaeruleus (Simon, 1878);1;TRUE;2;Expert term:'apricorum/atrocaeruleus/gallicus/oblongus';
ara_192;species_confusion;233417;Zelotes oblongus (C.L. Koch, 1833);233389;Zelotes atrocaeruleus (Simon, 1878);1;TRUE;2;Expert term:'apricorum/atrocaeruleus/gallicus/oblongus';
ara_193;species_confusion;1202;Zelotes apricorum (L. Koch, 1876);233404;Zelotes gallicus Simon, 1914;1;TRUE;2;Expert term:'apricorum/atrocaeruleus/gallicus/oblongus';
ara_194;species_confusion;233389;Zelotes atrocaeruleus (Simon, 1878);233404;Zelotes gallicus Simon, 1914;1;TRUE;2;Expert term:'apricorum/atrocaeruleus/gallicus/oblongus';
ara_195;species_confusion;233417;Zelotes oblongus (C.L. Koch, 1833);233404;Zelotes gallicus Simon, 1914;1;TRUE;2;Expert term:'apricorum/atrocaeruleus/gallicus/oblongus';
ara_196;reporting_rule;1202;Zelotes apricorum (L. Koch, 1876);199129;Zelotes Gistel, 1848;1;TRUE;2;Expert term:'genre compliqué';
ara_197;reporting_rule;233389;Zelotes atrocaeruleus (Simon, 1878);199129;Zelotes Gistel, 1848;1;TRUE;2;Expert term:'genre compliqué';
ara_198;reporting_rule;1201;Zelotes electus (C.L. Koch, 1839);199129;Zelotes Gistel, 1848;1;TRUE;2;Expert term:'genre compliqué';
ara_199;reporting_rule;233401;Zelotes fulvopilosus (Simon, 1878);199129;Zelotes Gistel, 1848;1;TRUE;2;Expert term:'genre compliqué';
ara_200;reporting_rule;233404;Zelotes gallicus Simon, 1914;199129;Zelotes Gistel, 1848;1;TRUE;2;Expert term:'genre compliqué';
ara_201;reporting_rule;1204;Zelotes latreillei (Simon, 1878);199129;Zelotes Gistel, 1848;1;TRUE;2;Expert term:'genre compliqué';
ara_202;reporting_rule;1205;Zelotes longipes (L. Koch, 1866);199129;Zelotes Gistel, 1848;1;TRUE;2;Expert term:'genre compliqué';
ara_203;reporting_rule;233417;Zelotes oblongus (C.L. Koch, 1833);199129;Zelotes Gistel, 1848;1;TRUE;2;Expert term:'genre compliqué';
ara_204;reporting_rule;1207;Zelotes petrensis (C.L. Koch, 1839);199129;Zelotes Gistel, 1848;1;TRUE;2;Expert term:'genre compliqué';
ara_205;reporting_rule;233425;Zelotes talpinus (L. Koch, 1872);199129;Zelotes Gistel, 1848;1;TRUE;2;Expert term:'genre compliqué';
ara_206;reporting_rule;233426;Zelotes tenuis (L. Koch, 1866);199129;Zelotes Gistel, 1848;1;TRUE;2;Expert term:'genre compliqué';
ara_207;reporting_rule;233427;Zelotes thorelli Simon, 1914;199129;Zelotes Gistel, 1848;1;TRUE;2;Expert term:'genre compliqué';
ara_208;species_confusion;1202;Zelotes apricorum (L. Koch, 1876);233417;Zelotes oblongus (C.L. Koch, 1833);1;TRUE;2;Expert term:'apricorum/atrocaeruleus/gallicus/oblongus';
ara_209;species_confusion;233389;Zelotes atrocaeruleus (Simon, 1878);233417;Zelotes oblongus (C.L. Koch, 1833);1;TRUE;2;Expert term:'apricorum/atrocaeruleus/gallicus/oblongus';
ara_210;species_confusion;233404;Zelotes gallicus Simon, 1914;233417;Zelotes oblongus (C.L. Koch, 1833);1;TRUE;2;Expert term:'apricorum/atrocaeruleus/gallicus/oblongus';
ara_211;species_confusion;1237;Zodarion italicum (Canestrini, 1868);1236;Zodarion gallicum (Simon, 1873);1;TRUE;2;Expert term:'italicum/gallicum';
ara_212;reporting_rule;1235;Zodarion elegans (Simon, 1873);199147;Zodarion Walckenaer, 1826;1;TRUE;2;Expert term:'genre compliqué';
ara_213;reporting_rule;653737;Zodarion gracilitibiale Denis, 1934;199147;Zodarion Walckenaer, 1826;1;TRUE;2;Expert term:'genre compliqué';
ara_214;reporting_rule;1237;Zodarion italicum (Canestrini, 1868);199147;Zodarion Walckenaer, 1826;1;TRUE;2;Expert term:'genre compliqué';
ara_215;reporting_rule;234205;Zodarion rubidum Simon, 1914;199147;Zodarion Walckenaer, 1826;1;TRUE;2;Expert term:'genre compliqué';
ara_216;reporting_rule;1755;Zora armillata Simon, 1878;199158;Zora C. L. Koch, 1847;1;TRUE;1;Expert term:'genre moyennement facile';
ara_217;reporting_rule;1759;Zora manicata Simon, 1878;199158;Zora C. L. Koch, 1847;1;TRUE;1;Expert term:'genre moyennement facile';
ara_218;reporting_rule;1756;Zora parallela Simon, 1878;199158;Zora C. L. Koch, 1847;1;TRUE;1;Expert term:'genre moyennement facile';
ara_219;reporting_rule;234209;Zora pardalis Simon, 1878;199158;Zora C. L. Koch, 1847;1;TRUE;1;Expert term:'genre moyennement facile';
ara_220;reporting_rule;1753;Zora spinimana (Sundevall, 1833);199158;Zora C. L. Koch, 1847;1;TRUE;1;Expert term:'genre moyennement facile';
