taxon_key;rule_id;rule_type;source_cd_ref;source_unit;target_cd_ref;target_unit;weight;enabled;degree_confusion;comment
collembola;col_001;;203182;Arrhopalites;;;1;TRUE;;
collembola;col_002;;216346;Arrhopalites caecus;;;1;TRUE;;
collembola;col_003;;203184;Deuterosminthurus;;;1;TRUE;;
collembola;col_004;;216361;Bourletiella arvalis;;;1;TRUE;;
collembola;col_005;;837805;Bourletiella hortensis;;;1;TRUE;;
collembola;col_006;;203059;Brachystomella;;;1;TRUE;;
collembola;col_007;;215873;Brachystomella parvula;;;1;TRUE;;
collembola;col_008;;216313;Cyphoderus bidenticulatus;;;1;TRUE;;
collembola;col_009;;216387;Dicyrtomina minuta;;;1;TRUE;;
collembola;col_010;;28902;Lepidocyrtus lignorum;;;1;TRUE;;
collembola;col_011;rtu_confusion;203007;Entomobrya;193967;Lepidocyrtus;1;TRUE;1;Confusion possible si présence de juvenils
collembola;col_012;;216206;Pseudosinella alba;;;1;TRUE;;
collembola;col_013;;216236;Pseudosinella immaculata;;;1;TRUE;;
collembola;col_014;reporting_rule;216246;Pseudosinella octopunctata;193967;Lepidocyrtus;1;TRUE;1;
collembola;col_015;species_confusion;216269;Lepidocyrtus cyaneus;216271;Lepidocyrtus lanuginosus;1;TRUE;2;
collembola;col_016;species_confusion;216271;Lepidocyrtus lanuginosus;216269;Lepidocyrtus cyaneus;1;TRUE;2;
collembola;col_017;;216289;Heteromurus major;;;1;TRUE;;
collembola;col_018;;216290;Heteromurus nitidus;;;1;TRUE;;
collembola;col_019;species_confusion;216302;Entomobrya lanuginosa;216269;Lepidocyrtus cyaneus;1;TRUE;2;Très complexe au stade juvenil (car très peu d'écaille sur lepidocyrtus sp)
collembola;col_020;;203062;Xenylla;;;1;TRUE;;
collembola;col_021;;215800;Ceratophysella bengtssoni;;;1;TRUE;;
collembola;col_022;species_confusion;215802;Ceratophysella denticulata;837807;Ceratophysella gibbosa;1;TRUE;1;
collembola;col_023;;215819;Hypogastrura manubrialis;;;1;TRUE;;
collembola;col_024;;215824;Hypogastrura vernalis;;;1;TRUE;;
collembola;col_025;;215856;Triacanthella perfecta;;;1;TRUE;;
collembola;col_026;;215867;Xenylla tullbergi;;;1;TRUE;;
collembola;col_027;;215868;Xenylla xavieri;;;1;TRUE;;
collembola;col_028;;254524;Willemia intermedia;;;1;TRUE;;
collembola;col_029;;254543;Xenylla welchi;;;1;TRUE;;
collembola;col_030;species_confusion;837807;Ceratophysella gibbosa;215802;Ceratophysella denticulata;1;TRUE;1;
collembola;col_031;;28893;Folsomia candida;;;1;TRUE;;
collembola;col_032;reporting_rule;28898;Isotoma viridis;193651;Isotoma;1;TRUE;2;Isotoma anglicana en mélange et critère souvent occulté
collembola;col_033;;184575;Isotomidae;;;1;TRUE;;
collembola;col_034;;192598;Folsomia;;;1;TRUE;;
collembola;col_035;;203028;Desoria;;;1;TRUE;;
collembola;col_036;;203029;Isotomurus;;;1;TRUE;;
collembola;col_037;;216107;Folsomia quadrioculata;;;1;TRUE;;
collembola;col_038;;216125;Isotomiella minor;;;1;TRUE;;
collembola;col_039;;216130;Isotomodes productus;;;1;TRUE;;
collembola;col_040;;216150;Parisotoma notabilis;;;1;TRUE;;
collembola;col_041;;216154;Proisotoma minima;;;1;TRUE;;
collembola;col_042;;216155;Proisotoma minuta;;;1;TRUE;;
collembola;col_043;;216181;Tetracanthella perezi;;;1;TRUE;;
collembola;col_044;;255221;Folsomides parvulus;;;1;TRUE;;
collembola;col_045;;655839;Hemisotoma thermophila;;;1;TRUE;;
collembola;col_046;;884697;Proisotomodes debilis;;;1;TRUE;;
collembola;col_047;species_confusion;216395;Sminthurinus aureus;216396;Sminthurinus elegans;1;TRUE;1;
collembola;col_048;species_confusion;216396;Sminthurinus elegans;216395;Sminthurinus aureus;1;TRUE;1;
collembola;col_049;;203085;Friesea;;;1;TRUE;;
collembola;col_050;;203107;Pseudachorutes;;;1;TRUE;;
collembola;col_051;;203110;Anurida;;;1;TRUE;;
collembola;col_052;;215877;Neanura muscorum;;;1;TRUE;;
collembola;col_053;;215889;Lathriopyga longiseta;;;1;TRUE;;
collembola;col_054;;215945;Friesea truncata;;;1;TRUE;;
collembola;col_055;;216341;Megalothorax minimus;;;1;TRUE;;
collembola;col_056;;884837;Neelus murinus;;;1;TRUE;;
collembola;col_057;;184587;Onychiuridae;;;1;TRUE;;
collembola;col_058;;203140;Deuteraphorura;;;1;TRUE;;
collembola;col_059;;203144;Detriturus;;;1;TRUE;;
collembola;col_060;;203146;Protaphorura;;;1;TRUE;;
collembola;col_061;;216409;Sminthurus viridis;;;1;TRUE;;
collembola;col_062;;216421;Sminthurides parvulus;;;1;TRUE;;
collembola;col_063;;216426;Sphaeridia pumilis;;;1;TRUE;;
collembola;col_064;;884828;Sminthurides pseudassimilis;;;1;TRUE;;
collembola;col_065;;216329;Tomocerina minuta;;;1;TRUE;;
collembola;col_066;;203170;Paratullbergia;;;1;TRUE;;
collembola;col_067;;203180;Mesaphorura;;;1;TRUE;;
collembola;col_068;;216006;Metaphorura affinis;;;1;TRUE;;
collembola;col_069;;884524;Stenaphorura denisi;;;1;TRUE;;
collembola;col_070;;184581;Poduromorpha;;;1;TRUE;;
collembola;col_071;;184590;Symphypleona;;;1;TRUE;;
collembola;col_072;rtu_confusion;193967;Lepidocyrtus;203007;Entomobrya;1;TRUE;1;Confusion possible si présence de juvenils
