assemblage_id,mechanism,error_rate,eligible_individual_share_median,eligible_individual_share_p10,eligible_individual_share_p90,expected_reassigned_pct_median,expected_reassigned_pct_p10,expected_reassigned_pct_p90,n_eligible_source_species_median,n_source_species_median
araneae_pitfall,observed_pool,0.01,0.9313241765568743,0.9313241765568743,0.9313241765568743,0.9313241765568743,0.9313241765568743,0.9313241765568743,156,221
araneae_pitfall,observed_pool,0.02,0.9313241765568743,0.9313241765568743,0.9313241765568743,1.8626483531137485,1.8626483531137485,1.8626483531137485,156,221
araneae_pitfall,observed_pool,0.03,0.9313241765568743,0.9313241765568743,0.9313241765568743,2.7939725296706226,2.7939725296706226,2.7939725296706226,156,221
araneae_pitfall,observed_pool,0.04,0.9313241765568743,0.9313241765568743,0.9313241765568743,3.725296706227497,3.725296706227497,3.725296706227497,156,221
araneae_pitfall,observed_pool,0.05,0.9313241765568743,0.9313241765568743,0.9313241765568743,4.656620882784372,4.656620882784372,4.656620882784372,156,221
araneae_pitfall,observed_pool,0.060000000000000005,0.9313241765568743,0.9313241765568743,0.9313241765568743,5.587945059341245,5.587945059341245,5.587945059341245,156,221
araneae_pitfall,observed_pool,0.06999999999999999,0.9313241765568743,0.9313241765568743,0.9313241765568743,6.519269235898118,6.519269235898118,6.519269235898118,156,221
araneae_pitfall,observed_pool,0.08,0.9313241765568743,0.9313241765568743,0.9313241765568743,7.450593412454994,7.450593412454994,7.450593412454994,156,221
araneae_pitfall,observed_pool,0.09,0.9313241765568743,0.9313241765568743,0.9313241765568743,8.381917589011866,8.381917589011866,8.381917589011866,156,221
araneae_pitfall,observed_pool,0.09999999999999999,0.9313241765568743,0.9313241765568743,0.9313241765568743,9.313241765568742,9.313241765568742,9.313241765568742,156,221
araneae_pitfall,observed_pool,0.11,0.9313241765568743,0.9313241765568743,0.9313241765568743,10.244565942125616,10.244565942125616,10.244565942125616,156,221
araneae_pitfall,observed_pool,0.12,0.9313241765568743,0.9313241765568743,0.9313241765568743,11.17589011868249,11.17589011868249,11.17589011868249,156,221
araneae_pitfall,observed_pool,0.13,0.9313241765568743,0.9313241765568743,0.9313241765568743,12.107214295239364,12.107214295239364,12.107214295239364,156,221
araneae_pitfall,observed_pool,0.14,0.9313241765568743,0.9313241765568743,0.9313241765568743,13.038538471796242,13.038538471796242,13.038538471796242,156,221
araneae_pitfall,observed_pool,0.15000000000000002,0.9313241765568743,0.9313241765568743,0.9313241765568743,13.969862648353116,13.969862648353116,13.969862648353116,156,221
araneae_pitfall,observed_pool,0.16,0.9313241765568743,0.9313241765568743,0.9313241765568743,14.901186824909988,14.901186824909988,14.901186824909988,156,221
araneae_pitfall,observed_pool,0.17,0.9313241765568743,0.9313241765568743,0.9313241765568743,15.832511001466864,15.832511001466864,15.832511001466864,156,221
araneae_pitfall,observed_pool,0.18000000000000002,0.9313241765568743,0.9313241765568743,0.9313241765568743,16.76383517802374,16.76383517802374,16.76383517802374,156,221
araneae_pitfall,observed_pool,0.19,0.9313241765568743,0.9313241765568743,0.9313241765568743,17.69515935458061,17.69515935458061,17.69515935458061,156,221
araneae_pitfall,observed_pool,0.2,0.9313241765568743,0.9313241765568743,0.9313241765568743,18.626483531137488,18.626483531137488,18.626483531137488,156,221
araneae_pitfall,rare_weighted_observed_pool,0.01,0.9313241765568743,0.9313241765568743,0.9313241765568743,0.8113692944507802,0.8113692944507802,0.8113692944507802,156,221
araneae_pitfall,rare_weighted_observed_pool,0.02,0.9313241765568743,0.9313241765568743,0.9313241765568743,1.6227385889015604,1.6227385889015604,1.6227385889015604,156,221
araneae_pitfall,rare_weighted_observed_pool,0.03,0.9313241765568743,0.9313241765568743,0.9313241765568743,2.4141428387632566,2.4141428387632566,2.4141428387632566,156,221
araneae_pitfall,rare_weighted_observed_pool,0.04,0.9313241765568743,0.9313241765568743,0.9313241765568743,3.1638386131179295,3.1638386131179295,3.1638386131179295,156,221
araneae_pitfall,rare_weighted_observed_pool,0.05,0.9313241765568743,0.9313241765568743,0.9313241765568743,3.8735526250121883,3.8735526250121883,3.8735526250121883,156,221
araneae_pitfall,rare_weighted_observed_pool,0.060000000000000005,0.9313241765568743,0.9313241765568743,0.9313241765568743,4.552580722637388,4.552580722637388,4.552580722637388,156,221
araneae_pitfall,rare_weighted_observed_pool,0.06999999999999999,0.9313241765568743,0.9313241765568743,0.9313241765568743,5.199636881842778,5.199636881842778,5.199636881842778,156,221
araneae_pitfall,rare_weighted_observed_pool,0.08,0.9313241765568743,0.9313241765568743,0.9313241765568743,5.816803835439478,5.816803835439478,5.816803835439478,156,221
araneae_pitfall,rare_weighted_observed_pool,0.09,0.9313241765568743,0.9313241765568743,0.9313241765568743,6.404940630022648,6.404940630022648,6.404940630022648,156,221
araneae_pitfall,rare_weighted_observed_pool,0.09999999999999999,0.9313241765568743,0.9313241765568743,0.9313241765568743,6.954236182498393,6.954236182498393,6.954236182498393,156,221
araneae_pitfall,rare_weighted_observed_pool,0.11,0.9313241765568743,0.9313241765568743,0.9313241765568743,7.482565702422653,7.482565702422653,7.482565702422653,156,221
araneae_pitfall,rare_weighted_observed_pool,0.12,0.9313241765568743,0.9313241765568743,0.9313241765568743,7.98949813017461,7.98949813017461,7.98949813017461,156,221
araneae_pitfall,rare_weighted_observed_pool,0.13,0.9313241765568743,0.9313241765568743,0.9313241765568743,8.479183617971268,8.479183617971268,8.479183617971268,156,221
araneae_pitfall,rare_weighted_observed_pool,0.14,0.9313241765568743,0.9313241765568743,0.9313241765568743,8.955291730933778,8.955291730933778,8.955291730933778,156,221
araneae_pitfall,rare_weighted_observed_pool,0.15000000000000002,0.9313241765568743,0.9313241765568743,0.9313241765568743,9.420734167125277,9.420734167125277,9.420734167125277,156,221
araneae_pitfall,rare_weighted_observed_pool,0.16,0.9313241765568743,0.9313241765568743,0.9313241765568743,9.880982960469034,9.880982960469034,9.880982960469034,156,221
araneae_pitfall,rare_weighted_observed_pool,0.17,0.9313241765568743,0.9313241765568743,0.9313241765568743,10.33675618665613,10.33675618665613,10.33675618665613,156,221
araneae_pitfall,rare_weighted_observed_pool,0.18000000000000002,0.9313241765568743,0.9313241765568743,0.9313241765568743,10.785754386486238,10.785754386486238,10.785754386486238,156,221
araneae_pitfall,rare_weighted_observed_pool,0.19,0.9313241765568743,0.9313241765568743,0.9313241765568743,11.228576500604738,11.228576500604738,11.228576500604738,156,221
araneae_pitfall,rare_weighted_observed_pool,0.2,0.9313241765568743,0.9313241765568743,0.9313241765568743,11.65054118943489,11.65054118943489,11.65054118943489,156,221
araneae_pitfall,regional_pool,0.01,0.9669289238565142,0.9669289238565142,0.9669289238565142,0.9669289238565143,0.9669289238565143,0.9669289238565143,201,221
araneae_pitfall,regional_pool,0.02,0.9669289238565142,0.9669289238565142,0.9669289238565142,1.9338578477130286,1.9338578477130286,1.9338578477130286,201,221
araneae_pitfall,regional_pool,0.03,0.9669289238565142,0.9669289238565142,0.9669289238565142,2.9007867715695426,2.9007867715695426,2.9007867715695426,201,221
araneae_pitfall,regional_pool,0.04,0.9669289238565142,0.9669289238565142,0.9669289238565142,3.867715695426057,3.867715695426057,3.867715695426057,201,221
araneae_pitfall,regional_pool,0.05,0.9669289238565142,0.9669289238565142,0.9669289238565142,4.834644619282571,4.834644619282571,4.834644619282571,201,221
araneae_pitfall,regional_pool,0.060000000000000005,0.9669289238565142,0.9669289238565142,0.9669289238565142,5.801573543139086,5.801573543139086,5.801573543139086,201,221
araneae_pitfall,regional_pool,0.06999999999999999,0.9669289238565142,0.9669289238565142,0.9669289238565142,6.768502466995598,6.768502466995598,6.768502466995598,201,221
araneae_pitfall,regional_pool,0.08,0.9669289238565142,0.9669289238565142,0.9669289238565142,7.735431390852114,7.735431390852114,7.735431390852114,201,221
araneae_pitfall,regional_pool,0.09,0.9669289238565142,0.9669289238565142,0.9669289238565142,8.702360314708628,8.702360314708628,8.702360314708628,201,221
araneae_pitfall,regional_pool,0.09999999999999999,0.9669289238565142,0.9669289238565142,0.9669289238565142,9.66928923856514,9.66928923856514,9.66928923856514,201,221
araneae_pitfall,regional_pool,0.11,0.9669289238565142,0.9669289238565142,0.9669289238565142,10.636218162421656,10.636218162421656,10.636218162421656,201,221
araneae_pitfall,regional_pool,0.12,0.9669289238565142,0.9669289238565142,0.9669289238565142,11.60314708627817,11.60314708627817,11.60314708627817,201,221
araneae_pitfall,regional_pool,0.13,0.9669289238565142,0.9669289238565142,0.9669289238565142,12.570076010134684,12.570076010134684,12.570076010134684,201,221
araneae_pitfall,regional_pool,0.14,0.9669289238565142,0.9669289238565142,0.9669289238565142,13.5370049339912,13.5370049339912,13.5370049339912,201,221
araneae_pitfall,regional_pool,0.15000000000000002,0.9669289238565142,0.9669289238565142,0.9669289238565142,14.503933857847715,14.503933857847715,14.503933857847715,201,221
araneae_pitfall,regional_pool,0.16,0.9669289238565142,0.9669289238565142,0.9669289238565142,15.470862781704229,15.470862781704229,15.470862781704229,201,221
araneae_pitfall,regional_pool,0.17,0.9669289238565142,0.9669289238565142,0.9669289238565142,16.43779170556074,16.43779170556074,16.43779170556074,201,221
araneae_pitfall,regional_pool,0.18000000000000002,0.9669289238565142,0.9669289238565142,0.9669289238565142,17.404720629417255,17.404720629417255,17.404720629417255,201,221
araneae_pitfall,regional_pool,0.19,0.9669289238565142,0.9669289238565142,0.9669289238565142,18.37164955327377,18.37164955327377,18.37164955327377,201,221
araneae_pitfall,regional_pool,0.2,0.9669289238565142,0.9669289238565142,0.9669289238565142,19.338578477130284,19.338578477130284,19.338578477130284,201,221
carabidae_pitfall,observed_pool,0.01,0.9195680916703394,0.9195680916703394,0.9195680916703394,0.9195680916703394,0.9195680916703394,0.9195680916703394,107,129
carabidae_pitfall,observed_pool,0.02,0.9195680916703394,0.9195680916703394,0.9195680916703394,1.8391361833406787,1.8391361833406787,1.8391361833406787,107,129
carabidae_pitfall,observed_pool,0.03,0.9195680916703394,0.9195680916703394,0.9195680916703394,2.758704275011018,2.758704275011018,2.758704275011018,107,129
carabidae_pitfall,observed_pool,0.04,0.9195680916703394,0.9195680916703394,0.9195680916703394,3.6782723666813575,3.6782723666813575,3.6782723666813575,107,129
carabidae_pitfall,observed_pool,0.05,0.9195680916703394,0.9195680916703394,0.9195680916703394,4.597840458351697,4.597840458351697,4.597840458351697,107,129
carabidae_pitfall,observed_pool,0.060000000000000005,0.9195680916703394,0.9195680916703394,0.9195680916703394,5.517408550022037,5.517408550022037,5.517408550022037,107,129
carabidae_pitfall,observed_pool,0.06999999999999999,0.9195680916703394,0.9195680916703394,0.9195680916703394,6.436976641692374,6.436976641692374,6.436976641692374,107,129
carabidae_pitfall,observed_pool,0.08,0.9195680916703394,0.9195680916703394,0.9195680916703394,7.356544733362715,7.356544733362715,7.356544733362715,107,129
carabidae_pitfall,observed_pool,0.09,0.9195680916703394,0.9195680916703394,0.9195680916703394,8.276112825033055,8.276112825033055,8.276112825033055,107,129
carabidae_pitfall,observed_pool,0.09999999999999999,0.9195680916703394,0.9195680916703394,0.9195680916703394,9.195680916703392,9.195680916703392,9.195680916703392,107,129
carabidae_pitfall,observed_pool,0.11,0.9195680916703394,0.9195680916703394,0.9195680916703394,10.115249008373732,10.115249008373732,10.115249008373732,107,129
carabidae_pitfall,observed_pool,0.12,0.9195680916703394,0.9195680916703394,0.9195680916703394,11.034817100044071,11.034817100044071,11.034817100044071,107,129
carabidae_pitfall,observed_pool,0.13,0.9195680916703394,0.9195680916703394,0.9195680916703394,11.954385191714412,11.954385191714412,11.954385191714412,107,129
carabidae_pitfall,observed_pool,0.14,0.9195680916703394,0.9195680916703394,0.9195680916703394,12.87395328338475,12.87395328338475,12.87395328338475,107,129
carabidae_pitfall,observed_pool,0.15000000000000002,0.9195680916703394,0.9195680916703394,0.9195680916703394,13.793521375055091,13.793521375055091,13.793521375055091,107,129
carabidae_pitfall,observed_pool,0.16,0.9195680916703394,0.9195680916703394,0.9195680916703394,14.71308946672543,14.71308946672543,14.71308946672543,107,129
carabidae_pitfall,observed_pool,0.17,0.9195680916703394,0.9195680916703394,0.9195680916703394,15.632657558395772,15.632657558395772,15.632657558395772,107,129
carabidae_pitfall,observed_pool,0.18000000000000002,0.9195680916703394,0.9195680916703394,0.9195680916703394,16.552225650066113,16.552225650066113,16.552225650066113,107,129
carabidae_pitfall,observed_pool,0.19,0.9195680916703394,0.9195680916703394,0.9195680916703394,17.471793741736448,17.471793741736448,17.471793741736448,107,129
carabidae_pitfall,observed_pool,0.2,0.9195680916703394,0.9195680916703394,0.9195680916703394,18.391361833406787,18.391361833406787,18.391361833406787,107,129
carabidae_pitfall,rare_weighted_observed_pool,0.01,0.9195680916703394,0.9195680916703394,0.9195680916703394,0.8661360974912015,0.8661360974912015,0.8661360974912015,107,129
carabidae_pitfall,rare_weighted_observed_pool,0.02,0.9195680916703394,0.9195680916703394,0.9195680916703394,1.718966155713803,1.718966155713803,1.718966155713803,107,129
carabidae_pitfall,rare_weighted_observed_pool,0.03,0.9195680916703394,0.9195680916703394,0.9195680916703394,2.533333523350338,2.533333523350338,2.533333523350338,107,129
carabidae_pitfall,rare_weighted_observed_pool,0.04,0.9195680916703394,0.9195680916703394,0.9195680916703394,3.304743106196982,3.304743106196982,3.304743106196982,107,129
carabidae_pitfall,rare_weighted_observed_pool,0.05,0.9195680916703394,0.9195680916703394,0.9195680916703394,4.037162561063588,4.037162561063588,4.037162561063588,107,129
carabidae_pitfall,rare_weighted_observed_pool,0.060000000000000005,0.9195680916703394,0.9195680916703394,0.9195680916703394,4.744340817625195,4.744340817625195,4.744340817625195,107,129
carabidae_pitfall,rare_weighted_observed_pool,0.06999999999999999,0.9195680916703394,0.9195680916703394,0.9195680916703394,5.427212450550706,5.427212450550706,5.427212450550706,107,129
carabidae_pitfall,rare_weighted_observed_pool,0.08,0.9195680916703394,0.9195680916703394,0.9195680916703394,6.05899003032775,6.05899003032775,6.05899003032775,107,129
carabidae_pitfall,rare_weighted_observed_pool,0.09,0.9195680916703394,0.9195680916703394,0.9195680916703394,6.639314140841397,6.639314140841397,6.639314140841397,107,129
carabidae_pitfall,rare_weighted_observed_pool,0.09999999999999999,0.9195680916703394,0.9195680916703394,0.9195680916703394,7.182854412835054,7.182854412835054,7.182854412835054,107,129
carabidae_pitfall,rare_weighted_observed_pool,0.11,0.9195680916703394,0.9195680916703394,0.9195680916703394,7.704773276829793,7.704773276829793,7.704773276829793,107,129
carabidae_pitfall,rare_weighted_observed_pool,0.12,0.9195680916703394,0.9195680916703394,0.9195680916703394,8.206899612949618,8.206899612949618,8.206899612949618,107,129
carabidae_pitfall,rare_weighted_observed_pool,0.13,0.9195680916703394,0.9195680916703394,0.9195680916703394,8.654976081800472,8.654976081800472,8.654976081800472,107,129
carabidae_pitfall,rare_weighted_observed_pool,0.14,0.9195680916703394,0.9195680916703394,0.9195680916703394,9.092966071616564,9.092966071616564,9.092966071616564,107,129
carabidae_pitfall,rare_weighted_observed_pool,0.15000000000000002,0.9195680916703394,0.9195680916703394,0.9195680916703394,9.510408465632942,9.510408465632942,9.510408465632942,107,129
carabidae_pitfall,rare_weighted_observed_pool,0.16,0.9195680916703394,0.9195680916703394,0.9195680916703394,9.918173550096842,9.918173550096842,9.918173550096842,107,129
carabidae_pitfall,rare_weighted_observed_pool,0.17,0.9195680916703394,0.9195680916703394,0.9195680916703394,10.2746709982506,10.2746709982506,10.2746709982506,107,129
carabidae_pitfall,rare_weighted_observed_pool,0.18000000000000002,0.9195680916703394,0.9195680916703394,0.9195680916703394,10.620138773508698,10.620138773508698,10.620138773508698,107,129
carabidae_pitfall,rare_weighted_observed_pool,0.19,0.9195680916703394,0.9195680916703394,0.9195680916703394,10.958468478600977,10.958468478600977,10.958468478600977,107,129
carabidae_pitfall,rare_weighted_observed_pool,0.2,0.9195680916703394,0.9195680916703394,0.9195680916703394,11.25893515878929,11.25893515878929,11.25893515878929,107,129
carabidae_pitfall,regional_pool,0.01,0.997906566769502,0.997906566769502,0.997906566769502,0.997906566769502,0.997906566769502,0.997906566769502,125,129
carabidae_pitfall,regional_pool,0.02,0.997906566769502,0.997906566769502,0.997906566769502,1.995813133539004,1.995813133539004,1.995813133539004,125,129
carabidae_pitfall,regional_pool,0.03,0.997906566769502,0.997906566769502,0.997906566769502,2.9937197003085054,2.9937197003085054,2.9937197003085054,125,129
carabidae_pitfall,regional_pool,0.04,0.997906566769502,0.997906566769502,0.997906566769502,3.991626267078008,3.991626267078008,3.991626267078008,125,129
carabidae_pitfall,regional_pool,0.05,0.997906566769502,0.997906566769502,0.997906566769502,4.98953283384751,4.98953283384751,4.98953283384751,125,129
carabidae_pitfall,regional_pool,0.060000000000000005,0.997906566769502,0.997906566769502,0.997906566769502,5.987439400617013,5.987439400617013,5.987439400617013,125,129
carabidae_pitfall,regional_pool,0.06999999999999999,0.997906566769502,0.997906566769502,0.997906566769502,6.985345967386513,6.985345967386513,6.985345967386513,125,129
carabidae_pitfall,regional_pool,0.08,0.997906566769502,0.997906566769502,0.997906566769502,7.983252534156016,7.983252534156016,7.983252534156016,125,129
carabidae_pitfall,regional_pool,0.09,0.997906566769502,0.997906566769502,0.997906566769502,8.9811591009255185,8.9811591009255185,8.9811591009255185,125,129
carabidae_pitfall,regional_pool,0.09999999999999999,0.997906566769502,0.997906566769502,0.997906566769502,9.97906566769502,9.97906566769502,9.97906566769502,125,129
carabidae_pitfall,regional_pool,0.11,0.997906566769502,0.997906566769502,0.997906566769502,10.976972234464524,10.976972234464524,10.976972234464524,125,129
carabidae_pitfall,regional_pool,0.12,0.997906566769502,0.997906566769502,0.997906566769502,11.974878801234022,11.974878801234022,11.974878801234022,125,129
carabidae_pitfall,regional_pool,0.13,0.997906566769502,0.997906566769502,0.997906566769502,12.972785368003528,12.972785368003528,12.972785368003528,125,129
carabidae_pitfall,regional_pool,0.14,0.997906566769502,0.997906566769502,0.997906566769502,13.970691934773027,13.970691934773027,13.970691934773027,125,129
carabidae_pitfall,regional_pool,0.15000000000000002,0.997906566769502,0.997906566769502,0.997906566769502,14.968598501542534,14.968598501542534,14.968598501542534,125,129
carabidae_pitfall,regional_pool,0.16,0.997906566769502,0.997906566769502,0.997906566769502,15.966505068312031,15.966505068312031,15.966505068312031,125,129
carabidae_pitfall,regional_pool,0.17,0.997906566769502,0.997906566769502,0.997906566769502,16.964411635081532,16.964411635081532,16.964411635081532,125,129
carabidae_pitfall,regional_pool,0.18000000000000002,0.997906566769502,0.997906566769502,0.997906566769502,17.96231820185104,17.96231820185104,17.96231820185104,125,129
carabidae_pitfall,regional_pool,0.19,0.997906566769502,0.997906566769502,0.997906566769502,18.960224768620538,18.960224768620538,18.960224768620538,125,129
carabidae_pitfall,regional_pool,0.2,0.997906566769502,0.997906566769502,0.997906566769502,19.95813133539004,19.95813133539004,19.95813133539004,125,129
collembola_soil_core,observed_pool,0.01,0.5284863945578231,0.5284863945578231,0.5284863945578231,0.5284863945578231,0.5284863945578231,0.5284863945578231,26,51
collembola_soil_core,observed_pool,0.02,0.5284863945578231,0.5284863945578231,0.5284863945578231,1.0569727891156462,1.0569727891156462,1.0569727891156462,26,51
collembola_soil_core,observed_pool,0.03,0.5284863945578231,0.5284863945578231,0.5284863945578231,1.5854591836734695,1.5854591836734695,1.5854591836734695,26,51
collembola_soil_core,observed_pool,0.04,0.5284863945578231,0.5284863945578231,0.5284863945578231,2.1139455782312924,2.1139455782312924,2.1139455782312924,26,51
collembola_soil_core,observed_pool,0.05,0.5284863945578231,0.5284863945578231,0.5284863945578231,2.642431972789116,2.642431972789116,2.642431972789116,26,51
collembola_soil_core,observed_pool,0.060000000000000005,0.5284863945578231,0.5284863945578231,0.5284863945578231,3.170918367346939,3.170918367346939,3.170918367346939,26,51
collembola_soil_core,observed_pool,0.06999999999999999,0.5284863945578231,0.5284863945578231,0.5284863945578231,3.699404761904762,3.699404761904762,3.699404761904762,26,51
collembola_soil_core,observed_pool,0.08,0.5284863945578231,0.5284863945578231,0.5284863945578231,4.227891156462585,4.227891156462585,4.227891156462585,26,51
collembola_soil_core,observed_pool,0.09,0.5284863945578231,0.5284863945578231,0.5284863945578231,4.756377551020408,4.756377551020408,4.756377551020408,26,51
collembola_soil_core,observed_pool,0.09999999999999999,0.5284863945578231,0.5284863945578231,0.5284863945578231,5.2848639455782305,5.2848639455782305,5.2848639455782305,26,51
collembola_soil_core,observed_pool,0.11,0.5284863945578231,0.5284863945578231,0.5284863945578231,5.813350340136053,5.813350340136053,5.813350340136053,26,51
collembola_soil_core,observed_pool,0.12,0.5284863945578231,0.5284863945578231,0.5284863945578231,6.341836734693878,6.341836734693878,6.341836734693878,26,51
collembola_soil_core,observed_pool,0.13,0.5284863945578231,0.5284863945578231,0.5284863945578231,6.870323129251701,6.870323129251701,6.870323129251701,26,51
collembola_soil_core,observed_pool,0.14,0.5284863945578231,0.5284863945578231,0.5284863945578231,7.398809523809524,7.398809523809524,7.398809523809524,26,51
collembola_soil_core,observed_pool,0.15000000000000002,0.5284863945578231,0.5284863945578231,0.5284863945578231,7.927295918367347,7.927295918367347,7.927295918367347,26,51
collembola_soil_core,observed_pool,0.16,0.5284863945578231,0.5284863945578231,0.5284863945578231,8.45578231292517,8.45578231292517,8.45578231292517,26,51
collembola_soil_core,observed_pool,0.17,0.5284863945578231,0.5284863945578231,0.5284863945578231,8.984268707482993,8.984268707482993,8.984268707482993,26,51
collembola_soil_core,observed_pool,0.18000000000000002,0.5284863945578231,0.5284863945578231,0.5284863945578231,9.512755102040819,9.512755102040819,9.512755102040819,26,51
collembola_soil_core,observed_pool,0.19,0.5284863945578231,0.5284863945578231,0.5284863945578231,10.041241496598639,10.041241496598639,10.041241496598639,26,51
collembola_soil_core,observed_pool,0.2,0.5284863945578231,0.5284863945578231,0.5284863945578231,10.569727891156464,10.569727891156464,10.569727891156464,26,51
collembola_soil_core,rare_weighted_observed_pool,0.01,0.5284863945578231,0.5284863945578231,0.5284863945578231,0.5468224033203305,0.5468224033203305,0.5468224033203305,26,51
collembola_soil_core,rare_weighted_observed_pool,0.02,0.5284863945578231,0.5284863945578231,0.5284863945578231,1.093644806640661,1.093644806640661,1.093644806640661,26,51
collembola_soil_core,rare_weighted_observed_pool,0.03,0.5284863945578231,0.5284863945578231,0.5284863945578231,1.6358594631966412,1.6358594631966412,1.6358594631966412,26,51
collembola_soil_core,rare_weighted_observed_pool,0.04,0.5284863945578231,0.5284863945578231,0.5284863945578231,2.1634305314277213,2.1634305314277213,2.1634305314277213,26,51
collembola_soil_core,rare_weighted_observed_pool,0.05,0.5284863945578231,0.5284863945578231,0.5284863945578231,2.6910015996588017,2.6910015996588017,2.6910015996588017,26,51
collembola_soil_core,rare_weighted_observed_pool,0.060000000000000005,0.5284863945578231,0.5284863945578231,0.5284863945578231,3.2112002730669222,3.2112002730669222,3.2112002730669222,26,51
collembola_soil_core,rare_weighted_observed_pool,0.06999999999999999,0.5284863945578231,0.5284863945578231,0.5284863945578231,3.709130367265269,3.709130367265269,3.709130367265269,26,51
collembola_soil_core,rare_weighted_observed_pool,0.08,0.5284863945578231,0.5284863945578231,0.5284863945578231,4.204081449858073,4.204081449858073,4.204081449858073,26,51
collembola_soil_core,rare_weighted_observed_pool,0.09,0.5284863945578231,0.5284863945578231,0.5284863945578231,4.699032532450877,4.699032532450877,4.699032532450877,26,51
collembola_soil_core,rare_weighted_observed_pool,0.09999999999999999,0.5284863945578231,0.5284863945578231,0.5284863945578231,5.177380331797972,5.177380331797972,5.177380331797972,26,51
collembola_soil_core,rare_weighted_observed_pool,0.11,0.5284863945578231,0.5284863945578231,0.5284863945578231,5.64622380715464,5.64622380715464,5.64622380715464,26,51
collembola_soil_core,rare_weighted_observed_pool,0.12,0.5284863945578231,0.5284863945578231,0.5284863945578231,6.095625429403183,6.095625429403183,6.095625429403183,26,51
collembola_soil_core,rare_weighted_observed_pool,0.13,0.5284863945578231,0.5284863945578231,0.5284863945578231,6.494128521058354,6.494128521058354,6.494128521058354,26,51
collembola_soil_core,rare_weighted_observed_pool,0.14,0.5284863945578231,0.5284863945578231,0.5284863945578231,6.880025639109415,6.880025639109415,6.880025639109415,26,51
collembola_soil_core,rare_weighted_observed_pool,0.15000000000000002,0.5284863945578231,0.5284863945578231,0.5284863945578231,7.265922757160476,7.265922757160476,7.265922757160476,26,51
collembola_soil_core,rare_weighted_observed_pool,0.16,0.5284863945578231,0.5284863945578231,0.5284863945578231,7.651819875211538,7.651819875211538,7.651819875211538,26,51
collembola_soil_core,rare_weighted_observed_pool,0.17,0.5284863945578231,0.5284863945578231,0.5284863945578231,8.037716993262599,8.037716993262599,8.037716993262599,26,51
collembola_soil_core,rare_weighted_observed_pool,0.18000000000000002,0.5284863945578231,0.5284863945578231,0.5284863945578231,8.400302157379427,8.400302157379427,8.400302157379427,26,51
collembola_soil_core,rare_weighted_observed_pool,0.19,0.5284863945578231,0.5284863945578231,0.5284863945578231,8.760513550362226,8.760513550362226,8.760513550362226,26,51
collembola_soil_core,rare_weighted_observed_pool,0.2,0.5284863945578231,0.5284863945578231,0.5284863945578231,9.096279927699586,9.096279927699586,9.096279927699586,26,51
collembola_soil_core,regional_pool,0.01,0.9744897959183674,0.9744897959183674,0.9744897959183674,0.9744897959183674,0.9744897959183674,0.9744897959183674,48,51
collembola_soil_core,regional_pool,0.02,0.9744897959183674,0.9744897959183674,0.9744897959183674,1.9489795918367347,1.9489795918367347,1.9489795918367347,48,51
collembola_soil_core,regional_pool,0.03,0.9744897959183674,0.9744897959183674,0.9744897959183674,2.9234693877551017,2.9234693877551017,2.9234693877551017,48,51
collembola_soil_core,regional_pool,0.04,0.9744897959183674,0.9744897959183674,0.9744897959183674,3.8979591836734695,3.8979591836734695,3.8979591836734695,48,51
collembola_soil_core,regional_pool,0.05,0.9744897959183674,0.9744897959183674,0.9744897959183674,4.872448979591836,4.872448979591836,4.872448979591836,48,51
collembola_soil_core,regional_pool,0.060000000000000005,0.9744897959183674,0.9744897959183674,0.9744897959183674,5.846938775510205,5.846938775510205,5.846938775510205,48,51
collembola_soil_core,regional_pool,0.06999999999999999,0.9744897959183674,0.9744897959183674,0.9744897959183674,6.82142857142857,6.82142857142857,6.82142857142857,48,51
collembola_soil_core,regional_pool,0.08,0.9744897959183674,0.9744897959183674,0.9744897959183674,7.795918367346939,7.795918367346939,7.795918367346939,48,51
collembola_soil_core,regional_pool,0.09,0.9744897959183674,0.9744897959183674,0.9744897959183674,8.770408163265307,8.770408163265307,8.770408163265307,48,51
collembola_soil_core,regional_pool,0.09999999999999999,0.9744897959183674,0.9744897959183674,0.9744897959183674,9.744897959183673,9.744897959183673,9.744897959183673,48,51
collembola_soil_core,regional_pool,0.11,0.9744897959183674,0.9744897959183674,0.9744897959183674,10.71938775510204,10.71938775510204,10.71938775510204,48,51
collembola_soil_core,regional_pool,0.12,0.9744897959183674,0.9744897959183674,0.9744897959183674,11.693877551020407,11.693877551020407,11.693877551020407,48,51
collembola_soil_core,regional_pool,0.13,0.9744897959183674,0.9744897959183674,0.9744897959183674,12.668367346938776,12.668367346938776,12.668367346938776,48,51
collembola_soil_core,regional_pool,0.14,0.9744897959183674,0.9744897959183674,0.9744897959183674,13.642857142857144,13.642857142857144,13.642857142857144,48,51
collembola_soil_core,regional_pool,0.15000000000000002,0.9744897959183674,0.9744897959183674,0.9744897959183674,14.617346938775514,14.617346938775514,14.617346938775514,48,51
collembola_soil_core,regional_pool,0.16,0.9744897959183674,0.9744897959183674,0.9744897959183674,15.591836734693878,15.591836734693878,15.591836734693878,48,51
collembola_soil_core,regional_pool,0.17,0.9744897959183674,0.9744897959183674,0.9744897959183674,16.566326530612248,16.566326530612248,16.566326530612248,48,51
collembola_soil_core,regional_pool,0.18000000000000002,0.9744897959183674,0.9744897959183674,0.9744897959183674,17.540816326530614,17.540816326530614,17.540816326530614,48,51
collembola_soil_core,regional_pool,0.19,0.9744897959183674,0.9744897959183674,0.9744897959183674,18.51530612244898,18.51530612244898,18.51530612244898,48,51
collembola_soil_core,regional_pool,0.2,0.9744897959183674,0.9744897959183674,0.9744897959183674,19.489795918367346,19.489795918367346,19.489795918367346,48,51
diplopoda_hand_sorting,observed_pool,0.01,0.6104417670682731,0.6104417670682731,0.6104417670682731,0.6104417670682731,0.6104417670682731,0.6104417670682731,11,24
diplopoda_hand_sorting,observed_pool,0.02,0.6104417670682731,0.6104417670682731,0.6104417670682731,1.2208835341365463,1.2208835341365463,1.2208835341365463,11,24
diplopoda_hand_sorting,observed_pool,0.03,0.6104417670682731,0.6104417670682731,0.6104417670682731,1.831325301204819,1.831325301204819,1.831325301204819,11,24
diplopoda_hand_sorting,observed_pool,0.04,0.6104417670682731,0.6104417670682731,0.6104417670682731,2.4417670682730925,2.4417670682730925,2.4417670682730925,11,24
diplopoda_hand_sorting,observed_pool,0.05,0.6104417670682731,0.6104417670682731,0.6104417670682731,3.0522088353413657,3.0522088353413657,3.0522088353413657,11,24
diplopoda_hand_sorting,observed_pool,0.060000000000000005,0.6104417670682731,0.6104417670682731,0.6104417670682731,3.662650602409639,3.662650602409639,3.662650602409639,11,24
diplopoda_hand_sorting,observed_pool,0.06999999999999999,0.6104417670682731,0.6104417670682731,0.6104417670682731,4.273092369477911,4.273092369477911,4.273092369477911,11,24
diplopoda_hand_sorting,observed_pool,0.08,0.6104417670682731,0.6104417670682731,0.6104417670682731,4.883534136546185,4.883534136546185,4.883534136546185,11,24
diplopoda_hand_sorting,observed_pool,0.09,0.6104417670682731,0.6104417670682731,0.6104417670682731,5.493975903614458,5.493975903614458,5.493975903614458,11,24
diplopoda_hand_sorting,observed_pool,0.09999999999999999,0.6104417670682731,0.6104417670682731,0.6104417670682731,6.104417670682731,6.104417670682731,6.104417670682731,11,24
diplopoda_hand_sorting,observed_pool,0.11,0.6104417670682731,0.6104417670682731,0.6104417670682731,6.714859437751004,6.714859437751004,6.714859437751004,11,24
diplopoda_hand_sorting,observed_pool,0.12,0.6104417670682731,0.6104417670682731,0.6104417670682731,7.325301204819276,7.325301204819276,7.325301204819276,11,24
diplopoda_hand_sorting,observed_pool,0.13,0.6104417670682731,0.6104417670682731,0.6104417670682731,7.935742971887551,7.935742971887551,7.935742971887551,11,24
diplopoda_hand_sorting,observed_pool,0.14,0.6104417670682731,0.6104417670682731,0.6104417670682731,8.546184738955823,8.546184738955823,8.546184738955823,11,24
diplopoda_hand_sorting,observed_pool,0.15000000000000002,0.6104417670682731,0.6104417670682731,0.6104417670682731,9.156626506024098,9.156626506024098,9.156626506024098,11,24
diplopoda_hand_sorting,observed_pool,0.16,0.6104417670682731,0.6104417670682731,0.6104417670682731,9.76706827309237,9.76706827309237,9.76706827309237,11,24
diplopoda_hand_sorting,observed_pool,0.17,0.6104417670682731,0.6104417670682731,0.6104417670682731,10.377510040160644,10.377510040160644,10.377510040160644,11,24
diplopoda_hand_sorting,observed_pool,0.18000000000000002,0.6104417670682731,0.6104417670682731,0.6104417670682731,10.987951807228917,10.987951807228917,10.987951807228917,11,24
diplopoda_hand_sorting,observed_pool,0.19,0.6104417670682731,0.6104417670682731,0.6104417670682731,11.598393574297189,11.598393574297189,11.598393574297189,11,24
diplopoda_hand_sorting,observed_pool,0.2,0.6104417670682731,0.6104417670682731,0.6104417670682731,12.208835341365463,12.208835341365463,12.208835341365463,11,24
diplopoda_hand_sorting,rare_weighted_observed_pool,0.01,0.6104417670682731,0.6104417670682731,0.6104417670682731,0.5442535124172393,0.5442535124172393,0.5442535124172393,11,24
diplopoda_hand_sorting,rare_weighted_observed_pool,0.02,0.6104417670682731,0.6104417670682731,0.6104417670682731,1.0885070248344786,1.0885070248344786,1.0885070248344786,11,24
diplopoda_hand_sorting,rare_weighted_observed_pool,0.03,0.6104417670682731,0.6104417670682731,0.6104417670682731,1.6327605372517178,1.6327605372517178,1.6327605372517178,11,24
diplopoda_hand_sorting,rare_weighted_observed_pool,0.04,0.6104417670682731,0.6104417670682731,0.6104417670682731,2.177014049668957,2.177014049668957,2.177014049668957,11,24
diplopoda_hand_sorting,rare_weighted_observed_pool,0.05,0.6104417670682731,0.6104417670682731,0.6104417670682731,2.7212675620861972,2.7212675620861972,2.7212675620861972,11,24
diplopoda_hand_sorting,rare_weighted_observed_pool,0.060000000000000005,0.6104417670682731,0.6104417670682731,0.6104417670682731,3.265521074503436,3.265521074503436,3.265521074503436,11,24
diplopoda_hand_sorting,rare_weighted_observed_pool,0.06999999999999999,0.6104417670682731,0.6104417670682731,0.6104417670682731,3.8021169655030964,3.8021169655030964,3.8021169655030964,11,24
diplopoda_hand_sorting,rare_weighted_observed_pool,0.08,0.6104417670682731,0.6104417670682731,0.6104417670682731,4.330933445371297,4.330933445371297,4.330933445371297,11,24
diplopoda_hand_sorting,rare_weighted_observed_pool,0.09,0.6104417670682731,0.6104417670682731,0.6104417670682731,4.859749925239495,4.859749925239495,4.859749925239495,11,24
diplopoda_hand_sorting,rare_weighted_observed_pool,0.09999999999999999,0.6104417670682731,0.6104417670682731,0.6104417670682731,5.336038219852488,5.336038219852488,5.336038219852488,11,24
diplopoda_hand_sorting,rare_weighted_observed_pool,0.11,0.6104417670682731,0.6104417670682731,0.6104417670682731,5.799360917339744,5.799360917339744,5.799360917339744,11,24
diplopoda_hand_sorting,rare_weighted_observed_pool,0.12,0.6104417670682731,0.6104417670682731,0.6104417670682731,6.262683614827002,6.262683614827002,6.262683614827002,11,24
diplopoda_hand_sorting,rare_weighted_observed_pool,0.13,0.6104417670682731,0.6104417670682731,0.6104417670682731,6.726006312314258,6.726006312314258,6.726006312314258,11,24
diplopoda_hand_sorting,rare_weighted_observed_pool,0.14,0.6104417670682731,0.6104417670682731,0.6104417670682731,7.189329009801516,7.189329009801516,7.189329009801516,11,24
diplopoda_hand_sorting,rare_weighted_observed_pool,0.15000000000000002,0.6104417670682731,0.6104417670682731,0.6104417670682731,7.652651707288772,7.652651707288772,7.652651707288772,11,24
diplopoda_hand_sorting,rare_weighted_observed_pool,0.16,0.6104417670682731,0.6104417670682731,0.6104417670682731,8.11078238947218,8.11078238947218,8.11078238947218,11,24
diplopoda_hand_sorting,rare_weighted_observed_pool,0.17,0.6104417670682731,0.6104417670682731,0.6104417670682731,8.498479381183667,8.498479381183667,8.498479381183667,11,24
diplopoda_hand_sorting,rare_weighted_observed_pool,0.18000000000000002,0.6104417670682731,0.6104417670682731,0.6104417670682731,8.886176372895155,8.886176372895155,8.886176372895155,11,24
diplopoda_hand_sorting,rare_weighted_observed_pool,0.19,0.6104417670682731,0.6104417670682731,0.6104417670682731,9.273873364606645,9.273873364606645,9.273873364606645,11,24
diplopoda_hand_sorting,rare_weighted_observed_pool,0.2,0.6104417670682731,0.6104417670682731,0.6104417670682731,9.661570356318135,9.661570356318135,9.661570356318135,11,24
diplopoda_hand_sorting,regional_pool,0.01,0.8273092369477911,0.8273092369477911,0.8273092369477911,0.8273092369477911,0.8273092369477911,0.8273092369477911,17,24
diplopoda_hand_sorting,regional_pool,0.02,0.8273092369477911,0.8273092369477911,0.8273092369477911,1.6546184738955823,1.6546184738955823,1.6546184738955823,17,24
diplopoda_hand_sorting,regional_pool,0.03,0.8273092369477911,0.8273092369477911,0.8273092369477911,2.4819277108433737,2.4819277108433737,2.4819277108433737,17,24
diplopoda_hand_sorting,regional_pool,0.04,0.8273092369477911,0.8273092369477911,0.8273092369477911,3.3092369477911645,3.3092369477911645,3.3092369477911645,17,24
diplopoda_hand_sorting,regional_pool,0.05,0.8273092369477911,0.8273092369477911,0.8273092369477911,4.136546184738956,4.136546184738956,4.136546184738956,17,24
diplopoda_hand_sorting,regional_pool,0.060000000000000005,0.8273092369477911,0.8273092369477911,0.8273092369477911,4.963855421686748,4.963855421686748,4.963855421686748,17,24
diplopoda_hand_sorting,regional_pool,0.06999999999999999,0.8273092369477911,0.8273092369477911,0.8273092369477911,5.791164658634537,5.791164658634537,5.791164658634537,17,24
diplopoda_hand_sorting,regional_pool,0.08,0.8273092369477911,0.8273092369477911,0.8273092369477911,6.618473895582329,6.618473895582329,6.618473895582329,17,24
diplopoda_hand_sorting,regional_pool,0.09,0.8273092369477911,0.8273092369477911,0.8273092369477911,7.445783132530121,7.445783132530121,7.445783132530121,17,24
diplopoda_hand_sorting,regional_pool,0.09999999999999999,0.8273092369477911,0.8273092369477911,0.8273092369477911,8.273092369477911,8.273092369477911,8.273092369477911,17,24
diplopoda_hand_sorting,regional_pool,0.11,0.8273092369477911,0.8273092369477911,0.8273092369477911,9.100401606425702,9.100401606425702,9.100401606425702,17,24
diplopoda_hand_sorting,regional_pool,0.12,0.8273092369477911,0.8273092369477911,0.8273092369477911,9.927710843373495,9.927710843373495,9.927710843373495,17,24
diplopoda_hand_sorting,regional_pool,0.13,0.8273092369477911,0.8273092369477911,0.8273092369477911,10.755020080321286,10.755020080321286,10.755020080321286,17,24
diplopoda_hand_sorting,regional_pool,0.14,0.8273092369477911,0.8273092369477911,0.8273092369477911,11.582329317269078,11.582329317269078,11.582329317269078,17,24
diplopoda_hand_sorting,regional_pool,0.15000000000000002,0.8273092369477911,0.8273092369477911,0.8273092369477911,12.409638554216869,12.409638554216869,12.409638554216869,17,24
diplopoda_hand_sorting,regional_pool,0.16,0.8273092369477911,0.8273092369477911,0.8273092369477911,13.236947791164658,13.236947791164658,13.236947791164658,17,24
diplopoda_hand_sorting,regional_pool,0.17,0.8273092369477911,0.8273092369477911,0.8273092369477911,14.064257028112452,14.064257028112452,14.064257028112452,17,24
diplopoda_hand_sorting,regional_pool,0.18000000000000002,0.8273092369477911,0.8273092369477911,0.8273092369477911,14.891566265060243,14.891566265060243,14.891566265060243,17,24
diplopoda_hand_sorting,regional_pool,0.19,0.8273092369477911,0.8273092369477911,0.8273092369477911,15.718875502008032,15.718875502008032,15.718875502008032,17,24
diplopoda_hand_sorting,regional_pool,0.2,0.8273092369477911,0.8273092369477911,0.8273092369477911,16.546184738955823,16.546184738955823,16.546184738955823,17,24
diplopoda_pitfall,observed_pool,0.01,0.6554621848739496,0.6554621848739496,0.6554621848739496,0.6554621848739496,0.6554621848739496,0.6554621848739496,10,17
diplopoda_pitfall,observed_pool,0.02,0.6554621848739496,0.6554621848739496,0.6554621848739496,1.3109243697478992,1.3109243697478992,1.3109243697478992,10,17
diplopoda_pitfall,observed_pool,0.03,0.6554621848739496,0.6554621848739496,0.6554621848739496,1.9663865546218486,1.9663865546218486,1.9663865546218486,10,17
diplopoda_pitfall,observed_pool,0.04,0.6554621848739496,0.6554621848739496,0.6554621848739496,2.6218487394957983,2.6218487394957983,2.6218487394957983,10,17
diplopoda_pitfall,observed_pool,0.05,0.6554621848739496,0.6554621848739496,0.6554621848739496,3.277310924369748,3.277310924369748,3.277310924369748,10,17
diplopoda_pitfall,observed_pool,0.060000000000000005,0.6554621848739496,0.6554621848739496,0.6554621848739496,3.932773109243698,3.932773109243698,3.932773109243698,10,17
diplopoda_pitfall,observed_pool,0.06999999999999999,0.6554621848739496,0.6554621848739496,0.6554621848739496,4.588235294117646,4.588235294117646,4.588235294117646,10,17
diplopoda_pitfall,observed_pool,0.08,0.6554621848739496,0.6554621848739496,0.6554621848739496,5.243697478991597,5.243697478991597,5.243697478991597,10,17
diplopoda_pitfall,observed_pool,0.09,0.6554621848739496,0.6554621848739496,0.6554621848739496,5.899159663865547,5.899159663865547,5.899159663865547,10,17
diplopoda_pitfall,observed_pool,0.09999999999999999,0.6554621848739496,0.6554621848739496,0.6554621848739496,6.554621848739495,6.554621848739495,6.554621848739495,10,17
diplopoda_pitfall,observed_pool,0.11,0.6554621848739496,0.6554621848739496,0.6554621848739496,7.2100840336134455,7.2100840336134455,7.2100840336134455,10,17
diplopoda_pitfall,observed_pool,0.12,0.6554621848739496,0.6554621848739496,0.6554621848739496,7.8655462184873945,7.8655462184873945,7.8655462184873945,10,17
diplopoda_pitfall,observed_pool,0.13,0.6554621848739496,0.6554621848739496,0.6554621848739496,8.521008403361344,8.521008403361344,8.521008403361344,10,17
diplopoda_pitfall,observed_pool,0.14,0.6554621848739496,0.6554621848739496,0.6554621848739496,9.176470588235295,9.176470588235295,9.176470588235295,10,17
diplopoda_pitfall,observed_pool,0.15000000000000002,0.6554621848739496,0.6554621848739496,0.6554621848739496,9.831932773109244,9.831932773109244,9.831932773109244,10,17
diplopoda_pitfall,observed_pool,0.16,0.6554621848739496,0.6554621848739496,0.6554621848739496,10.487394957983193,10.487394957983193,10.487394957983193,10,17
diplopoda_pitfall,observed_pool,0.17,0.6554621848739496,0.6554621848739496,0.6554621848739496,11.142857142857142,11.142857142857142,11.142857142857142,10,17
diplopoda_pitfall,observed_pool,0.18000000000000002,0.6554621848739496,0.6554621848739496,0.6554621848739496,11.798319327731093,11.798319327731093,11.798319327731093,10,17
diplopoda_pitfall,observed_pool,0.19,0.6554621848739496,0.6554621848739496,0.6554621848739496,12.453781512605042,12.453781512605042,12.453781512605042,10,17
diplopoda_pitfall,observed_pool,0.2,0.6554621848739496,0.6554621848739496,0.6554621848739496,13.109243697478991,13.109243697478991,13.109243697478991,10,17
diplopoda_pitfall,rare_weighted_observed_pool,0.01,0.6554621848739496,0.6554621848739496,0.6554621848739496,0.6218478366344674,0.6218478366344674,0.6218478366344674,10,17
diplopoda_pitfall,rare_weighted_observed_pool,0.02,0.6554621848739496,0.6554621848739496,0.6554621848739496,1.2436956732689348,1.2436956732689348,1.2436956732689348,10,17
diplopoda_pitfall,rare_weighted_observed_pool,0.03,0.6554621848739496,0.6554621848739496,0.6554621848739496,1.8655435099034026,1.8655435099034026,1.8655435099034026,10,17
diplopoda_pitfall,rare_weighted_observed_pool,0.04,0.6554621848739496,0.6554621848739496,0.6554621848739496,2.4873913465378696,2.4873913465378696,2.4873913465378696,10,17
diplopoda_pitfall,rare_weighted_observed_pool,0.05,0.6554621848739496,0.6554621848739496,0.6554621848739496,3.1092391831723374,3.1092391831723374,3.1092391831723374,10,17
diplopoda_pitfall,rare_weighted_observed_pool,0.060000000000000005,0.6554621848739496,0.6554621848739496,0.6554621848739496,3.731087019806805,3.731087019806805,3.731087019806805,10,17
diplopoda_pitfall,rare_weighted_observed_pool,0.06999999999999999,0.6554621848739496,0.6554621848739496,0.6554621848739496,4.352934856441271,4.352934856441271,4.352934856441271,10,17
diplopoda_pitfall,rare_weighted_observed_pool,0.08,0.6554621848739496,0.6554621848739496,0.6554621848739496,4.95066265512635,4.95066265512635,4.95066265512635,10,17
diplopoda_pitfall,rare_weighted_observed_pool,0.09,0.6554621848739496,0.6554621848739496,0.6554621848739496,5.464453470210419,5.464453470210419,5.464453470210419,10,17
diplopoda_pitfall,rare_weighted_observed_pool,0.09999999999999999,0.6554621848739496,0.6554621848739496,0.6554621848739496,5.9782442852944895,5.9782442852944895,5.9782442852944895,10,17
diplopoda_pitfall,rare_weighted_observed_pool,0.11,0.6554621848739496,0.6554621848739496,0.6554621848739496,6.4919599777933685,6.4919599777933685,6.4919599777933685,10,17
diplopoda_pitfall,rare_weighted_observed_pool,0.12,0.6554621848739496,0.6554621848739496,0.6554621848739496,6.967546866530886,6.967546866530886,6.967546866530886,10,17
diplopoda_pitfall,rare_weighted_observed_pool,0.13,0.6554621848739496,0.6554621848739496,0.6554621848739496,7.443133755268404,7.443133755268404,7.443133755268404,10,17
diplopoda_pitfall,rare_weighted_observed_pool,0.14,0.6554621848739496,0.6554621848739496,0.6554621848739496,7.893911864806778,7.893911864806778,7.893911864806778,10,17
diplopoda_pitfall,rare_weighted_observed_pool,0.15000000000000002,0.6554621848739496,0.6554621848739496,0.6554621848739496,8.322708690684333,8.322708690684333,8.322708690684333,10,17
diplopoda_pitfall,rare_weighted_observed_pool,0.16,0.6554621848739496,0.6554621848739496,0.6554621848739496,8.751505516561886,8.751505516561886,8.751505516561886,10,17
diplopoda_pitfall,rare_weighted_observed_pool,0.17,0.6554621848739496,0.6554621848739496,0.6554621848739496,9.180302342439441,9.180302342439441,9.180302342439441,10,17
diplopoda_pitfall,rare_weighted_observed_pool,0.18000000000000002,0.6554621848739496,0.6554621848739496,0.6554621848739496,9.609099168316998,9.609099168316998,9.609099168316998,10,17
diplopoda_pitfall,rare_weighted_observed_pool,0.19,0.6554621848739496,0.6554621848739496,0.6554621848739496,10.03789599419455,10.03789599419455,10.03789599419455,10,17
diplopoda_pitfall,rare_weighted_observed_pool,0.2,0.6554621848739496,0.6554621848739496,0.6554621848739496,10.466692820072106,10.466692820072106,10.466692820072106,10,17
diplopoda_pitfall,regional_pool,0.01,0.9327731092436975,0.9327731092436975,0.9327731092436975,0.9327731092436976,0.9327731092436976,0.9327731092436976,13,17
diplopoda_pitfall,regional_pool,0.02,0.9327731092436975,0.9327731092436975,0.9327731092436975,1.8655462184873952,1.8655462184873952,1.8655462184873952,13,17
diplopoda_pitfall,regional_pool,0.03,0.9327731092436975,0.9327731092436975,0.9327731092436975,2.7983193277310923,2.7983193277310923,2.7983193277310923,13,17
diplopoda_pitfall,regional_pool,0.04,0.9327731092436975,0.9327731092436975,0.9327731092436975,3.7310924369747904,3.7310924369747904,3.7310924369747904,13,17
diplopoda_pitfall,regional_pool,0.05,0.9327731092436975,0.9327731092436975,0.9327731092436975,4.663865546218489,4.663865546218489,4.663865546218489,13,17
diplopoda_pitfall,regional_pool,0.060000000000000005,0.9327731092436975,0.9327731092436975,0.9327731092436975,5.5966386554621845,5.5966386554621845,5.5966386554621845,13,17
diplopoda_pitfall,regional_pool,0.06999999999999999,0.9327731092436975,0.9327731092436975,0.9327731092436975,6.529411764705881,6.529411764705881,6.529411764705881,13,17
diplopoda_pitfall,regional_pool,0.08,0.9327731092436975,0.9327731092436975,0.9327731092436975,7.462184873949581,7.462184873949581,7.462184873949581,13,17
diplopoda_pitfall,regional_pool,0.09,0.9327731092436975,0.9327731092436975,0.9327731092436975,8.394957983193278,8.394957983193278,8.394957983193278,13,17
diplopoda_pitfall,regional_pool,0.09999999999999999,0.9327731092436975,0.9327731092436975,0.9327731092436975,9.327731092436975,9.327731092436975,9.327731092436975,13,17
diplopoda_pitfall,regional_pool,0.11,0.9327731092436975,0.9327731092436975,0.9327731092436975,10.260504201680673,10.260504201680673,10.260504201680673,13,17
diplopoda_pitfall,regional_pool,0.12,0.9327731092436975,0.9327731092436975,0.9327731092436975,11.193277310924369,11.193277310924369,11.193277310924369,13,17
diplopoda_pitfall,regional_pool,0.13,0.9327731092436975,0.9327731092436975,0.9327731092436975,12.126050420168067,12.126050420168067,12.126050420168067,13,17
diplopoda_pitfall,regional_pool,0.14,0.9327731092436975,0.9327731092436975,0.9327731092436975,13.058823529411766,13.058823529411766,13.058823529411766,13,17
diplopoda_pitfall,regional_pool,0.15000000000000002,0.9327731092436975,0.9327731092436975,0.9327731092436975,13.991596638655464,13.991596638655464,13.991596638655464,13,17
diplopoda_pitfall,regional_pool,0.16,0.9327731092436975,0.9327731092436975,0.9327731092436975,14.924369747899162,14.924369747899162,14.924369747899162,13,17
diplopoda_pitfall,regional_pool,0.17,0.9327731092436975,0.9327731092436975,0.9327731092436975,15.857142857142858,15.857142857142858,15.857142857142858,13,17
diplopoda_pitfall,regional_pool,0.18000000000000002,0.9327731092436975,0.9327731092436975,0.9327731092436975,16.789915966386555,16.789915966386555,16.789915966386555,13,17
diplopoda_pitfall,regional_pool,0.19,0.9327731092436975,0.9327731092436975,0.9327731092436975,17.722689075630253,17.722689075630253,17.722689075630253,13,17
diplopoda_pitfall,regional_pool,0.2,0.9327731092436975,0.9327731092436975,0.9327731092436975,18.655462184873954,18.655462184873954,18.655462184873954,13,17
formicidae_pitfall,observed_pool,0.01,0.975769669327252,0.975769669327252,0.975769669327252,0.9757696693272522,0.9757696693272522,0.9757696693272522,37,46
formicidae_pitfall,observed_pool,0.02,0.975769669327252,0.975769669327252,0.975769669327252,1.9515393386545044,1.9515393386545044,1.9515393386545044,37,46
formicidae_pitfall,observed_pool,0.03,0.975769669327252,0.975769669327252,0.975769669327252,2.927309007981756,2.927309007981756,2.927309007981756,37,46
formicidae_pitfall,observed_pool,0.04,0.975769669327252,0.975769669327252,0.975769669327252,3.9030786773090087,3.9030786773090087,3.9030786773090087,37,46
formicidae_pitfall,observed_pool,0.05,0.975769669327252,0.975769669327252,0.975769669327252,4.87884834663626,4.87884834663626,4.87884834663626,37,46
formicidae_pitfall,observed_pool,0.060000000000000005,0.975769669327252,0.975769669327252,0.975769669327252,5.854618015963513,5.854618015963513,5.854618015963513,37,46
formicidae_pitfall,observed_pool,0.06999999999999999,0.975769669327252,0.975769669327252,0.975769669327252,6.830387685290764,6.830387685290764,6.830387685290764,37,46
formicidae_pitfall,observed_pool,0.08,0.975769669327252,0.975769669327252,0.975769669327252,7.806157354618017,7.806157354618017,7.806157354618017,37,46
formicidae_pitfall,observed_pool,0.09,0.975769669327252,0.975769669327252,0.975769669327252,8.781927023945268,8.781927023945268,8.781927023945268,37,46
formicidae_pitfall,observed_pool,0.09999999999999999,0.975769669327252,0.975769669327252,0.975769669327252,9.757696693272518,9.757696693272518,9.757696693272518,37,46
formicidae_pitfall,observed_pool,0.11,0.975769669327252,0.975769669327252,0.975769669327252,10.733466362599772,10.733466362599772,10.733466362599772,37,46
formicidae_pitfall,observed_pool,0.12,0.975769669327252,0.975769669327252,0.975769669327252,11.709236031927023,11.709236031927023,11.709236031927023,37,46
formicidae_pitfall,observed_pool,0.13,0.975769669327252,0.975769669327252,0.975769669327252,12.685005701254276,12.685005701254276,12.685005701254276,37,46
formicidae_pitfall,observed_pool,0.14,0.975769669327252,0.975769669327252,0.975769669327252,13.660775370581527,13.660775370581527,13.660775370581527,37,46
formicidae_pitfall,observed_pool,0.15000000000000002,0.975769669327252,0.975769669327252,0.975769669327252,14.636545039908782,14.636545039908782,14.636545039908782,37,46
formicidae_pitfall,observed_pool,0.16,0.975769669327252,0.975769669327252,0.975769669327252,15.612314709236035,15.612314709236035,15.612314709236035,37,46
formicidae_pitfall,observed_pool,0.17,0.975769669327252,0.975769669327252,0.975769669327252,16.588084378563284,16.588084378563284,16.588084378563284,37,46
formicidae_pitfall,observed_pool,0.18000000000000002,0.975769669327252,0.975769669327252,0.975769669327252,17.563854047890537,17.563854047890537,17.563854047890537,37,46
formicidae_pitfall,observed_pool,0.19,0.975769669327252,0.975769669327252,0.975769669327252,18.539623717217786,18.539623717217786,18.539623717217786,37,46
formicidae_pitfall,observed_pool,0.2,0.975769669327252,0.975769669327252,0.975769669327252,19.51539338654504,19.51539338654504,19.51539338654504,37,46
formicidae_pitfall,rare_weighted_observed_pool,0.01,0.975769669327252,0.975769669327252,0.975769669327252,0.9079081995222898,0.9079081995222898,0.9079081995222898,37,46
formicidae_pitfall,rare_weighted_observed_pool,0.02,0.975769669327252,0.975769669327252,0.975769669327252,1.813699192473341,1.813699192473341,1.813699192473341,37,46
formicidae_pitfall,rare_weighted_observed_pool,0.03,0.975769669327252,0.975769669327252,0.975769669327252,2.709437266060663,2.709437266060663,2.709437266060663,37,46
formicidae_pitfall,rare_weighted_observed_pool,0.04,0.975769669327252,0.975769669327252,0.975769669327252,3.568602418406362,3.568602418406362,3.568602418406362,37,46
formicidae_pitfall,rare_weighted_observed_pool,0.05,0.975769669327252,0.975769669327252,0.975769669327252,4.402075308713822,4.402075308713822,4.402075308713822,37,46
formicidae_pitfall,rare_weighted_observed_pool,0.060000000000000005,0.975769669327252,0.975769669327252,0.975769669327252,5.205293580961678,5.205293580961678,5.205293580961678,37,46
formicidae_pitfall,rare_weighted_observed_pool,0.06999999999999999,0.975769669327252,0.975769669327252,0.975769669327252,5.963170152813609,5.963170152813609,5.963170152813609,37,46
formicidae_pitfall,rare_weighted_observed_pool,0.08,0.975769669327252,0.975769669327252,0.975769669327252,6.686187877569279,6.686187877569279,6.686187877569279,37,46
formicidae_pitfall,rare_weighted_observed_pool,0.09,0.975769669327252,0.975769669327252,0.975769669327252,7.358426274050723,7.358426274050723,7.358426274050723,37,46
formicidae_pitfall,rare_weighted_observed_pool,0.09999999999999999,0.975769669327252,0.975769669327252,0.975769669327252,7.981883537718591,7.981883537718591,7.981883537718591,37,46
formicidae_pitfall,rare_weighted_observed_pool,0.11,0.975769669327252,0.975769669327252,0.975769669327252,8.538520057636292,8.538520057636292,8.538520057636292,37,46
formicidae_pitfall,rare_weighted_observed_pool,0.12,0.975769669327252,0.975769669327252,0.975769669327252,9.034411895699737,9.034411895699737,9.034411895699737,37,46
formicidae_pitfall,rare_weighted_observed_pool,0.13,0.975769669327252,0.975769669327252,0.975769669327252,9.524487364393073,9.524487364393073,9.524487364393073,37,46
formicidae_pitfall,rare_weighted_observed_pool,0.14,0.975769669327252,0.975769669327252,0.975769669327252,10.014562833086408,10.014562833086408,10.014562833086408,37,46
formicidae_pitfall,rare_weighted_observed_pool,0.15000000000000002,0.975769669327252,0.975769669327252,0.975769669327252,10.483807105084512,10.483807105084512,10.483807105084512,37,46
formicidae_pitfall,rare_weighted_observed_pool,0.16,0.975769669327252,0.975769669327252,0.975769669327252,10.941374481075325,10.941374481075325,10.941374481075325,37,46
formicidae_pitfall,rare_weighted_observed_pool,0.17,0.975769669327252,0.975769669327252,0.975769669327252,11.354795472225195,11.354795472225195,11.354795472225195,37,46
formicidae_pitfall,rare_weighted_observed_pool,0.18000000000000002,0.975769669327252,0.975769669327252,0.975769669327252,11.738081113726404,11.738081113726404,11.738081113726404,37,46
formicidae_pitfall,rare_weighted_observed_pool,0.19,0.975769669327252,0.975769669327252,0.975769669327252,12.12136675522761,12.12136675522761,12.12136675522761,37,46
formicidae_pitfall,rare_weighted_observed_pool,0.2,0.975769669327252,0.975769669327252,0.975769669327252,12.504652396728819,12.504652396728819,12.504652396728819,37,46
formicidae_pitfall,regional_pool,0.01,0.9851767388825542,0.9851767388825542,0.9851767388825542,0.9851767388825542,0.9851767388825542,0.9851767388825542,44,46
formicidae_pitfall,regional_pool,0.02,0.9851767388825542,0.9851767388825542,0.9851767388825542,1.9703534777651084,1.9703534777651084,1.9703534777651084,44,46
formicidae_pitfall,regional_pool,0.03,0.9851767388825542,0.9851767388825542,0.9851767388825542,2.9555302166476625,2.9555302166476625,2.9555302166476625,44,46
formicidae_pitfall,regional_pool,0.04,0.9851767388825542,0.9851767388825542,0.9851767388825542,3.9407069555302168,3.9407069555302168,3.9407069555302168,44,46
formicidae_pitfall,regional_pool,0.05,0.9851767388825542,0.9851767388825542,0.9851767388825542,4.925883694412771,4.925883694412771,4.925883694412771,44,46
formicidae_pitfall,regional_pool,0.060000000000000005,0.9851767388825542,0.9851767388825542,0.9851767388825542,5.911060433295325,5.911060433295325,5.911060433295325,44,46
formicidae_pitfall,regional_pool,0.06999999999999999,0.9851767388825542,0.9851767388825542,0.9851767388825542,6.896237172177879,6.896237172177879,6.896237172177879,44,46
formicidae_pitfall,regional_pool,0.08,0.9851767388825542,0.9851767388825542,0.9851767388825542,7.8814139110604335,7.8814139110604335,7.8814139110604335,44,46
formicidae_pitfall,regional_pool,0.09,0.9851767388825542,0.9851767388825542,0.9851767388825542,8.866590649942989,8.866590649942989,8.866590649942989,44,46
formicidae_pitfall,regional_pool,0.09999999999999999,0.9851767388825542,0.9851767388825542,0.9851767388825542,9.851767388825541,9.851767388825541,9.851767388825541,44,46
formicidae_pitfall,regional_pool,0.11,0.9851767388825542,0.9851767388825542,0.9851767388825542,10.836944127708096,10.836944127708096,10.836944127708096,44,46
formicidae_pitfall,regional_pool,0.12,0.9851767388825542,0.9851767388825542,0.9851767388825542,11.82212086659065,11.82212086659065,11.82212086659065,44,46
formicidae_pitfall,regional_pool,0.13,0.9851767388825542,0.9851767388825542,0.9851767388825542,12.807297605473204,12.807297605473204,12.807297605473204,44,46
formicidae_pitfall,regional_pool,0.14,0.9851767388825542,0.9851767388825542,0.9851767388825542,13.792474344355758,13.792474344355758,13.792474344355758,44,46
formicidae_pitfall,regional_pool,0.15000000000000002,0.9851767388825542,0.9851767388825542,0.9851767388825542,14.777651083238315,14.777651083238315,14.777651083238315,44,46
formicidae_pitfall,regional_pool,0.16,0.9851767388825542,0.9851767388825542,0.9851767388825542,15.762827822120867,15.762827822120867,15.762827822120867,44,46
formicidae_pitfall,regional_pool,0.17,0.9851767388825542,0.9851767388825542,0.9851767388825542,16.74800456100342,16.74800456100342,16.74800456100342,44,46
formicidae_pitfall,regional_pool,0.18000000000000002,0.9851767388825542,0.9851767388825542,0.9851767388825542,17.733181299885977,17.733181299885977,17.733181299885977,44,46
formicidae_pitfall,regional_pool,0.19,0.9851767388825542,0.9851767388825542,0.9851767388825542,18.718358038768528,18.718358038768528,18.718358038768528,44,46
formicidae_pitfall,regional_pool,0.2,0.9851767388825542,0.9851767388825542,0.9851767388825542,19.703534777651083,19.703534777651083,19.703534777651083,44,46
isopoda_hand_sorting,observed_pool,0.01,0.4265129682997118,0.4265129682997118,0.4265129682997118,0.4265129682997118,0.4265129682997118,0.4265129682997118,11,17
isopoda_hand_sorting,observed_pool,0.02,0.4265129682997118,0.4265129682997118,0.4265129682997118,0.8530259365994236,0.8530259365994236,0.8530259365994236,11,17
isopoda_hand_sorting,observed_pool,0.03,0.4265129682997118,0.4265129682997118,0.4265129682997118,1.2795389048991352,1.2795389048991352,1.2795389048991352,11,17
isopoda_hand_sorting,observed_pool,0.04,0.4265129682997118,0.4265129682997118,0.4265129682997118,1.7060518731988472,1.7060518731988472,1.7060518731988472,11,17
isopoda_hand_sorting,observed_pool,0.05,0.4265129682997118,0.4265129682997118,0.4265129682997118,2.132564841498559,2.132564841498559,2.132564841498559,11,17
isopoda_hand_sorting,observed_pool,0.060000000000000005,0.4265129682997118,0.4265129682997118,0.4265129682997118,2.5590778097982714,2.5590778097982714,2.5590778097982714,11,17
isopoda_hand_sorting,observed_pool,0.06999999999999999,0.4265129682997118,0.4265129682997118,0.4265129682997118,2.9855907780979827,2.9855907780979827,2.9855907780979827,11,17
isopoda_hand_sorting,observed_pool,0.08,0.4265129682997118,0.4265129682997118,0.4265129682997118,3.4121037463976944,3.4121037463976944,3.4121037463976944,11,17
isopoda_hand_sorting,observed_pool,0.09,0.4265129682997118,0.4265129682997118,0.4265129682997118,3.838616714697406,3.838616714697406,3.838616714697406,11,17
isopoda_hand_sorting,observed_pool,0.09999999999999999,0.4265129682997118,0.4265129682997118,0.4265129682997118,4.265129682997118,4.265129682997118,4.265129682997118,11,17
isopoda_hand_sorting,observed_pool,0.11,0.4265129682997118,0.4265129682997118,0.4265129682997118,4.69164265129683,4.69164265129683,4.69164265129683,11,17
isopoda_hand_sorting,observed_pool,0.12,0.4265129682997118,0.4265129682997118,0.4265129682997118,5.118155619596541,5.118155619596541,5.118155619596541,11,17
isopoda_hand_sorting,observed_pool,0.13,0.4265129682997118,0.4265129682997118,0.4265129682997118,5.544668587896254,5.544668587896254,5.544668587896254,11,17
isopoda_hand_sorting,observed_pool,0.14,0.4265129682997118,0.4265129682997118,0.4265129682997118,5.971181556195967,5.971181556195967,5.971181556195967,11,17
isopoda_hand_sorting,observed_pool,0.15000000000000002,0.4265129682997118,0.4265129682997118,0.4265129682997118,6.397694524495678,6.397694524495678,6.397694524495678,11,17
isopoda_hand_sorting,observed_pool,0.16,0.4265129682997118,0.4265129682997118,0.4265129682997118,6.824207492795389,6.824207492795389,6.824207492795389,11,17
isopoda_hand_sorting,observed_pool,0.17,0.4265129682997118,0.4265129682997118,0.4265129682997118,7.250720461095102,7.250720461095102,7.250720461095102,11,17
isopoda_hand_sorting,observed_pool,0.18000000000000002,0.4265129682997118,0.4265129682997118,0.4265129682997118,7.677233429394814,7.677233429394814,7.677233429394814,11,17
isopoda_hand_sorting,observed_pool,0.19,0.4265129682997118,0.4265129682997118,0.4265129682997118,8.103746397694524,8.103746397694524,8.103746397694524,11,17
isopoda_hand_sorting,observed_pool,0.2,0.4265129682997118,0.4265129682997118,0.4265129682997118,8.530259365994237,8.530259365994237,8.530259365994237,11,17
isopoda_hand_sorting,rare_weighted_observed_pool,0.01,0.4265129682997118,0.4265129682997118,0.4265129682997118,0.594556311130369,0.594556311130369,0.594556311130369,11,17
isopoda_hand_sorting,rare_weighted_observed_pool,0.02,0.4265129682997118,0.4265129682997118,0.4265129682997118,1.189112622260738,1.189112622260738,1.189112622260738,11,17
isopoda_hand_sorting,rare_weighted_observed_pool,0.03,0.4265129682997118,0.4265129682997118,0.4265129682997118,1.783668933391107,1.783668933391107,1.783668933391107,11,17
isopoda_hand_sorting,rare_weighted_observed_pool,0.04,0.4265129682997118,0.4265129682997118,0.4265129682997118,2.378225244521476,2.378225244521476,2.378225244521476,11,17
isopoda_hand_sorting,rare_weighted_observed_pool,0.05,0.4265129682997118,0.4265129682997118,0.4265129682997118,2.962029531613795,2.962029531613795,2.962029531613795,11,17
isopoda_hand_sorting,rare_weighted_observed_pool,0.060000000000000005,0.4265129682997118,0.4265129682997118,0.4265129682997118,3.5400262160345375,3.5400262160345375,3.5400262160345375,11,17
isopoda_hand_sorting,rare_weighted_observed_pool,0.06999999999999999,0.4265129682997118,0.4265129682997118,0.4265129682997118,4.118022900455277,4.118022900455277,4.118022900455277,11,17
isopoda_hand_sorting,rare_weighted_observed_pool,0.08,0.4265129682997118,0.4265129682997118,0.4265129682997118,4.656063814896019,4.656063814896019,4.656063814896019,11,17
isopoda_hand_sorting,rare_weighted_observed_pool,0.09,0.4265129682997118,0.4265129682997118,0.4265129682997118,5.1480141548704115,5.1480141548704115,5.1480141548704115,11,17
isopoda_hand_sorting,rare_weighted_observed_pool,0.09999999999999999,0.4265129682997118,0.4265129682997118,0.4265129682997118,5.639964494844806,5.639964494844806,5.639964494844806,11,17
isopoda_hand_sorting,rare_weighted_observed_pool,0.11,0.4265129682997118,0.4265129682997118,0.4265129682997118,6.118002498414664,6.118002498414664,6.118002498414664,11,17
isopoda_hand_sorting,rare_weighted_observed_pool,0.12,0.4265129682997118,0.4265129682997118,0.4265129682997118,6.569390202619507,6.569390202619507,6.569390202619507,11,17
isopoda_hand_sorting,rare_weighted_observed_pool,0.13,0.4265129682997118,0.4265129682997118,0.4265129682997118,7.020777906824352,7.020777906824352,7.020777906824352,11,17
isopoda_hand_sorting,rare_weighted_observed_pool,0.14,0.4265129682997118,0.4265129682997118,0.4265129682997118,7.425076274815627,7.425076274815627,7.425076274815627,11,17
isopoda_hand_sorting,rare_weighted_observed_pool,0.15000000000000002,0.4265129682997118,0.4265129682997118,0.4265129682997118,7.826785098891589,7.826785098891589,7.826785098891589,11,17
isopoda_hand_sorting,rare_weighted_observed_pool,0.16,0.4265129682997118,0.4265129682997118,0.4265129682997118,8.228493922967548,8.228493922967548,8.228493922967548,11,17
isopoda_hand_sorting,rare_weighted_observed_pool,0.17,0.4265129682997118,0.4265129682997118,0.4265129682997118,8.585520636979686,8.585520636979686,8.585520636979686,11,17
isopoda_hand_sorting,rare_weighted_observed_pool,0.18000000000000002,0.4265129682997118,0.4265129682997118,0.4265129682997118,8.921065252324148,8.921065252324148,8.921065252324148,11,17
isopoda_hand_sorting,rare_weighted_observed_pool,0.19,0.4265129682997118,0.4265129682997118,0.4265129682997118,9.189959569416436,9.189959569416436,9.189959569416436,11,17
isopoda_hand_sorting,rare_weighted_observed_pool,0.2,0.4265129682997118,0.4265129682997118,0.4265129682997118,9.389249114477487,9.389249114477487,9.389249114477487,11,17
isopoda_hand_sorting,regional_pool,0.01,0.9510086455331412,0.9510086455331412,0.9510086455331412,0.9510086455331412,0.9510086455331412,0.9510086455331412,13,17
isopoda_hand_sorting,regional_pool,0.02,0.9510086455331412,0.9510086455331412,0.9510086455331412,1.9020172910662825,1.9020172910662825,1.9020172910662825,13,17
isopoda_hand_sorting,regional_pool,0.03,0.9510086455331412,0.9510086455331412,0.9510086455331412,2.8530259365994235,2.8530259365994235,2.8530259365994235,13,17
isopoda_hand_sorting,regional_pool,0.04,0.9510086455331412,0.9510086455331412,0.9510086455331412,3.804034582132565,3.804034582132565,3.804034582132565,13,17
isopoda_hand_sorting,regional_pool,0.05,0.9510086455331412,0.9510086455331412,0.9510086455331412,4.755043227665706,4.755043227665706,4.755043227665706,13,17
isopoda_hand_sorting,regional_pool,0.060000000000000005,0.9510086455331412,0.9510086455331412,0.9510086455331412,5.706051873198847,5.706051873198847,5.706051873198847,13,17
isopoda_hand_sorting,regional_pool,0.06999999999999999,0.9510086455331412,0.9510086455331412,0.9510086455331412,6.6570605187319885,6.6570605187319885,6.6570605187319885,13,17
isopoda_hand_sorting,regional_pool,0.08,0.9510086455331412,0.9510086455331412,0.9510086455331412,7.60806916426513,7.60806916426513,7.60806916426513,13,17
isopoda_hand_sorting,regional_pool,0.09,0.9510086455331412,0.9510086455331412,0.9510086455331412,8.559077809798271,8.559077809798271,8.559077809798271,13,17
isopoda_hand_sorting,regional_pool,0.09999999999999999,0.9510086455331412,0.9510086455331412,0.9510086455331412,9.510086455331413,9.510086455331413,9.510086455331413,13,17
isopoda_hand_sorting,regional_pool,0.11,0.9510086455331412,0.9510086455331412,0.9510086455331412,10.461095100864553,10.461095100864553,10.461095100864553,13,17
isopoda_hand_sorting,regional_pool,0.12,0.9510086455331412,0.9510086455331412,0.9510086455331412,11.412103746397694,11.412103746397694,11.412103746397694,13,17
isopoda_hand_sorting,regional_pool,0.13,0.9510086455331412,0.9510086455331412,0.9510086455331412,12.363112391930839,12.363112391930839,12.363112391930839,13,17
isopoda_hand_sorting,regional_pool,0.14,0.9510086455331412,0.9510086455331412,0.9510086455331412,13.314121037463977,13.314121037463977,13.314121037463977,13,17
isopoda_hand_sorting,regional_pool,0.15000000000000002,0.9510086455331412,0.9510086455331412,0.9510086455331412,14.26512968299712,14.26512968299712,14.26512968299712,13,17
isopoda_hand_sorting,regional_pool,0.16,0.9510086455331412,0.9510086455331412,0.9510086455331412,15.21613832853026,15.21613832853026,15.21613832853026,13,17
isopoda_hand_sorting,regional_pool,0.17,0.9510086455331412,0.9510086455331412,0.9510086455331412,16.1671469740634,16.1671469740634,16.1671469740634,13,17
isopoda_hand_sorting,regional_pool,0.18000000000000002,0.9510086455331412,0.9510086455331412,0.9510086455331412,17.118155619596543,17.118155619596543,17.118155619596543,13,17
isopoda_hand_sorting,regional_pool,0.19,0.9510086455331412,0.9510086455331412,0.9510086455331412,18.069164265129682,18.069164265129682,18.069164265129682,13,17
isopoda_hand_sorting,regional_pool,0.2,0.9510086455331412,0.9510086455331412,0.9510086455331412,19.020172910662826,19.020172910662826,19.020172910662826,13,17
isopoda_pitfall,observed_pool,0.01,0.6279620853080569,0.6279620853080569,0.6279620853080569,0.6279620853080569,0.6279620853080569,0.6279620853080569,13,18
isopoda_pitfall,observed_pool,0.02,0.6279620853080569,0.6279620853080569,0.6279620853080569,1.2559241706161137,1.2559241706161137,1.2559241706161137,13,18
isopoda_pitfall,observed_pool,0.03,0.6279620853080569,0.6279620853080569,0.6279620853080569,1.8838862559241707,1.8838862559241707,1.8838862559241707,13,18
isopoda_pitfall,observed_pool,0.04,0.6279620853080569,0.6279620853080569,0.6279620853080569,2.5118483412322274,2.5118483412322274,2.5118483412322274,13,18
isopoda_pitfall,observed_pool,0.05,0.6279620853080569,0.6279620853080569,0.6279620853080569,3.139810426540284,3.139810426540284,3.139810426540284,13,18
isopoda_pitfall,observed_pool,0.060000000000000005,0.6279620853080569,0.6279620853080569,0.6279620853080569,3.767772511848342,3.767772511848342,3.767772511848342,13,18
isopoda_pitfall,observed_pool,0.06999999999999999,0.6279620853080569,0.6279620853080569,0.6279620853080569,4.395734597156397,4.395734597156397,4.395734597156397,13,18
isopoda_pitfall,observed_pool,0.08,0.6279620853080569,0.6279620853080569,0.6279620853080569,5.023696682464455,5.023696682464455,5.023696682464455,13,18
isopoda_pitfall,observed_pool,0.09,0.6279620853080569,0.6279620853080569,0.6279620853080569,5.651658767772512,5.651658767772512,5.651658767772512,13,18
isopoda_pitfall,observed_pool,0.09999999999999999,0.6279620853080569,0.6279620853080569,0.6279620853080569,6.2796208530805675,6.2796208530805675,6.2796208530805675,13,18
isopoda_pitfall,observed_pool,0.11,0.6279620853080569,0.6279620853080569,0.6279620853080569,6.907582938388626,6.907582938388626,6.907582938388626,13,18
isopoda_pitfall,observed_pool,0.12,0.6279620853080569,0.6279620853080569,0.6279620853080569,7.535545023696683,7.535545023696683,7.535545023696683,13,18
isopoda_pitfall,observed_pool,0.13,0.6279620853080569,0.6279620853080569,0.6279620853080569,8.16350710900474,8.16350710900474,8.16350710900474,13,18
isopoda_pitfall,observed_pool,0.14,0.6279620853080569,0.6279620853080569,0.6279620853080569,8.791469194312796,8.791469194312796,8.791469194312796,13,18
isopoda_pitfall,observed_pool,0.15000000000000002,0.6279620853080569,0.6279620853080569,0.6279620853080569,9.419431279620856,9.419431279620856,9.419431279620856,13,18
isopoda_pitfall,observed_pool,0.16,0.6279620853080569,0.6279620853080569,0.6279620853080569,10.04739336492891,10.04739336492891,10.04739336492891,13,18
isopoda_pitfall,observed_pool,0.17,0.6279620853080569,0.6279620853080569,0.6279620853080569,10.675355450236967,10.675355450236967,10.675355450236967,13,18
isopoda_pitfall,observed_pool,0.18000000000000002,0.6279620853080569,0.6279620853080569,0.6279620853080569,11.303317535545025,11.303317535545025,11.303317535545025,13,18
isopoda_pitfall,observed_pool,0.19,0.6279620853080569,0.6279620853080569,0.6279620853080569,11.931279620853081,11.931279620853081,11.931279620853081,13,18
isopoda_pitfall,observed_pool,0.2,0.6279620853080569,0.6279620853080569,0.6279620853080569,12.559241706161137,12.559241706161137,12.559241706161137,13,18
isopoda_pitfall,rare_weighted_observed_pool,0.01,0.6279620853080569,0.6279620853080569,0.6279620853080569,0.7395188374436819,0.7395188374436819,0.7395188374436819,13,18
isopoda_pitfall,rare_weighted_observed_pool,0.02,0.6279620853080569,0.6279620853080569,0.6279620853080569,1.4790376748873637,1.4790376748873637,1.4790376748873637,13,18
isopoda_pitfall,rare_weighted_observed_pool,0.03,0.6279620853080569,0.6279620853080569,0.6279620853080569,2.2185565123310456,2.2185565123310456,2.2185565123310456,13,18
isopoda_pitfall,rare_weighted_observed_pool,0.04,0.6279620853080569,0.6279620853080569,0.6279620853080569,2.957179065280121,2.957179065280121,2.957179065280121,13,18
isopoda_pitfall,rare_weighted_observed_pool,0.05,0.6279620853080569,0.6279620853080569,0.6279620853080569,3.6816634050598673,3.6816634050598673,3.6816634050598673,13,18
isopoda_pitfall,rare_weighted_observed_pool,0.060000000000000005,0.6279620853080569,0.6279620853080569,0.6279620853080569,4.387970683486506,4.387970683486506,4.387970683486506,13,18
isopoda_pitfall,rare_weighted_observed_pool,0.06999999999999999,0.6279620853080569,0.6279620853080569,0.6279620853080569,5.06993104226664,5.06993104226664,5.06993104226664,13,18
isopoda_pitfall,rare_weighted_observed_pool,0.08,0.6279620853080569,0.6279620853080569,0.6279620853080569,5.751891401046777,5.751891401046777,5.751891401046777,13,18
isopoda_pitfall,rare_weighted_observed_pool,0.09,0.6279620853080569,0.6279620853080569,0.6279620853080569,6.433851759826913,6.433851759826913,6.433851759826913,13,18
isopoda_pitfall,rare_weighted_observed_pool,0.09999999999999999,0.6279620853080569,0.6279620853080569,0.6279620853080569,7.102993877416786,7.102993877416786,7.102993877416786,13,18
isopoda_pitfall,rare_weighted_observed_pool,0.11,0.6279620853080569,0.6279620853080569,0.6279620853080569,7.711561895118496,7.711561895118496,7.711561895118496,13,18
isopoda_pitfall,rare_weighted_observed_pool,0.12,0.6279620853080569,0.6279620853080569,0.6279620853080569,8.209302439481537,8.209302439481537,8.209302439481537,13,18
isopoda_pitfall,rare_weighted_observed_pool,0.13,0.6279620853080569,0.6279620853080569,0.6279620853080569,8.6885334089644,8.6885334089644,8.6885334089644,13,18
isopoda_pitfall,rare_weighted_observed_pool,0.14,0.6279620853080569,0.6279620853080569,0.6279620853080569,9.164116037968308,9.164116037968308,9.164116037968308,13,18
isopoda_pitfall,rare_weighted_observed_pool,0.15000000000000002,0.6279620853080569,0.6279620853080569,0.6279620853080569,9.590192031201658,9.590192031201658,9.590192031201658,13,18
isopoda_pitfall,rare_weighted_observed_pool,0.16,0.6279620853080569,0.6279620853080569,0.6279620853080569,10.016268024435005,10.016268024435005,10.016268024435005,13,18
isopoda_pitfall,rare_weighted_observed_pool,0.17,0.6279620853080569,0.6279620853080569,0.6279620853080569,10.442344017668356,10.442344017668356,10.442344017668356,13,18
isopoda_pitfall,rare_weighted_observed_pool,0.18000000000000002,0.6279620853080569,0.6279620853080569,0.6279620853080569,10.868420010901705,10.868420010901705,10.868420010901705,13,18
isopoda_pitfall,rare_weighted_observed_pool,0.19,0.6279620853080569,0.6279620853080569,0.6279620853080569,11.294496004135052,11.294496004135052,11.294496004135052,13,18
isopoda_pitfall,rare_weighted_observed_pool,0.2,0.6279620853080569,0.6279620853080569,0.6279620853080569,11.698164885003242,11.698164885003242,11.698164885003242,13,18
isopoda_pitfall,regional_pool,0.01,0.9834123222748815,0.9834123222748815,0.9834123222748815,0.9834123222748816,0.9834123222748816,0.9834123222748816,14,18
isopoda_pitfall,regional_pool,0.02,0.9834123222748815,0.9834123222748815,0.9834123222748815,1.9668246445497632,1.9668246445497632,1.9668246445497632,14,18
isopoda_pitfall,regional_pool,0.03,0.9834123222748815,0.9834123222748815,0.9834123222748815,2.9502369668246446,2.9502369668246446,2.9502369668246446,14,18
isopoda_pitfall,regional_pool,0.04,0.9834123222748815,0.9834123222748815,0.9834123222748815,3.9336492890995265,3.9336492890995265,3.9336492890995265,14,18
isopoda_pitfall,regional_pool,0.05,0.9834123222748815,0.9834123222748815,0.9834123222748815,4.9170616113744074,4.9170616113744074,4.9170616113744074,14,18
isopoda_pitfall,regional_pool,0.060000000000000005,0.9834123222748815,0.9834123222748815,0.9834123222748815,5.900473933649289,5.900473933649289,5.900473933649289,14,18
isopoda_pitfall,regional_pool,0.06999999999999999,0.9834123222748815,0.9834123222748815,0.9834123222748815,6.883886255924169,6.883886255924169,6.883886255924169,14,18
isopoda_pitfall,regional_pool,0.08,0.9834123222748815,0.9834123222748815,0.9834123222748815,7.867298578199053,7.867298578199053,7.867298578199053,14,18
isopoda_pitfall,regional_pool,0.09,0.9834123222748815,0.9834123222748815,0.9834123222748815,8.850710900473933,8.850710900473933,8.850710900473933,14,18
isopoda_pitfall,regional_pool,0.09999999999999999,0.9834123222748815,0.9834123222748815,0.9834123222748815,9.834123222748813,9.834123222748813,9.834123222748813,14,18
isopoda_pitfall,regional_pool,0.11,0.9834123222748815,0.9834123222748815,0.9834123222748815,10.817535545023697,10.817535545023697,10.817535545023697,14,18
isopoda_pitfall,regional_pool,0.12,0.9834123222748815,0.9834123222748815,0.9834123222748815,11.800947867298579,11.800947867298579,11.800947867298579,14,18
isopoda_pitfall,regional_pool,0.13,0.9834123222748815,0.9834123222748815,0.9834123222748815,12.78436018957346,12.78436018957346,12.78436018957346,14,18
isopoda_pitfall,regional_pool,0.14,0.9834123222748815,0.9834123222748815,0.9834123222748815,13.767772511848344,13.767772511848344,13.767772511848344,14,18
isopoda_pitfall,regional_pool,0.15000000000000002,0.9834123222748815,0.9834123222748815,0.9834123222748815,14.751184834123224,14.751184834123224,14.751184834123224,14,18
isopoda_pitfall,regional_pool,0.16,0.9834123222748815,0.9834123222748815,0.9834123222748815,15.734597156398106,15.734597156398106,15.734597156398106,14,18
isopoda_pitfall,regional_pool,0.17,0.9834123222748815,0.9834123222748815,0.9834123222748815,16.71800947867299,16.71800947867299,16.71800947867299,14,18
isopoda_pitfall,regional_pool,0.18000000000000002,0.9834123222748815,0.9834123222748815,0.9834123222748815,17.701421800947873,17.701421800947873,17.701421800947873,14,18
isopoda_pitfall,regional_pool,0.19,0.9834123222748815,0.9834123222748815,0.9834123222748815,18.684834123222746,18.684834123222746,18.684834123222746,14,18
isopoda_pitfall,regional_pool,0.2,0.9834123222748815,0.9834123222748815,0.9834123222748815,19.66824644549763,19.66824644549763,19.66824644549763,14,18
