assemblage_id,group_label,method,analysis_tier,scenario,scenario_family,baseline_scenario,unit_type,iter,gamma_change_pct,mean_q0_change_pct,mean_q1_change_pct,mean_q2_change_pct,abundance_stability,q0_stability,q1_stability,q2_stability,n_common_sites,bray_stability,sorensen_stability,jaccard_stability,bray_mean_change_pct,sorensen_mean_change_pct,jaccard_mean_change_pct,ordination_procrustes_r2,gdm_bray_n_sites,gdm_bray_explained_baseline,gdm_bray_explained_scenario,gdm_bray_delta_explained,gdm_bray_predicted_stability,gdm_bray_term_rank_stability,gdm_sorensen_n_sites,gdm_sorensen_explained_baseline,gdm_sorensen_explained_scenario,gdm_sorensen_delta_explained,gdm_sorensen_predicted_stability,gdm_sorensen_term_rank_stability
diplopoda_pitfall,Diplopoda,pitfall-trap,secondary,rtu_mixed_best_available,workflow,rtu_mixed_best_available,mixed_RTU,1,0,0,0,0,0.9999999999999998,0.9999999999999998,1,1,33,0.9999999999999998,0.9999999999999998,0.9999999999999998,0,0,0,0.9999999999999998,33,7.025793936840941,7.025793936840941,0,1,1,33,8.10921731780443,8.10921731780443,0,1,1
diplopoda_pitfall,Diplopoda,pitfall-trap,secondary,rtu_species_only_drop_unresolved,workflow,rtu_mixed_best_available,species_only,1,-29.166666666666664,-24.99999999999999,-10.949963756351355,-20.464025058617974,0.9238625896296503,0.9473925703124113,0.8271176329988842,0.9481285417997015,31,0.9589331322782284,0.9615954318569804,0.9615954318569804,-0.843218770923615,-1.4340865220846988,-1.9701479276797884,0.978106283226478,31,6.466840153554976,4.415236863208527,-2.051603290346449,0.9800633273976331,0.4,31,7.249526846748145,4.615442130829528,-2.6340847159186165,0.9815086624623451,0.8
diplopoda_pitfall,Diplopoda,pitfall-trap,secondary,rtu_rare_species_to_genus,workflow,rtu_mixed_best_available,mixed_RTU,1,-25,-3.57142857142857,-1.2052612310712418,-1.6897574462548914,0.9999999999999998,0.9954222810097647,0.9736933547622647,0.997978561579945,33,0.9343246080360462,0.9380463524486942,0.9380463524486942,-0.8142189664078425,-1.1975483730201963,-0.905854295886499,0.9201916078952923,33,7.025793936840941,5.749049988356225,-1.2767439484847163,0.9602444944960451,0.4,33,8.10921731780443,7.279172219404472,-0.8300450983999568,0.9849360679029275,0.8
diplopoda_pitfall,Diplopoda,pitfall-trap,secondary,adult_only_strict,ontogenetic_filtering,rtu_mixed_best_available,adult_RTU,1,-8.333333333333337,-19.642857142857128,-7.273220722549545,-13.906918806248258,0.9199428401109612,0.9297104609127731,0.8865296127545638,0.9413469003185806,31,0.896444662325372,0.9077685908849755,0.9077685908849755,0.08839030473251075,0.6512235792509813,0.17052886021600155,0.9491409166679243,31,9.02962947175463,9.35618017577874,0.32655070402410935,0.9761615194756218,1,31,10.612972415398925,11.492872549388622,0.8799001339896968,0.9764546444069951,0.8
diplopoda_pitfall,Diplopoda,pitfall-trap,secondary,rtu_mixed_genus_resolvable,resolution_genus,rtu_mixed_genus_resolvable,genus_resolvable_RTU,1,0,0,0,0,1,1,1,1,33,1,1,1,0,0,0,1,33,6.294493963888703,6.294493963888703,0,1,1,33,6.629729564547027,6.629729564547027,0,1,1
diplopoda_pitfall,Diplopoda,pitfall-trap,secondary,rtu_genus_level,resolution_genus,rtu_mixed_genus_resolvable,genus_units,1,-47.61904761904761,-9.433962264150942,-4.254929538221397,-6.347735195984572,1,0.9856000127731148,0.8954200469017811,0.9857546760486222,33,0.7436420594617047,0.7433478425897944,0.7433478425897944,-4.49884605656049,-7.620053190959519,-6.078705757875702,0.7515703726713683,33,6.294493963888703,2.3437929162569704,-3.950701047631733,0.8481569894864466,-0.4,33,6.629729564547027,3.2674630193897047,-3.3622665451573224,0.8280090282014718,0
diplopoda_pitfall,Diplopoda,pitfall-trap,secondary,rtu_mixed_family_resolvable,resolution_family,rtu_mixed_family_resolvable,family_resolvable_RTU,1,0,0,0,0,0.9999999999999998,0.9999999999999998,1,1,33,0.9999999999999998,0.9999999999999998,0.9999999999999998,0,0,0,0.9999999999999998,33,7.025793936840941,7.025793936840941,0,1,1,33,8.10921731780443,8.10921731780443,0,1,1
diplopoda_pitfall,Diplopoda,pitfall-trap,secondary,rtu_family_level,resolution_family,rtu_mixed_family_resolvable,family_units,1,-79.16666666666666,-21.42857142857143,-10.940705634701075,-16.28959675377014,0.9999999999999998,0.9764323378975889,0.7867815271751823,0.9753637572413214,33,0.3927478186911007,0.28691439666298274,0.28691439666298274,-22.417781767542156,-44.48929396713312,-39.06199151945522,0.24824691707240742,33,7.025793936840941,6.122884467830259,-0.902909469010682,0.5997020165244197,-0.4,33,8.10921731780443,5.642939572534933,-2.4662777452694957,0.5649914090887895,0.31622776601683794
diplopoda_pitfall,Diplopoda,pitfall-trap,secondary,species_baseline,species_error,species_baseline,species_units,1,0,0,0,0,1,1,1,0.9999999999999998,31,1,1,1,0,0,0,0.9999999999999996,31,4.415236863208527,4.415236863208527,0,1,1,31,4.615442130829528,4.615442130829528,0,1,1
diplopoda_pitfall,Diplopoda,pitfall-trap,secondary,species_observed_congeneric_10pct,species_error_observed_pool,species_baseline,species_units,1,0,4.761904761904767,2.0440059499482244,3.357799835802955,1,0.9943769530966996,0.9525312355853272,0.9950737092914528,31,0.8300608150617029,0.8333440170551326,0.8333440170551326,0.8552273176409164,1.5724538343681926,1.7168913560666077,0.8535072308797758,31,4.415236863208527,6.323484180897898,1.908247317689371,0.9894650470002436,0.8,31,4.615442130829528,5.771656841800487,1.1562147109709588,0.9587162894393868,0.2
diplopoda_pitfall,Diplopoda,pitfall-trap,secondary,species_observed_rare_weighted_10pct,species_error_rare_weighted,species_baseline,species_units,1,0,9.523809523809511,4.300253719154923,7.65217195523511,1,0.9809580783632484,0.8215730835164912,0.9770700646990509,31,0.8652157935228955,0.8648849754949866,0.8648849754949866,-0.04134372663304742,0.5644706072090777,1.1895321173671647,0.9563341158394918,31,4.415236863208527,1.4418287562869336,-2.9734081069215934,0.8833322193949407,0.4,31,4.615442130829528,2.533049806276344,-2.0823923245531843,0.877034329989927,0.6000000000000001
diplopoda_pitfall,Diplopoda,pitfall-trap,secondary,species_regional_congeneric_10pct,species_error_regional_pool,species_baseline,species_units,1,23.529411764705888,16.66666666666665,6.631794725834772,9.799498808421635,1,0.9736513951359353,0.8225137672517172,0.9844970195903944,31,0.9384374504661469,0.9373259537462618,0.9373259537462618,-0.1084629468725784,0.9192807031690897,1.5424266455194235,0.9942121875751915,31,4.415236863208527,4.0403513886404285,-0.3748854745680985,0.9635005752696132,1,31,4.615442130829528,4.331777207161657,-0.283664923667871,0.9448230508862974,0.8
diplopoda_pitfall,Diplopoda,pitfall-trap,secondary,species_observed_congeneric_10pct,species_error_observed_pool,species_baseline,species_units,2,-5.882352941176472,9.523809523809511,2.7393229550941367,3.461340248850875,1,0.989547676493198,0.9263032771370049,0.9948388439626715,31,0.9479142324947005,0.9468888083937618,0.9468888083937618,-0.47734117040718615,0.006911884986227079,0.5154639175257714,0.9976675968733468,31,4.415236863208527,4.7626849412939265,0.34744807808539946,0.9906466173669364,0.8,31,4.615442130829528,5.342287057228656,0.7268449263991279,0.9691348756606055,0.4
diplopoda_pitfall,Diplopoda,pitfall-trap,secondary,species_observed_rare_weighted_10pct,species_error_rare_weighted,species_baseline,species_units,2,0,9.523809523809511,3.7771992552229072,6.602206411509837,1,0.9897875589583071,0.9066510830280748,0.9892517191214723,31,0.9449052641091539,0.9395744364878195,0.9395744364878195,-0.22569962850053082,-0.5080235464881899,-0.055511498810467685,0.9935398644435851,31,4.415236863208527,2.6967019694431493,-1.7185348937653777,0.9867300099777054,0.8,31,4.615442130829528,2.339448679553291,-2.2759934512762374,0.9115064664123707,0.6000000000000001
diplopoda_pitfall,Diplopoda,pitfall-trap,secondary,species_regional_congeneric_10pct,species_error_regional_pool,species_baseline,species_units,2,35.29411764705883,19.047619047619047,8.406748137985588,14.081362430947486,1,0.9743647199203739,0.7858394064945313,0.9754259740339786,31,0.9168961962959882,0.9164921224959574,0.9164921224959574,0.6893892382245914,1.8616010229589808,2.355273592386986,0.929980939939248,31,4.415236863208527,4.923057160078392,0.5078202968698653,0.9871583590732672,0.8,31,4.615442130829528,4.953127788454759,0.3376856576252303,0.9496836017129193,0.4
diplopoda_pitfall,Diplopoda,pitfall-trap,secondary,species_observed_congeneric_10pct,species_error_observed_pool,species_baseline,species_units,3,-5.882352941176472,7.14285714285714,2.7108257892343612,4.448260179716468,1,0.9896820935416452,0.9062752104137443,0.9895670608237,31,0.9411109353410207,0.941521615804905,0.941521615804905,-0.15424276211101207,-0.03225546326909301,0.24980174464710458,0.9954183008489159,31,4.415236863208527,4.082610755330585,-0.33262610787794245,0.9801713396382249,0.8,31,4.615442130829528,4.279217613364594,-0.33622451746493454,0.9746351453928307,1
diplopoda_pitfall,Diplopoda,pitfall-trap,secondary,species_observed_rare_weighted_10pct,species_error_rare_weighted,species_baseline,species_units,3,0,9.523809523809511,5.122101374025112,9.913993885900997,1,0.9897875589583071,0.9048147791857196,0.9884597193381615,31,0.9250419305678343,0.9263406713551988,0.9263406713551988,0.23969753463519705,0.8386420449963738,0.95162569389373175,0.9663041744152938,31,4.415236863208527,4.260477729797785,-0.15475913341074232,0.9698830842089687,0.8,31,4.615442130829528,3.5198082827431088,-1.0956338480864196,0.988718867411096,0.8
diplopoda_pitfall,Diplopoda,pitfall-trap,secondary,species_regional_congeneric_10pct,species_error_regional_pool,species_baseline,species_units,3,23.529411764705888,14.28571428571428,4.425602726946054,6.284824526644073,1,0.9812506356338426,0.8572056560141649,0.9870107877070233,31,0.9996355174365621,0.9987229443387559,0.9987229443387559,0.2299826221149326,1.2210996809012942,1.5186360031720803,0.9983528866121967,31,4.415236863208527,3.906387008595491,-0.508849854613036,0.9991832842404772,1,31,4.615442130829528,3.246445528049957,-1.3689966027795712,0.9889040994524199,1
diplopoda_pitfall,Diplopoda,pitfall-trap,secondary,species_observed_congeneric_10pct,species_error_observed_pool,species_baseline,species_units,4,-5.882352941176472,7.14285714285714,2.459436220237965,3.1671448271564318,1,0.9896820935416452,0.9263032771370049,0.9948388439626715,31,0.922316130473706,0.9180739445075893,0.9180739445075893,-0.8462381636366145,-0.6531731311991029,0.09119746233148263,0.9585148635616296,31,4.415236863208527,3.4912687734483083,-0.9239680897602187,0.991956608916918,0.8,31,4.615442130829528,3.5082534481205796,-1.1071886827089488,0.9598634868499576,0.8
diplopoda_pitfall,Diplopoda,pitfall-trap,secondary,species_observed_rare_weighted_10pct,species_error_rare_weighted,species_baseline,species_units,4,0,16.66666666666665,6.350994680843747,10.583481160073926,1,0.9785873947838718,0.8251423692794018,0.9819984100965902,31,0.8972687186141538,0.8990751130149338,0.8990751130149338,-0.31855600370266357,0.1774050479799838,0.9436954797779507,0.9832377751689261,31,4.415236863208527,4.196301416499004,-0.2189354467095228,0.9449551719363912,0.8,31,4.615442130829528,5.140147955188179,0.5247058243586507,0.9509730649696613,0.8
diplopoda_pitfall,Diplopoda,pitfall-trap,secondary,species_regional_congeneric_10pct,species_error_regional_pool,species_baseline,species_units,4,23.529411764705888,11.904761904761907,5.490367550417075,9.577380724791308,1,0.9899960098769546,0.9070366868911384,0.9880317160147443,31,0.9270456042486862,0.9290002010310726,0.9290002010310726,1.144579226776088,2.237146773877674,2.31165741475019,0.9446683348356897,31,4.415236863208527,6.290780785547357,1.8755439223388297,0.9701072245270139,1,31,4.615442130829528,6.9204651486813535,2.305023017851825,0.995357383263235,1
diplopoda_pitfall,Diplopoda,pitfall-trap,secondary,species_observed_congeneric_10pct,species_error_observed_pool,species_baseline,species_units,5,0,11.904761904761907,3.1198372085369463,3.7401945334648135,1,0.9852196921354269,0.897010838420931,0.9927798195717672,31,0.9246746105295031,0.9269179577141249,0.9269179577141249,-0.18017944974698663,0.35826603845310334,0.8406026962727964,0.9960928036403673,31,4.415236863208527,3.178250621305112,-1.236986241903415,0.9826500116963532,0.8,31,4.615442130829528,3.850125100254387,-0.7653170305751416,0.9856380718681226,0.8
diplopoda_pitfall,Diplopoda,pitfall-trap,secondary,species_observed_rare_weighted_10pct,species_error_rare_weighted,species_baseline,species_units,5,-5.882352941176472,2.3809523809523725,0.2993122460712039,0.27955221065985025,1,0.9946670353163034,0.9609303287825779,0.9974352355819036,31,0.9088488246417383,0.9097235707143658,0.9097235707143658,-0.8429858285844971,-1.0079832271591038,-0.5947660586835823,0.9525382727790148,31,4.415236863208527,3.424547428877789,-0.9906894343307382,0.9484764903302193,1,31,4.615442130829528,2.8987706984811012,-1.7166714323484271,0.9806314359779824,0.8
diplopoda_pitfall,Diplopoda,pitfall-trap,secondary,species_regional_congeneric_10pct,species_error_regional_pool,species_baseline,species_units,5,11.764705882352944,14.28571428571428,5.04080359733905,7.629039092993506,1,0.9777678823040021,0.8353273211074541,0.9852898490917679,31,0.928192529068335,0.9234694695373975,0.9234694695373975,0.6321057771057514,2.2901378921054816,2.7755749405234065,0.9604775333280464,31,4.415236863208527,3.505956681781952,-0.909280181426575,0.9713920331126147,0.8,31,4.615442130829528,2.481672018622938,-2.1337701122065904,0.8778715740426895,0.4
diplopoda_pitfall,Diplopoda,pitfall-trap,secondary,species_observed_congeneric_10pct,species_error_observed_pool,species_baseline,species_units,6,0,9.523809523809511,3.23124695105248,5.112766491612031,1,0.9853538500623681,0.8776087908958714,0.9875186499597055,31,0.9272597956273549,0.9280672688933198,0.9280672688933198,-0.6108279450316889,0,0.606661379857254,0.9618045639031236,31,4.415236863208527,4.443154787697456,0.02791792448892938,0.9684415683616038,1,31,4.615442130829528,4.7253553320997455,0.10991320127021709,0.9582146591109818,0.4
diplopoda_pitfall,Diplopoda,pitfall-trap,secondary,species_observed_rare_weighted_10pct,species_error_rare_weighted,species_baseline,species_units,6,0,11.904761904761907,4.755313781345705,7.921768054909073,1,0.9857088416697122,0.888888446357794,0.9900038347929793,31,0.9560990084844695,0.9545515952768027,0.9545515952768027,-0.1425907736340104,0.21772437706637504,0.7256145915939705,0.9937856949008983,31,4.415236863208527,4.176478150849472,-0.2387587123590551,0.9891190497787243,0.8,31,4.615442130829528,4.300892527575318,-0.31454960325421055,0.9807937527152251,0.8
diplopoda_pitfall,Diplopoda,pitfall-trap,secondary,species_regional_congeneric_10pct,species_error_regional_pool,species_baseline,species_units,6,17.647058823529417,23.809523809523814,9.952392435005585,16.53733397542414,1,0.9730193690896907,0.7730796213617767,0.9744138302951181,31,0.9770971090321773,0.9776446248517481,0.9776446248517481,0.20013996149106372,1.3098022048912972,1.8953211736716824,0.9910968807191074,31,4.415236863208527,4.814120259216814,0.39888339600828715,0.9871964318961939,0.8,31,4.615442130829528,4.272837893653958,-0.3426042371755704,0.9885681276764362,0.8
diplopoda_pitfall,Diplopoda,pitfall-trap,secondary,species_observed_congeneric_10pct,species_error_observed_pool,species_baseline,species_units,7,0,9.523809523809511,2.57805281163761,3.5325815971414265,1,0.989547676493198,0.9191397189312994,0.9927747482468385,31,0.8952837519924952,0.8908983648047503,0.8908983648047503,0.616919043671027,1.1162694252767613,1.4036478984932543,0.9056796769782447,31,4.415236863208527,5.536114336528608,1.120877473320081,0.9775067194355198,0.8,31,4.615442130829528,4.5231664475406275,-0.0922756832889009,0.9730753531582543,1
diplopoda_pitfall,Diplopoda,pitfall-trap,secondary,species_observed_rare_weighted_10pct,species_error_rare_weighted,species_baseline,species_units,7,-5.882352941176472,7.14285714285714,1.9359385386532368,2.7273021581968537,1,0.9896820935416452,0.9191397189312994,0.9927747482468385,31,0.8380319935519691,0.8362488472850198,0.8362488472850198,0.1699563505147994,0.5402790097572829,0.9436954797779507,0.8922410915695711,31,4.415236863208527,4.967532151675069,0.5522952884665422,0.9728260298758278,1,31,4.615442130829528,4.1894739593545065,-0.42596817147502186,0.9745635350675764,1
diplopoda_pitfall,Diplopoda,pitfall-trap,secondary,species_regional_congeneric_10pct,species_error_regional_pool,species_baseline,species_units,7,23.529411764705888,16.66666666666665,7.456072553089266,13.116859041708606,1,0.9860253892101073,0.87901313297638894,0.9869500015507853,31,0.9347002274201436,0.9363283707835787,0.9363283707835787,1.0438971715777345,1.9307198728213182,2.224425059476598,0.9484404427499595,31,4.415236863208527,4.891356721951878,0.47611985874335083,0.9793055708059029,0.8,31,4.615442130829528,5.377177862250882,0.7617357314213535,0.9787479650732576,0.8
diplopoda_pitfall,Diplopoda,pitfall-trap,secondary,species_observed_congeneric_10pct,species_error_observed_pool,species_baseline,species_units,8,0,14.28571428571428,6.3174081149845795,10.879088060804175,1,0.9855508560341831,0.8726600446550499,0.9854243340637588,31,0.8741023776935791,0.8775803445078029,0.8775803445078029,0.1969989301781494,0.5149354314744059,1.0229976209357616,0.9716682459589048,31,4.415236863208527,3.314366444153005,-1.1008704190555219,0.9873972988585317,0.8,31,4.615442130829528,3.375589105716703,-1.2398530251128252,0.9714187676340428,0.8
diplopoda_pitfall,Diplopoda,pitfall-trap,secondary,species_observed_rare_weighted_10pct,species_error_rare_weighted,species_baseline,species_units,8,-5.882352941176472,0,0,0,1,1,1,0.9999999999999998,31,0.9298293935312059,0.9339614418941973,0.9339614418941973,-0.3986365449992202,-0.7821949842754639,-0.6145915939730351,0.9958979699766835,31,4.415236863208527,4.061285950485005,-0.35395091272352186,0.9375337165281405,1,31,4.615442130829528,4.435394405266435,-0.18004772556309323,0.9864596809998714,1
diplopoda_pitfall,Diplopoda,pitfall-trap,secondary,species_regional_congeneric_10pct,species_error_regional_pool,species_baseline,species_units,8,35.29411764705883,28.57142857142856,12.368349365416131,20.78086862639832,1,0.9783524480775213,0.8169913232732174,0.9824080574664866,31,0.9016875210505816,0.9005458520127787,0.9005458520127787,1.2670753832845882,2.866704298040479,3.3323892602243,0.9624784358292364,31,4.415236863208527,3.8309389106962466,-0.5842979525122804,0.9529804217370758,0.4,31,4.615442130829528,3.388583026765224,-1.2268591040643044,0.9341504867115109,0.6000000000000001
diplopoda_pitfall,Diplopoda,pitfall-trap,secondary,species_observed_congeneric_10pct,species_error_observed_pool,species_baseline,species_units,9,0,11.904761904761907,4.5673574650305415,7.781197766213022,1,0.9857088416697122,0.8779849893857808,0.9872044566722986,31,0.8949985185485847,0.8988645279733389,0.8988645279733389,-0.4102575750212778,0.45964035158454486,1.1221252973830254,0.8524603845851524,31,4.415236863208527,4.360779346624344,-0.05445751658418274,0.9686509092124299,1,31,4.615442130829528,3.912985292093596,-0.7024568387359325,0.9699062382141342,1
diplopoda_pitfall,Diplopoda,pitfall-trap,secondary,species_observed_rare_weighted_10pct,species_error_rare_weighted,species_baseline,species_units,9,0,7.14285714285714,3.156544880803125,5.720070024175006,1,0.9896820935416452,0.8863210673832566,0.9843423342883928,31,0.9430730668696958,0.946108014599463,0.946108014599463,-0.14055912502874968,0.39512942504635884,0.7256145915939705,0.9910541524226628,31,4.415236863208527,3.264695904153514,-1.150540959055013,0.9259963383253689,1,31,4.615442130829528,4.433930020271615,-0.1815121105579136,0.9617044689616983,1
diplopoda_pitfall,Diplopoda,pitfall-trap,secondary,species_regional_congeneric_10pct,species_error_regional_pool,species_baseline,species_units,9,23.529411764705888,11.904761904761907,4.996660883923587,8.359300053634788,1,0.985464066500973,0.8898220546409132,0.9887862976093004,31,0.9469579830234072,0.9468964113198659,0.9468964113198659,1.1514210453172247,2.2740101604709295,2.4028548770816727,0.9758029206142378,31,4.415236863208527,3.273525474317096,-1.141711388891431,0.9895510987410907,1,31,4.615442130829528,2.968819574392323,-1.6466225564372055,0.9810442695030723,1
diplopoda_pitfall,Diplopoda,pitfall-trap,secondary,species_observed_congeneric_10pct,species_error_observed_pool,species_baseline,species_units,10,-5.882352941176472,7.14285714285714,2.593435659060317,4.167002187175828,1,0.9896820935416452,0.9062752104137443,0.9895670608237,31,0.8549083392654723,0.8569957593021871,0.8569957593021871,0.08165989054929046,0.5402790097572829,1.0309278350515427,0.8903206058565367,31,4.415236863208527,3.789492220883306,-0.6257446423252211,0.9294818515565699,0.8,31,4.615442130829528,4.1416378835471885,-0.47380424728233983,0.9875938692013542,1
diplopoda_pitfall,Diplopoda,pitfall-trap,secondary,species_observed_rare_weighted_10pct,species_error_rare_weighted,species_baseline,species_units,10,-5.882352941176472,7.14285714285714,2.967384590529365,5.079732985237784,1,0.9988582838006971,0.9964139414440358,0.9987005738610821,31,0.9161173289463701,0.9210028613018447,0.9210028613018447,-0.2930402424276668,-0.25458776365961944,-0.07533703409992043,0.9888810877871055,31,4.415236863208527,4.195842300058706,-0.2193945631498213,0.9287953472384672,1,31,4.615442130829528,4.5332132162367085,-0.08222891459281989,0.9869151226684874,1
diplopoda_pitfall,Diplopoda,pitfall-trap,secondary,species_regional_congeneric_10pct,species_error_regional_pool,species_baseline,species_units,10,23.529411764705888,14.28571428571428,4.425855210936569,6.2682396346047,1,0.9812506356338426,0.8524100227583167,0.9856966033486492,31,0.962328661657026,0.9631332411227469,0.9631332411227469,0.44112960427180603,1.8420173488313152,2.2442505947660507,0.9939771100688402,31,4.415236863208527,4.471790138762888,0.05655327555436074,0.9864392720571739,0.8,31,4.615442130829528,4.059754803906013,-0.5556873269235156,0.9748230031460805,0.8
diplopoda_pitfall,Diplopoda,pitfall-trap,secondary,species_observed_congeneric_10pct,species_error_observed_pool,species_baseline,species_units,11,0,11.904761904761907,4.179620290389829,6.692579282378075,1,0.9896291272761997,0.9239757866498238,0.9938397420549064,31,0.9324430452447644,0.9258511451829308,0.9258511451829308,-0.30330812998184964,-0.5045676039950764,-0.003965107057890549,0.9859786398073835,31,4.415236863208527,2.7369763819767634,-1.6782604812317636,0.9407238371676687,0.4,31,4.615442130829528,2.599701035009838,-2.01574109581969,0.8876200069700718,0.6000000000000001
diplopoda_pitfall,Diplopoda,pitfall-trap,secondary,species_observed_rare_weighted_10pct,species_error_rare_weighted,species_baseline,species_units,11,0,11.904761904761907,3.582282890996513,5.572528579660085,1,0.9857088416697122,0.8944893683998155,0.9917832833210998,31,0.9631454657273021,0.9627583277968503,0.9627583277968503,-0.210815013430532,0.3467462301427249,0.808881839809672,0.999094658623541,31,4.415236863208527,4.154319677191653,-0.26091718601687397,0.993600781984752,1,31,4.615442130829528,4.843571553601289,0.22812942277176074,0.9904685463581377,0.8
diplopoda_pitfall,Diplopoda,pitfall-trap,secondary,species_regional_congeneric_10pct,species_error_regional_pool,species_baseline,species_units,11,23.529411764705888,9.523809523809511,3.9255323245006135,6.548617063630702,1,0.9853538500623681,0.8706462363797238,0.9854569888724478,31,0.9823228511033285,0.9845415318941761,0.9845415318941761,0.4192961539273288,0.7741311184581878,0.7850911974623287,0.9974308793921101,31,4.415236863208527,3.9626686475724537,-0.4525682156360733,0.9920201034053099,1,31,4.615442130829528,4.550546075026207,-0.06489605580332114,0.9940072899311112,1
diplopoda_pitfall,Diplopoda,pitfall-trap,secondary,species_observed_congeneric_10pct,species_error_observed_pool,species_baseline,species_units,12,0,11.904761904761907,4.656954856401674,7.85883806385359,1,0.9857088416697122,0.8779849893857808,0.9872044566722986,31,0.9656358136172649,0.9661615283825403,0.9661615283825403,-0.009819824621815076,0.5322151439399958,0.9635210150674034,0.9929321937224291,31,4.415236863208527,4.505802900060585,0.09056603685205822,0.9819971642311202,0.8,31,4.615442130829528,4.199156701233264,-0.4162854295962646,0.9801140513780215,0.8
diplopoda_pitfall,Diplopoda,pitfall-trap,secondary,species_observed_rare_weighted_10pct,species_error_rare_weighted,species_baseline,species_units,12,0,4.761904761904767,1.9244983127655768,3.4572440415864714,1,0.9990178564032053,0.9961021073292504,0.9987005738610821,31,0.9751671238675467,0.9742439618595472,0.9742439618595472,-0.11226866430670279,-0.11289412144181998,0.023790642347343294,0.9993380418714193,31,4.415236863208527,4.376223233063881,-0.03901363014464643,0.997410689989354,1,31,4.615442130829528,4.773453905415059,0.15801177458553095,0.9952478194655963,1
diplopoda_pitfall,Diplopoda,pitfall-trap,secondary,species_regional_congeneric_10pct,species_error_regional_pool,species_baseline,species_units,12,11.764705882352944,9.523809523809511,3.4686109638140783,5.534050312408856,1,0.9853538500623681,0.897010838420931,0.9922441032109484,31,0.9048422062478788,0.9022800546188119,0.9022800546188119,1.3339920836314079,2.8384807676800294,3.0452022204599416,0.8856903126765594,31,4.415236863208527,5.145325462495953,0.7300885992874262,0.9509945480672375,0.8,31,4.615442130829528,4.1417517747114,-0.47369035611812826,0.9606064439744686,0.4
diplopoda_pitfall,Diplopoda,pitfall-trap,secondary,species_observed_congeneric_10pct,species_error_observed_pool,species_baseline,species_units,13,0,7.14285714285714,1.7257512152003107,2.2395909931635316,1,0.9896820935416452,0.9263032771370049,0.9948388439626715,31,0.8800705051084802,0.8827020381404097,0.8827020381404097,0.7627887476614248,1.2095798725909157,1.3679619349722394,0.9186893550671751,NA,NA,NA,NA,NA,NA,NA,NA,NA,NA,NA,NA
diplopoda_pitfall,Diplopoda,pitfall-trap,secondary,species_observed_rare_weighted_10pct,species_error_rare_weighted,species_baseline,species_units,13,0,11.904761904761907,4.347043910245718,7.423664260856144,1,0.9813845912513368,0.8506093669102114,0.984848726676852,31,0.9390851718459922,0.9325041054393479,0.9325041054393479,-0.24854952548499787,-0.24997984033545695,0.4956383822363186,0.9893336087183313,NA,NA,NA,NA,NA,NA,NA,NA,NA,NA,NA,NA
diplopoda_pitfall,Diplopoda,pitfall-trap,secondary,species_regional_congeneric_10pct,species_error_regional_pool,species_baseline,species_units,13,29.41176470588236,16.66666666666665,6.73616377550692,10.777745984655285,1,0.9818199132843473,0.8636439932168526,0.9881774671251168,31,0.9402128906431091,0.9331509064670297,0.9331509064670297,0.1423005381189668,0.7937147925858534,1.3639968279143488,0.9886343456660625,NA,NA,NA,NA,NA,NA,NA,NA,NA,NA,NA,NA
diplopoda_pitfall,Diplopoda,pitfall-trap,secondary,species_observed_congeneric_10pct,species_error_observed_pool,species_baseline,species_units,14,0,14.28571428571428,6.226529533802028,10.813218960216474,1,0.9819775333814972,0.847331295098516,0.9836061516239573,31,0.8985051258083965,0.894789189164539,0.894789189164539,-0.1780072460822013,0.12095798725908491,0.5868358445678012,0.9854382682419043,NA,NA,NA,NA,NA,NA,NA,NA,NA,NA,NA,NA
diplopoda_pitfall,Diplopoda,pitfall-trap,secondary,species_observed_rare_weighted_10pct,species_error_rare_weighted,species_baseline,species_units,14,-5.882352941176472,9.523809523809511,2.7488118950397267,3.941807350810933,1,0.9853538500623681,0.8900552276795407,0.9907192495626648,31,0.9484354910701626,0.9484613439736694,0.9484613439736694,-0.6269417955336531,-0.145149584710913,0.3489294210943683,0.9709478992978713,NA,NA,NA,NA,NA,NA,NA,NA,NA,NA,NA,NA
diplopoda_pitfall,Diplopoda,pitfall-trap,secondary,species_regional_congeneric_10pct,species_error_regional_pool,species_baseline,species_units,14,23.529411764705888,19.047619047619047,8.301176803566811,14.26191895282145,1,0.9755332664339926,0.7953581162061247,0.9773148941198717,31,0.9931839360316604,0.992487398622816,0.992487398622816,0.11745637803184383,1.1370050802354648,1.5107057890562992,0.998198858009558,NA,NA,NA,NA,NA,NA,NA,NA,NA,NA,NA,NA
diplopoda_pitfall,Diplopoda,pitfall-trap,secondary,species_observed_congeneric_10pct,species_error_observed_pool,species_baseline,species_units,15,0,16.66666666666665,6.866866304904873,11.914695435766154,1,0.9860253892101073,0.8836787604908503,0.9879216158904752,31,0.9006531631423107,0.9005816865086465,0.9005816865086465,-0.06827411996965793,-0.12671789141428524,0.3965107057890549,0.9694503035336572,NA,NA,NA,NA,NA,NA,NA,NA,NA,NA,NA,NA
diplopoda_pitfall,Diplopoda,pitfall-trap,secondary,species_observed_rare_weighted_10pct,species_error_rare_weighted,species_baseline,species_units,15,0,7.14285714285714,2.325680073662717,3.0090701522720975,1,0.9942422191713834,0.9599312329946983,0.9971417427952091,31,0.8917131295805862,0.8931831115025989,0.8931831115025989,0.0203172826443776,0.1601253355144161,0.16653449643140306,0.9647840469896944,NA,NA,NA,NA,NA,NA,NA,NA,NA,NA,NA,NA
diplopoda_pitfall,Diplopoda,pitfall-trap,secondary,species_regional_congeneric_10pct,species_error_regional_pool,species_baseline,species_units,15,29.41176470588236,14.28571428571428,5.458639630305662,8.370302300399723,1,0.9812506356338426,0.8456323236600747,0.9836380881404252,31,0.9058293806724127,0.9010120682689864,0.9010120682689864,1.3769301706937132,2.970958563249515,3.1958762886597825,0.9203105531355749,NA,NA,NA,NA,NA,NA,NA,NA,NA,NA,NA,NA
diplopoda_pitfall,Diplopoda,pitfall-trap,secondary,species_observed_congeneric_10pct,species_error_observed_pool,species_baseline,species_units,16,0,11.904761904761907,4.859194612087281,8.228532165348623,1,0.9857088416697122,0.8779849893857808,0.9872044566722986,31,0.8882506844674737,0.8930247617298026,0.8930247617298026,-1.134528025776027,-1.1208773486009238,-0.1863600317208669,0.9165988744821891,NA,NA,NA,NA,NA,NA,NA,NA,NA,NA,NA,NA
diplopoda_pitfall,Diplopoda,pitfall-trap,secondary,species_observed_rare_weighted_10pct,species_error_rare_weighted,species_baseline,species_units,16,-5.882352941176472,9.523809523809511,3.6748485356126626,6.76527853439477,1,0.9941989366860832,0.9545921407326523,0.9951987186545801,31,0.9312217506021311,0.9376744277923841,0.9376744277923841,-0.6904535211087692,-0.19353277961454696,0.2101506740681991,0.9524735981651751,NA,NA,NA,NA,NA,NA,NA,NA,NA,NA,NA,NA
diplopoda_pitfall,Diplopoda,pitfall-trap,secondary,species_regional_congeneric_10pct,species_error_regional_pool,species_baseline,species_units,16,17.647058823529417,16.66666666666665,7.201045574890119,12.54201947180853,1,0.9821857998138563,0.8483289023174054,0.9826338484961935,31,0.9810186575112954,0.9782408200682371,0.9782408200682371,0.304715042397774,0.8743534507585915,1.221252973830289,0.9962623174907816,NA,NA,NA,NA,NA,NA,NA,NA,NA,NA,NA,NA
diplopoda_pitfall,Diplopoda,pitfall-trap,secondary,species_observed_congeneric_10pct,species_error_observed_pool,species_baseline,species_units,17,-5.882352941176472,11.904761904761907,4.910153131988526,8.976732097855344,1,0.9857088416697122,0.8887674998019206,0.9896526400156216,31,0.9332764651033504,0.9312528885761329,0.9312528885761329,-0.376031713152547,-0.4112571566809109,0.09912767644726372,0.9888886120279212,NA,NA,NA,NA,NA,NA,NA,NA,NA,NA,NA,NA
diplopoda_pitfall,Diplopoda,pitfall-trap,secondary,species_observed_rare_weighted_10pct,species_error_rare_weighted,species_baseline,species_units,17,-5.882352941176472,7.14285714285714,2.4692670003735984,4.0669538861288546,1,0.9942210492545077,0.9572037774791957,0.9961397676768546,31,0.8603942151655333,0.8626509818886399,0.8626509818886399,-0.850622740812812,-1.1611966776872928,-0.45598731165741313,0.9132208160375781,NA,NA,NA,NA,NA,NA,NA,NA,NA,NA,NA,NA
diplopoda_pitfall,Diplopoda,pitfall-trap,secondary,species_regional_congeneric_10pct,species_error_regional_pool,species_baseline,species_units,17,41.176470588235304,26.190476190476186,12.216012509444374,21.9739889894349,1,0.9779249070686482,0.7990361221715296,0.9770491658824415,31,0.9365352305442258,0.9320567424288049,0.9320567424288049,1.382818726809898,3.261257732671319,3.481363996827902,0.9650600637211577,NA,NA,NA,NA,NA,NA,NA,NA,NA,NA,NA,NA
diplopoda_pitfall,Diplopoda,pitfall-trap,secondary,species_observed_congeneric_10pct,species_error_observed_pool,species_baseline,species_units,18,-5.882352941176472,14.28571428571428,4.426939175221056,6.263929768588494,1,0.9812506356338426,0.8524100227583167,0.9856966033486492,31,0.9300395818417222,0.9298205901084693,0.9298205901084693,-0.6382803296544171,-0.0691188498623374,0.5987311657414729,0.9710872003455471,NA,NA,NA,NA,NA,NA,NA,NA,NA,NA,NA,NA
diplopoda_pitfall,Diplopoda,pitfall-trap,secondary,species_observed_rare_weighted_10pct,species_error_rare_weighted,species_baseline,species_units,18,-5.882352941176472,11.904761904761907,4.321967942830929,7.211916256052242,1,0.9857088416697122,0.8779849893857808,0.9872044566722986,31,0.948298147977505,0.9479970989502995,0.9479970989502995,-0.27249199527921153,0.19353277961453585,0.7454401268834232,0.9934570221266099,NA,NA,NA,NA,NA,NA,NA,NA,NA,NA,NA,NA
diplopoda_pitfall,Diplopoda,pitfall-trap,secondary,species_regional_congeneric_10pct,species_error_regional_pool,species_baseline,species_units,18,17.647058823529417,9.523809523809511,2.865924831821176,4.542075691190917,1,0.9940620892822494,0.9572037774791957,0.9961397676768546,31,0.951506758313115,0.9497195231967888,0.9497195231967888,1.0244952498814408,2.003294665176769,2.014274385408399,0.9427383921369816,NA,NA,NA,NA,NA,NA,NA,NA,NA,NA,NA,NA
diplopoda_pitfall,Diplopoda,pitfall-trap,secondary,species_observed_congeneric_10pct,species_error_observed_pool,species_baseline,species_units,19,0,14.28571428571428,4.831525758874355,7.494753471771509,1,0.9812506356338426,0.8456323236600747,0.9836380881404252,31,0.8309693879882504,0.8226187644060955,0.8226187644060955,0.05551495938056483,0.06796686903129956,0.6582077716098311,0.9116016563851033,NA,NA,NA,NA,NA,NA,NA,NA,NA,NA,NA,NA
diplopoda_pitfall,Diplopoda,pitfall-trap,secondary,species_observed_rare_weighted_10pct,species_error_rare_weighted,species_baseline,species_units,19,-5.882352941176472,4.761904761904767,1.0684828049675854,1.2069404316884524,1,0.9897216343795376,0.9272673729708277,0.9951316589277819,31,0.9090431162993046,0.9108298995209703,0.9108298995209703,-0.6813981730396379,-0.8870252399000078,-0.4758128469468659,0.9582023018732948,NA,NA,NA,NA,NA,NA,NA,NA,NA,NA,NA,NA
diplopoda_pitfall,Diplopoda,pitfall-trap,secondary,species_regional_congeneric_10pct,species_error_regional_pool,species_baseline,species_units,19,23.529411764705888,7.14285714285714,2.4473821419599417,4.0429573384752615,1,0.9942210492545077,0.9572037774791957,0.9961397676768546,31,0.9437167066685554,0.941611084081786,0.941611084081786,1.117463490057946,2.0885412466736364,2.073750991276757,0.9442210530883324,NA,NA,NA,NA,NA,NA,NA,NA,NA,NA,NA,NA
diplopoda_pitfall,Diplopoda,pitfall-trap,secondary,species_observed_congeneric_10pct,species_error_observed_pool,species_baseline,species_units,20,0,9.523809523809511,3.016613346085606,4.219954077735877,1,0.989547676493198,0.9191397189312994,0.9927747482468385,31,0.9640759882333665,0.959395230647598,0.959395230647598,-0.14674864349304428,-0.012671789141427414,0.3330689928628061,0.9990435456625579,NA,NA,NA,NA,NA,NA,NA,NA,NA,NA,NA,NA
diplopoda_pitfall,Diplopoda,pitfall-trap,secondary,species_observed_rare_weighted_10pct,species_error_rare_weighted,species_baseline,species_units,20,-5.882352941176472,9.523809523809511,3.1122115615231705,4.883750615330729,1,0.9940620892822494,0.9572037774791957,0.9961397676768546,31,0.8425387278908268,0.8309109284678666,0.8309109284678666,0.16500248441300158,-0.3640259426083148,0.11498810467882592,0.9225457719591146,NA,NA,NA,NA,NA,NA,NA,NA,NA,NA,NA,NA
diplopoda_pitfall,Diplopoda,pitfall-trap,secondary,species_regional_congeneric_10pct,species_error_regional_pool,species_baseline,species_units,20,29.41176470588236,23.809523809523814,8.818966543786955,14.226257512022421,1,0.9726540392972862,0.7825897335890885,0.9776431437264027,31,0.9451259374804439,0.9472602491963724,0.9472602491963724,0.8844984507883513,2.2970497770917087,2.6526566217287773,0.9674278322743277,NA,NA,NA,NA,NA,NA,NA,NA,NA,NA,NA,NA
diplopoda_pitfall,Diplopoda,pitfall-trap,secondary,species_observed_congeneric_10pct,species_error_observed_pool,species_baseline,species_units,21,-5.882352941176472,9.523809523809511,3.8366850049162515,5.94772557462715,1,0.9853538500623681,0.8900552276795407,0.9907192495626648,31,0.9074035894808865,0.913562054731473,0.913562054731473,-0.44923693565420697,-0.5886622046609169,-0.1387787470261692,0.9698825442270853,NA,NA,NA,NA,NA,NA,NA,NA,NA,NA,NA,NA
diplopoda_pitfall,Diplopoda,pitfall-trap,secondary,species_observed_rare_weighted_10pct,species_error_rare_weighted,species_baseline,species_units,21,0,16.66666666666665,7.3034963542151665,12.971453677980382,1,0.9827364442411961,0.8491300386380173,0.9836453425369368,31,0.8848763011551742,0.8876448531413152,0.8876448531413152,-0.967882555286248,-0.37093782759455296,0.36875495638382105,0.9569290736735006,NA,NA,NA,NA,NA,NA,NA,NA,NA,NA,NA,NA
diplopoda_pitfall,Diplopoda,pitfall-trap,secondary,species_regional_congeneric_10pct,species_error_regional_pool,species_baseline,species_units,21,35.29411764705883,16.66666666666665,5.886213888641101,8.603427223483283,1,0.9776340729106593,0.8300881011299471,0.984085444898723,31,0.9930818590613877,0.9918667775316364,0.9918667775316364,0.18429310237007002,1.5194627161404073,1.855670103092777,0.9991389286648005,NA,NA,NA,NA,NA,NA,NA,NA,NA,NA,NA,NA
diplopoda_pitfall,Diplopoda,pitfall-trap,secondary,species_observed_congeneric_10pct,species_error_observed_pool,species_baseline,species_units,22,0,9.523809523809511,3.1097127687406134,4.731820726009017,1,0.9853538500623681,0.8776087908958714,0.9875186499597055,31,0.9540761621585989,0.943154193906381,0.943154193906381,-0.14406903985726416,-0.30642690105636694,0.19032513877874635,0.9867569013859097,NA,NA,NA,NA,NA,NA,NA,NA,NA,NA,NA,NA
diplopoda_pitfall,Diplopoda,pitfall-trap,secondary,species_observed_rare_weighted_10pct,species_error_rare_weighted,species_baseline,species_units,22,-11.764705882352944,7.14285714285714,1.7545766472953694,2.285445851067913,1,0.9896820935416452,0.9263032771370049,0.9948388439626715,31,0.935241536404235,0.9391189785232529,0.9391189785232529,-0.17510710152739417,-0.16127731634545395,0.1387787470261692,0.9959595933380649,NA,NA,NA,NA,NA,NA,NA,NA,NA,NA,NA,NA
diplopoda_pitfall,Diplopoda,pitfall-trap,secondary,species_regional_congeneric_10pct,species_error_regional_pool,species_baseline,species_units,22,35.29411764705883,23.809523809523814,10.272213080662285,17.29144513177212,1,0.9838483866640606,0.865019735292665,0.9866866777927085,31,0.9768319356901424,0.9770821338229146,0.9770821338229146,0.4493464941863756,1.8137938184708657,2.0516596805256526,0.9957677985819038,NA,NA,NA,NA,NA,NA,NA,NA,NA,NA,NA,NA
diplopoda_pitfall,Diplopoda,pitfall-trap,secondary,species_observed_congeneric_10pct,species_error_observed_pool,species_baseline,species_units,23,0,9.523809523809511,3.263330411485854,5.107248930388475,1,0.9809580783632484,0.8502334251898306,0.9851618366283792,31,0.9663688478807585,0.9673725656870571,0.9673725656870571,-0.1057562066654194,0.4112571566809109,0.95162569389373175,0.9957235866770198,NA,NA,NA,NA,NA,NA,NA,NA,NA,NA,NA,NA
diplopoda_pitfall,Diplopoda,pitfall-trap,secondary,species_observed_rare_weighted_10pct,species_error_rare_weighted,species_baseline,species_units,23,-5.882352941176472,9.523809523809511,4.288459743330697,7.81902041021536,1,0.9941989366860832,0.9545921407326523,0.9951987186545801,31,0.8408245321188182,0.8504430565993676,0.8504430565993676,-1.2167360529691362,-1.6047092976372967,-0.9397303727200712,0.9089382650467128,NA,NA,NA,NA,NA,NA,NA,NA,NA,NA,NA,NA
diplopoda_pitfall,Diplopoda,pitfall-trap,secondary,species_regional_congeneric_10pct,species_error_regional_pool,species_baseline,species_units,23,29.41176470588236,14.28571428571428,5.696303353889309,9.093497853415,1,0.9814947521219592,0.852772789019731,0.9840436880314509,31,0.9367454186628028,0.930846553570279,0.930846553570279,0.310232097054719,0.6566290736922165,1.0031720856463089,0.9872125027629328,NA,NA,NA,NA,NA,NA,NA,NA,NA,NA,NA,NA
diplopoda_pitfall,Diplopoda,pitfall-trap,secondary,species_observed_congeneric_10pct,species_error_observed_pool,species_baseline,species_units,24,0,7.14285714285714,1.9791866321480889,2.2944053302782708,1,0.9896820935416452,0.9263032771370049,0.9948388439626715,31,0.9526683144738765,0.9450835281218781,0.9450835281218781,-0.247258299926989,-0.49189581485364897,-0.06740681998413933,0.9946859941043444,NA,NA,NA,NA,NA,NA,NA,NA,NA,NA,NA,NA
diplopoda_pitfall,Diplopoda,pitfall-trap,secondary,species_observed_rare_weighted_10pct,species_error_rare_weighted,species_baseline,species_units,24,-11.764705882352944,7.14285714285714,1.3872521692793516,1.5733788993871567,1,0.9896820935416452,0.9263032771370049,0.9948388439626715,31,0.8136683904645708,0.8123407821718145,0.8123407821718145,-1.1644197265839984,-2.0401580517700246,-1.3560666137985788,0.9218533962639277,NA,NA,NA,NA,NA,NA,NA,NA,NA,NA,NA,NA
diplopoda_pitfall,Diplopoda,pitfall-trap,secondary,species_regional_congeneric_10pct,species_error_regional_pool,species_baseline,species_units,24,29.41176470588236,19.047619047619047,8.500008998964304,14.988226713255415,1,0.9795834846992408,0.8269016142799641,0.9820378847016041,31,0.9992143085898827,0.9985662939258934,0.9985662939258934,0.5596875873251639,1.6853479558100126,2.1332275971451153,0.995988814413084,NA,NA,NA,NA,NA,NA,NA,NA,NA,NA,NA,NA
diplopoda_pitfall,Diplopoda,pitfall-trap,secondary,species_observed_congeneric_10pct,species_error_observed_pool,species_baseline,species_units,25,0,9.523809523809511,3.213259745314878,5.037621284253357,1,0.9897875589583071,0.9236866225188045,0.9938397420549064,31,0.8716385379735228,0.8672618853325457,0.8672618853325457,0.20168360708296973,0.9192807031690897,1.221252973830289,0.9550845596504265,NA,NA,NA,NA,NA,NA,NA,NA,NA,NA,NA,NA
diplopoda_pitfall,Diplopoda,pitfall-trap,secondary,species_observed_rare_weighted_10pct,species_error_rare_weighted,species_baseline,species_units,25,-5.882352941176472,4.761904761904767,1.9244983127655768,3.4572440415864714,1,0.9990178564032053,0.9961021073292504,0.9987005738610821,31,0.9033113890218689,0.9072147823179094,0.9072147823179094,-0.7162780322689133,-0.9434723006209178,-0.5908009516257029,0.9569305067873259,NA,NA,NA,NA,NA,NA,NA,NA,NA,NA,NA,NA
diplopoda_pitfall,Diplopoda,pitfall-trap,secondary,species_regional_congeneric_10pct,species_error_regional_pool,species_baseline,species_units,25,17.647058823529417,16.66666666666665,7.465149155714568,13.09383450823769,1,0.9778780179333438,0.8236409863962004,0.9804938036113315,31,0.9689630908790974,0.967240774913177,0.967240774913177,0.03427617202040878,0.9434723006209067,1.546391752577314,0.9958828777635216,NA,NA,NA,NA,NA,NA,NA,NA,NA,NA,NA,NA
diplopoda_pitfall,Diplopoda,pitfall-trap,secondary,species_observed_congeneric_10pct,species_error_observed_pool,species_baseline,species_units,26,0,7.14285714285714,2.535236555126974,3.6499970058826436,1,0.9942422191713834,0.9599312329946983,0.9971417427952091,31,0.9244277585110322,0.9244777071416705,0.9244777071416705,-0.14581215023118377,0.11635006393493352,0.3727200634417116,0.9949916618883277,NA,NA,NA,NA,NA,NA,NA,NA,NA,NA,NA,NA
diplopoda_pitfall,Diplopoda,pitfall-trap,secondary,species_observed_rare_weighted_10pct,species_error_rare_weighted,species_baseline,species_units,26,-5.882352941176472,7.14285714285714,3.447674929324984,6.678191699096536,1,0.9942210492545077,0.9555908770171602,0.995492157757825,31,0.9568455684270022,0.9579161888010427,0.9579161888010427,-0.26176663585048,-0.4677042174018209,-0.2854877081681195,0.9943102317761128,NA,NA,NA,NA,NA,NA,NA,NA,NA,NA,NA,NA
diplopoda_pitfall,Diplopoda,pitfall-trap,secondary,species_regional_congeneric_10pct,species_error_regional_pool,species_baseline,species_units,26,29.41176470588236,21.42857142857142,9.142122338875968,15.721560526696333,1,0.9793908034496263,0.8274314247007747,0.9820378847016041,31,0.9596374311148648,0.9615452979150115,0.9615452979150115,1.30953748410223,2.729042588731323,3.1363996827914464,0.9582222586195335,NA,NA,NA,NA,NA,NA,NA,NA,NA,NA,NA,NA
diplopoda_pitfall,Diplopoda,pitfall-trap,secondary,species_observed_congeneric_10pct,species_error_observed_pool,species_baseline,species_units,27,0,11.904761904761907,5.622842732099054,9.775103660474915,1,0.9896291272761997,0.9069402859253723,0.9892517191214723,31,0.8662445273229381,0.864406663048518,0.864406663048518,0.212762864143623,0.5034156231640274,1.0269627279936522,0.8142445473212965,NA,NA,NA,NA,NA,NA,NA,NA,NA,NA,NA,NA
diplopoda_pitfall,Diplopoda,pitfall-trap,secondary,species_observed_rare_weighted_10pct,species_error_rare_weighted,species_baseline,species_units,27,0,11.904761904761907,4.347043910245718,7.423664260856144,1,0.9813845912513368,0.8506093669102114,0.984848726676852,31,0.7992391725057445,0.8035929168495677,0.8035929168495677,0.5123051108085752,0.6370453995645509,1.2291831879460702,0.91263481980146,NA,NA,NA,NA,NA,NA,NA,NA,NA,NA,NA,NA
diplopoda_pitfall,Diplopoda,pitfall-trap,secondary,species_regional_congeneric_10pct,species_error_regional_pool,species_baseline,species_units,27,23.529411764705888,19.047619047619047,7.565711281485732,12.472910390950132,1,0.9743647199203739,0.7680217993878848,0.9702917674030683,31,0.9929287042872748,0.9918872506395916,0.9918872506395916,0.2053048637230992,0.8824173165758564,1.1617763679619308,0.9977363713356899,NA,NA,NA,NA,NA,NA,NA,NA,NA,NA,NA,NA
diplopoda_pitfall,Diplopoda,pitfall-trap,secondary,species_observed_congeneric_10pct,species_error_observed_pool,species_baseline,species_units,28,0,11.904761904761907,4.302200591425875,6.807217510074448,1,0.9813845912513368,0.8456323236600747,0.9836380881404252,31,0.8950681817408302,0.8983283880097978,0.8983283880097978,0.3972480582952631,0.9596000322554588,1.4670896114195031,0.9303791511360073,NA,NA,NA,NA,NA,NA,NA,NA,NA,NA,NA,NA
diplopoda_pitfall,Diplopoda,pitfall-trap,secondary,species_observed_rare_weighted_10pct,species_error_rare_weighted,species_baseline,species_units,28,-11.764705882352944,9.523809523809511,3.42918620719439,5.620089219445279,1,0.9897875589583071,0.9236866225188045,0.9938397420549064,31,0.8961783512107547,0.8999675513943629,0.8999675513943629,-0.3278470026426117,-0.00806386581728713,0.3885804916732738,0.9007298642863482,NA,NA,NA,NA,NA,NA,NA,NA,NA,NA,NA,NA
diplopoda_pitfall,Diplopoda,pitfall-trap,secondary,species_regional_congeneric_10pct,species_error_regional_pool,species_baseline,species_units,28,29.41176470588236,11.904761904761907,4.0786031906876685,6.417069406979126,1,0.9852196921354269,0.8900552276795407,0.9907192495626648,31,0.9825138219153465,0.9837862629544241,0.9837862629544241,0.28665207387752467,1.6807400324858612,1.9746233148294934,0.9961813870117155,NA,NA,NA,NA,NA,NA,NA,NA,NA,NA,NA,NA
diplopoda_pitfall,Diplopoda,pitfall-trap,secondary,species_observed_congeneric_10pct,species_error_observed_pool,species_baseline,species_units,29,0,7.14285714285714,3.3831913770656863,5.87601750970308,1,0.9851546033443742,0.8684045896841154,0.9849211364352843,31,0.9113573991581833,0.9157821921615422,0.9157821921615422,0.589267508430158,1.1289412144181776,1.5067406819984086,0.9184714914997951,NA,NA,NA,NA,NA,NA,NA,NA,NA,NA,NA,NA
diplopoda_pitfall,Diplopoda,pitfall-trap,secondary,species_observed_rare_weighted_10pct,species_error_rare_weighted,species_baseline,species_units,29,-5.882352941176472,11.904761904761907,4.1309692603703985,6.7264518384697825,1,0.9857088416697122,0.888888446357794,0.9900038347929793,31,0.9270398529793079,0.9266248620056217,0.9266248620056217,-0.7360088649184471,-0.21772437706636394,0.4599524187153037,0.9562334916783091,NA,NA,NA,NA,NA,NA,NA,NA,NA,NA,NA,NA
diplopoda_pitfall,Diplopoda,pitfall-trap,secondary,species_regional_congeneric_10pct,species_error_regional_pool,species_baseline,species_units,29,17.647058823529417,16.66666666666665,5.233107040868079,6.858180703550398,1,0.9813845912513368,0.8716239041159582,0.9890524766886868,31,1,0.998412025862568,0.998412025862568,0,1.1894202080477312,1.476719157131523,0.9999999999999996,NA,NA,NA,NA,NA,NA,NA,NA,NA,NA,NA,NA
diplopoda_pitfall,Diplopoda,pitfall-trap,secondary,species_observed_congeneric_10pct,species_error_observed_pool,species_baseline,species_units,30,0,7.14285714285714,1.8026108020565035,2.2080854908853365,1,0.9896820935416452,0.9263032771370049,0.9948388439626715,31,0.8174035468553345,0.8128286323854622,0.8128286323854622,0.7801793791048395,1.0724941536972787,1.4274385408405976,0.8865221460472241,NA,NA,NA,NA,NA,NA,NA,NA,NA,NA,NA,NA
diplopoda_pitfall,Diplopoda,pitfall-trap,secondary,species_observed_rare_weighted_10pct,species_error_rare_weighted,species_baseline,species_units,30,0,4.761904761904767,1.0433049910125058,1.2502196087843531,1,0.9897216343795376,0.9272673729708277,0.9951316589277819,31,0.987265116081984,0.9862569580223937,0.9862569580223937,-0.06886536309370639,0.5080235464881788,0.852498017446468,0.9997755208511621,NA,NA,NA,NA,NA,NA,NA,NA,NA,NA,NA,NA
diplopoda_pitfall,Diplopoda,pitfall-trap,secondary,species_regional_congeneric_10pct,species_error_regional_pool,species_baseline,species_units,30,11.764705882352944,11.904761904761907,3.998758104326683,6.1482479290389636,1,0.9813845912513368,0.8524100227583167,0.9856966033486492,31,0.9814595653139373,0.980375640340447,0.980375640340447,0.4127948783904989,1.5160067736472715,1.8160190325138714,0.9763812112718699,NA,NA,NA,NA,NA,NA,NA,NA,NA,NA,NA,NA
