assemblage_id,group_label,method,analysis_tier,scenario,scenario_family,baseline_scenario,unit_type,gamma_change_pct_median,gamma_change_pct_p10,gamma_change_pct_p90,mean_q0_change_pct_median,mean_q0_change_pct_p10,mean_q0_change_pct_p90,mean_q1_change_pct_median,mean_q1_change_pct_p10,mean_q1_change_pct_p90,mean_q2_change_pct_median,mean_q2_change_pct_p10,mean_q2_change_pct_p90,abundance_stability_median,abundance_stability_p10,abundance_stability_p90,q0_stability_median,q0_stability_p10,q0_stability_p90,q1_stability_median,q1_stability_p10,q1_stability_p90,q2_stability_median,q2_stability_p10,q2_stability_p90,bray_stability_median,bray_stability_p10,bray_stability_p90,sorensen_stability_median,sorensen_stability_p10,sorensen_stability_p90,ordination_procrustes_r2_median,ordination_procrustes_r2_p10,ordination_procrustes_r2_p90,bray_mean_change_pct_median,bray_mean_change_pct_p10,bray_mean_change_pct_p90,sorensen_mean_change_pct_median,sorensen_mean_change_pct_p10,sorensen_mean_change_pct_p90,gdm_bray_delta_explained_median,gdm_bray_delta_explained_p10,gdm_bray_delta_explained_p90,gdm_bray_predicted_stability_median,gdm_bray_predicted_stability_p10,gdm_bray_predicted_stability_p90,gdm_bray_term_rank_stability_median,gdm_bray_term_rank_stability_p10,gdm_bray_term_rank_stability_p90,gdm_sorensen_delta_explained_median,gdm_sorensen_delta_explained_p10,gdm_sorensen_delta_explained_p90,gdm_sorensen_predicted_stability_median,gdm_sorensen_predicted_stability_p10,gdm_sorensen_predicted_stability_p90,gdm_sorensen_term_rank_stability_median,gdm_sorensen_term_rank_stability_p10,gdm_sorensen_term_rank_stability_p90,jaccard_stability_median,jaccard_stability_p10,jaccard_stability_p90,jaccard_mean_change_pct_median,jaccard_mean_change_pct_p10,jaccard_mean_change_pct_p90,n_iter
araneae_pitfall,Araneae,pitfall-trap,main,adult_only_strict,ontogenetic_filtering,rtu_mixed_best_available,adult_RTU,-13.011152416356875,-13.011152416356875,-13.011152416356875,-17.99645390070922,-17.99645390070922,-17.99645390070922,-15.806943187268118,-15.806943187268118,-15.806943187268118,-13.425189717590635,-13.425189717590635,-13.425189717590635,0.9952096814095698,0.9952096814095698,0.9952096814095698,0.9709518869229686,0.9709518869229686,0.9709518869229686,0.9460031129025819,0.9460031129025819,0.9460031129025819,0.9559803649586555,0.9559803649586555,0.9559803649586555,0.8554505080684345,0.8554505080684345,0.8554505080684345,0.9043614999540927,0.9043614999540927,0.9043614999540927,0.986270715163472,0.986270715163472,0.986270715163472,1.552029102103858,1.552029102103858,1.552029102103858,4.258616150726113,4.258616150726113,4.258616150726113,0.8159639405680768,0.8159639405680768,0.8159639405680768,0.9814053171453457,0.9814053171453457,0.9814053171453457,1,1,1,0.4446502577197684,0.4446502577197684,0.4446502577197684,0.9866207568394014,0.9866207568394014,0.9866207568394014,-0.2,-0.2,-0.2,0.9043614999540927,0.9043614999540927,0.9043614999540927,2.199860556541222,2.199860556541222,2.199860556541222,1
araneae_pitfall,Araneae,pitfall-trap,main,rtu_family_level,resolution_family,rtu_mixed_family_resolvable,family_units,-89.96282527881041,-89.96282527881041,-89.96282527881041,-65.95744680851064,-65.95744680851064,-65.95744680851064,-64.3666390816958,-64.3666390816958,-64.3666390816958,-59.36174599552289,-59.36174599552289,-59.36174599552289,0.9999999999999999,0.9999999999999999,0.9999999999999999,0.5857375536122253,0.5857375536122253,0.5857375536122253,0.7105727883501256,0.7105727883501256,0.7105727883501256,0.696681566168156,0.696681566168156,0.696681566168156,0.6063153171869604,0.6063153171869604,0.6063153171869604,0.4913106438133236,0.4913106438133236,0.4913106438133236,0.4135700822715773,0.4135700822715773,0.4135700822715773,-24.662419749780295,-24.662419749780295,-24.662419749780295,-44.52876515516915,-44.52876515516915,-44.52876515516915,-6.97415606753643,-6.97415606753643,-6.97415606753643,0.8575660750696789,0.8575660750696789,0.8575660750696789,0.6000000000000001,0.6000000000000001,0.6000000000000001,-12.270646700811707,-12.270646700811707,-12.270646700811707,0.9708560554187654,0.9708560554187654,0.9708560554187654,0.8,0.8,0.8,0.4913106438133236,0.4913106438133236,0.4913106438133236,-32.27376493910289,-32.27376493910289,-32.27376493910289,1
araneae_pitfall,Araneae,pitfall-trap,main,rtu_genus_level,resolution_genus,rtu_mixed_genus_resolvable,genus_units,-54.6875,-54.6875,-54.6875,-27.913809990205685,-27.913809990205685,-27.913809990205685,-31.555695643694705,-31.555695643694705,-31.555695643694705,-29.08437790661138,-29.08437790661138,-29.08437790661138,1,1,1,0.9065346152661045,0.9065346152661045,0.9065346152661045,0.8222452807598674,0.8222452807598674,0.8222452807598674,0.8210914895739799,0.8210914895739799,0.8210914895739799,0.7163416474652357,0.7163416474652357,0.7163416474652357,0.8202218615548306,0.8202218615548306,0.8202218615548306,0.4349472922060619,0.4349472922060619,0.4349472922060619,-11.275041514662954,-11.275041514662954,-11.275041514662954,-12.849573074396936,-12.849573074396936,-12.849573074396936,-7.18735899108799,-7.18735899108799,-7.18735899108799,0.8921264183517905,0.8921264183517905,0.8921264183517905,0.4,0.4,0.4,-1.5421260613260976,-1.5421260613260976,-1.5421260613260976,0.9698153280325311,0.9698153280325311,0.9698153280325311,0.8,0.8,0.8,0.8202218615548306,0.8202218615548306,0.8202218615548306,-7.939954142660632,-7.939954142660632,-7.939954142660632,1
araneae_pitfall,Araneae,pitfall-trap,main,rtu_mixed_best_available,workflow,rtu_mixed_best_available,mixed_RTU,0,0,0,0,0,0,0,0,0,0,0,0,0.9999999999999999,0.9999999999999999,0.9999999999999999,0.9999999999999999,0.9999999999999999,0.9999999999999999,0.9999999999999997,0.9999999999999997,0.9999999999999997,1,1,1,1,1,1,1,1,1,1,1,1,0,0,0,0,0,0,0,0,0,0.9999999999999999,0.9999999999999999,0.9999999999999999,1,1,1,0,0,0,0.9999999999999999,0.9999999999999999,0.9999999999999999,1,1,1,1,1,1,0,0,0,1
araneae_pitfall,Araneae,pitfall-trap,main,rtu_mixed_family_resolvable,resolution_family,rtu_mixed_family_resolvable,family_resolvable_RTU,0,0,0,0,0,0,0,0,0,0,0,0,0.9999999999999999,0.9999999999999999,0.9999999999999999,0.9999999999999999,0.9999999999999999,0.9999999999999999,0.9999999999999997,0.9999999999999997,0.9999999999999997,1,1,1,1,1,1,1,1,1,1,1,1,0,0,0,0,0,0,0,0,0,0.9999999999999999,0.9999999999999999,0.9999999999999999,1,1,1,0,0,0,0.9999999999999999,0.9999999999999999,0.9999999999999999,1,1,1,1,1,1,0,0,0,1
araneae_pitfall,Araneae,pitfall-trap,main,rtu_mixed_genus_resolvable,resolution_genus,rtu_mixed_genus_resolvable,genus_resolvable_RTU,0,0,0,0,0,0,0,0,0,0,0,0,1,1,1,1,1,1,0.9999999999999997,0.9999999999999997,0.9999999999999997,1,1,1,1,1,1,1,1,1,1.0000000000000009,1.0000000000000009,1.0000000000000009,0,0,0,0,0,0,0,0,0,0.9999999999999999,0.9999999999999999,0.9999999999999999,1,1,1,0,0,0,0.9999999999999999,0.9999999999999999,0.9999999999999999,1,1,1,1,1,1,0,0,0,1
araneae_pitfall,Araneae,pitfall-trap,main,rtu_rare_species_to_genus,workflow,rtu_mixed_best_available,mixed_RTU,-21.561338289962826,-21.561338289962826,-21.561338289962826,-1.507092198581561,-1.507092198581561,-1.507092198581561,-1.0576291303257213,-1.0576291303257213,-1.0576291303257213,-0.8108416167905919,-0.8108416167905919,-0.8108416167905919,0.9999999999999999,0.9999999999999999,0.9999999999999999,0.9975368473643894,0.9975368473643894,0.9975368473643894,0.9989224567984992,0.9989224567984992,0.9989224567984992,0.9996408117654102,0.9996408117654102,0.9996408117654102,0.9932548334349932,0.9932548334349932,0.9932548334349932,0.9888912998574808,0.9888912998574808,0.9888912998574808,0.9995568724503132,0.9995568724503132,0.9995568724503132,-0.19075496848246498,-0.19075496848246498,-0.19075496848246498,-0.9033906669710601,-0.9033906669710601,-0.9033906669710601,-0.6080104029008933,-0.6080104029008933,-0.6080104029008933,0.9997582373843784,0.9997582373843784,0.9997582373843784,1,1,1,-0.7633158264610991,-0.7633158264610991,-0.7633158264610991,0.9991870508689343,0.9991870508689343,0.9991870508689343,1,1,1,0.9888912998574808,0.9888912998574808,0.9888912998574808,-0.5250562040159612,-0.5250562040159612,-0.5250562040159612,1
araneae_pitfall,Araneae,pitfall-trap,main,rtu_species_only_drop_unresolved,workflow,rtu_mixed_best_available,species_only,-17.472118959107807,-17.472118959107807,-17.472118959107807,-23.404255319148938,-23.404255319148938,-23.404255319148938,-22.40690219734348,-22.40690219734348,-22.40690219734348,-20.178577378037875,-20.178577378037875,-20.178577378037875,0.9888814588337996,0.9888814588337996,0.9888814588337996,0.9608872016190397,0.9608872016190397,0.9608872016190397,0.9477192002234902,0.9477192002234902,0.9477192002234902,0.9578760428135248,0.9578760428135248,0.9578760428135248,0.8335947658431706,0.8335947658431706,0.8335947658431706,0.9012117947032634,0.9012117947032634,0.9012117947032634,0.9779051789983231,0.9779051789983231,0.9779051789983231,1.6686861249068041,1.6686861249068041,1.6686861249068041,4.788736001425842,4.788736001425842,4.788736001425842,2.421170032653709,2.421170032653709,2.421170032653709,0.9505534363655458,0.9505534363655458,0.9505534363655458,-0.2,-0.2,-0.2,1.6424090353368115,1.6424090353368115,1.6424090353368115,0.9779562927328422,0.9779562927328422,0.9779562927328422,0,0,0,0.9012117947032634,0.9012117947032634,0.9012117947032634,2.520195318543572,2.520195318543572,2.520195318543572,1
araneae_pitfall,Araneae,pitfall-trap,main,species_baseline,species_error,species_baseline,species_units,0,0,0,0,0,0,0,0,0,0,0,0,1,1,1,1,1,1,0.9999999999999997,0.9999999999999997,0.9999999999999997,1,1,1,0.9999999999999999,0.9999999999999999,0.9999999999999999,1,1,1,1.0000000000000004,1.0000000000000004,1.0000000000000004,0,0,0,0,0,0,0,0,0,0.9999999999999999,0.9999999999999999,0.9999999999999999,1,1,1,0,0,0,0.9999999999999999,0.9999999999999999,0.9999999999999999,1,1,1,1,1,1,0,0,0,1
araneae_pitfall,Araneae,pitfall-trap,main,species_observed_congeneric_10pct,species_error_observed_pool,species_baseline,species_units,-1.3513513513513487,-1.84684684684685,-0.45045045045044585,18.344907407407398,17.118055555555554,20.497685185185187,18.966655375394346,17.40762815683751,20.51143310705099,14.944438207594967,13.695954779544312,16.377241240302414,1,1,1,0.9804310306027844,0.9749538609456682,0.9834776062049505,0.9737997366005504,0.9658338987109388,0.9796991026364119,0.9823255626831033,0.9769210815125211,0.9860081811832786,0.9442760204924061,0.9125882788134455,0.9544282723297958,0.9416548224764512,0.9249260041602263,0.9511742761187698,0.9873884430547321,0.9697662809177738,0.9936918373605914,-0.5623672286206582,-0.8839281405261756,-0.3901440891941854,-1.1122860271779056,-1.6814731896808854,-0.7266162695582253,-0.6773327495117183,-1.312288704128974,0.4626915346462022,0.9984690018988431,0.9963524387407134,0.9988477969785032,0.8,0.8,0.9800000000000001,-0.40305611737669444,-2.0159825879619735,1.157188198236042,0.997513058114932,0.9946581388604453,0.9985818907719435,0.8,0.22000000000000003,0.8,0.9416548224764512,0.9249260041602263,0.9511742761187698,-0.6298508001185144,-0.9534886709423329,-0.3610129646394987,30
araneae_pitfall,Araneae,pitfall-trap,main,species_observed_rare_weighted_10pct,species_error_rare_weighted,species_baseline,species_units,-2.4774774774774744,-4.054054054054057,-1.3513513513513487,20.486111111111114,17.82407407407407,21.782407407407405,17.14684030774786,15.518065545344326,18.590844449426818,13.388112449429734,12.188322758090578,15.155242642044646,1,1,1,0.9813472287570952,0.974955600752008,0.983573578906341,0.9797661332162667,0.9756004117330273,0.9853573851618308,0.9811832784595431,0.9775556220692408,0.985517310186571,0.9383805613415834,0.9235932658940098,0.9522342360732434,0.9291111532954799,0.9149178514097495,0.9419847507546316,0.99276374315256255,0.9858835322785476,0.9961422472494076,-0.5037267927227029,-0.6673308374067444,-0.3570638429225048,-0.6806071981852402,-1.406596153094013,-0.3220124145455982,-1.0281187967977168,-1.5191349138894163,-0.5186559691726585,0.9983123162544112,0.997682882150686,0.9988961904399192,0.8,0.8,1,-1.5748612508856787,-3.220966142055236,-0.5973984150383882,0.9965521877343115,0.9948997987969634,0.9978654941353161,0.30000000000000004,0.2,0.8,0.9291111532954799,0.9149178514097495,0.9419847507546316,-0.32664830871808603,-0.761480718948353,-0.10123023772875549,30
araneae_pitfall,Araneae,pitfall-trap,main,species_regional_congeneric_10pct,species_error_regional_pool,species_baseline,species_units,23.42342342342343,20.270270270270263,26.171171171171167,22.85879629629629,21.273148148148152,24.317129629629633,21.565916951294973,20.242671706738992,23.23989275791905,16.19309325907734,15.009695013230587,17.887737398978906,1,1,1,0.9795977669284492,0.9751393523011714,0.9828437297845458,0.975116733846829,0.9688550105758869,0.977966236979686,0.9827796069041206,0.9783936945026439,0.9855062040465912,0.9735685039054746,0.9429630026363505,0.9833845907872641,0.9655585646471789,0.9492383725500604,0.9721999144249827,0.9961163345730748,0.9874250795481637,0.9981300076670769,-0.015416861901368373,-0.2744843277396847,0.124598443920676,0.9400772918089162,0.2295257986040023,1.4089458759024587,-0.14159953152629967,-1.1491049249793057,0.6404545950092185,0.9992594929764558,0.9969380602045185,0.9997968565952706,1,0.44000000000000006,1,-0.09496424173396001,-1.4800569838124062,1.707458428595536,0.9985749607325771,0.9961186701599962,0.9993647066532696,0.8,0.4,1,0.9655585646471789,0.9492383725500604,0.9721999144249827,0.6105631388061639,0.1807206637475045,0.8806348480397519,30
carabidae_pitfall,Carabidae,pitfall-trap,main,rtu_genus_level,resolution_genus,rtu_mixed_genus_resolvable,genus_units,-67.42424242424244,-67.42424242424244,-67.42424242424244,-29.00158478605389,-29.00158478605389,-29.00158478605389,-22.99925695752836,-22.99925695752836,-22.99925695752836,-18.057150941950574,-18.057150941950574,-18.057150941950574,1,1,1,0.9270259023584286,0.9270259023584286,0.9270259023584286,0.9323422816151392,0.9323422816151392,0.9323422816151392,0.9271642165168941,0.9271642165168941,0.9271642165168941,0.7396553662657872,0.7396553662657872,0.7396553662657872,0.7687775415317991,0.7687775415317991,0.7687775415317991,0.567377811171806,0.567377811171806,0.567377811171806,-6.906064376286125,-6.906064376286125,-6.906064376286125,-19.26047611981605,-19.26047611981605,-19.26047611981605,-10.036898949842444,-10.036898949842444,-10.036898949842444,0.8898635027076974,0.8898635027076974,0.8898635027076974,0.6000000000000001,0.6000000000000001,0.6000000000000001,-11.060924087042958,-11.060924087042958,-11.060924087042958,0.9473218013537521,0.9473218013537521,0.9473218013537521,-0.4,-0.4,-0.4,0.7687775415317991,0.7687775415317991,0.7687775415317991,-12.483955948052628,-12.483955948052628,-12.483955948052628,1
carabidae_pitfall,Carabidae,pitfall-trap,main,rtu_mixed_best_available,workflow,rtu_mixed_best_available,mixed_RTU,0,0,0,0,0,0,0,0,0,0,0,0,0.9999999999999999,0.9999999999999999,0.9999999999999999,1,1,1,1,1,1,0.9999999999999999,0.9999999999999999,0.9999999999999999,1,1,1,1,1,1,1,1,1,0,0,0,0,0,0,0,0,0,1,1,1,1,1,1,0,0,0,1,1,1,1,1,1,1,1,1,0,0,0,1
carabidae_pitfall,Carabidae,pitfall-trap,main,rtu_mixed_genus_resolvable,resolution_genus,rtu_mixed_genus_resolvable,genus_resolvable_RTU,0,0,0,0,0,0,0,0,0,0,0,0,1,1,1,1,1,1,1,1,1,0.9999999999999999,0.9999999999999999,0.9999999999999999,1,1,1,1,1,1,1,1,1,0,0,0,0,0,0,0,0,0,1,1,1,1,1,1,0,0,0,1,1,1,1,1,1,1,1,1,0,0,0,1
carabidae_pitfall,Carabidae,pitfall-trap,main,rtu_rare_species_to_genus,workflow,rtu_mixed_best_available,mixed_RTU,-20.740740740740737,-20.740740740740737,-20.740740740740737,-0.9331259720062213,-0.9331259720062213,-0.9331259720062213,-0.6647396732465172,-0.6647396732465172,-0.6647396732465172,-0.2829139031515937,-0.2829139031515937,-0.2829139031515937,0.9999999999999999,0.9999999999999999,0.9999999999999999,0.9976349869721844,0.9976349869721844,0.9976349869721844,0.9989612465041952,0.9989612465041952,0.9989612465041952,0.9998403257354994,0.9998403257354994,0.9998403257354994,0.9884537910228377,0.9884537910228377,0.9884537910228377,0.9844696446231664,0.9844696446231664,0.9844696446231664,0.9993790896220527,0.9993790896220527,0.9993790896220527,-0.09540101679144097,-0.09540101679144097,-0.09540101679144097,-0.6315301118425709,-0.6315301118425709,-0.6315301118425709,-0.468344159608991,-0.468344159608991,-0.468344159608991,0.9994971686644606,0.9994971686644606,0.9994971686644606,1,1,1,-1.4382423523447656,-1.4382423523447656,-1.4382423523447656,0.9987264486975481,0.9987264486975481,0.9987264486975481,0.8,0.8,0.8,0.9844696446231664,0.9844696446231664,0.9844696446231664,-0.368290546336969,-0.368290546336969,-0.368290546336969,1
carabidae_pitfall,Carabidae,pitfall-trap,main,rtu_species_only_drop_unresolved,workflow,rtu_mixed_best_available,species_only,-2.9629629629629672,-2.9629629629629672,-2.9629629629629672,-2.3328149300155587,-2.3328149300155587,-2.3328149300155587,-1.8723620063604396,-1.8723620063604396,-1.8723620063604396,-1.5534378803174986,-1.5534378803174986,-1.5534378803174986,0.9997305289614554,0.9997305289614554,0.9997305289614554,0.9964024812357071,0.9964024812357071,0.9964024812357071,0.9964043148222135,0.9964043148222135,0.9964043148222135,0.9971258632389923,0.9971258632389923,0.9971258632389923,0.9989845229243485,0.9989845229243485,0.9989845229243485,0.9971848766772188,0.9971848766772188,0.9971848766772188,0.9999742507678522,0.9999742507678522,0.9999742507678522,-0.013862338824210951,-0.013862338824210951,-0.013862338824210951,-0.2196402630413652,-0.2196402630413652,-0.2196402630413652,0.030251141939741544,0.030251141939741544,0.030251141939741544,0.9999885128474655,0.9999885128474655,0.9999885128474655,1,1,1,0.02637197770938471,0.02637197770938471,0.02637197770938471,0.999873298819347,0.999873298819347,0.999873298819347,1,1,1,0.9971848766772188,0.9971848766772188,0.9971848766772188,-0.1445716049945811,-0.1445716049945811,-0.1445716049945811,1
carabidae_pitfall,Carabidae,pitfall-trap,main,species_baseline,species_error,species_baseline,species_units,0,0,0,0,0,0,0,0,0,0,0,0,1,1,1,0.9999999999999999,0.9999999999999999,0.9999999999999999,1,1,1,0.9999999999999999,0.9999999999999999,0.9999999999999999,1,1,1,0.9999999999999998,0.9999999999999998,0.9999999999999998,1.0000000000000004,1.0000000000000004,1.0000000000000004,0,0,0,0,0,0,0,0,0,1,1,1,1,1,1,0,0,0,1,1,1,1,1,1,0.9999999999999998,0.9999999999999998,0.9999999999999998,0,0,0,1
carabidae_pitfall,Carabidae,pitfall-trap,main,species_observed_congeneric_10pct,species_error_observed_pool,species_baseline,species_units,-0.7633587786259555,-2.2900763358778664,0,20.541401273885352,19.538216560509564,22.149681528662434,21.7279848872714,20.036855686820093,22.8584479026794,17.051082503858428,15.729828105442191,18.130727780506607,1,1,1,0.9847993764330867,0.9806423181861874,0.98840198057745,0.9878308898563406,0.9854603174084099,0.9902046330870854,0.9847111891740847,0.9807737986771747,0.9891274743136509,0.9522550901190188,0.934197348957387,0.9630756053816406,0.9329490905510411,0.9211491047362684,0.9415312328213404,0.992082733286005,0.9609502504318641,0.9961490473204502,-0.4223516721340026,-0.7295560317749639,-0.2777962528262401,-1.2399895098065328,-1.5605371379742115,-0.7185359392262969,-1.1700378888850187,-1.7587468481886452,-0.29502192576308434,0.9971538410115268,0.9947724928890302,0.9993422225402354,1,1,1,-2.0265955122783677,-3.604875179628133,-0.9497363244909105,0.9965969847440217,0.9923308538084776,0.9988162248851193,0.9,0.22000000000000003,1,0.9329490905510411,0.9211491047362684,0.9415312328213404,-0.7188421535791578,-0.9231052871796475,-0.43757966331083864,30
carabidae_pitfall,Carabidae,pitfall-trap,main,species_observed_rare_weighted_10pct,species_error_rare_weighted,species_baseline,species_units,-2.2900763358778664,-3.129770992366416,-1.4503816793893143,24.28343949044587,22.69108280254778,25.843949044585997,22.428431545904317,20.615841512936807,23.924817084084086,17.755201202615634,15.641995879529864,19.296779906121127,1,1,1,0.980950985849748,0.9774649992347201,0.986888067005135,0.9825809029165002,0.9785208502586062,0.9854534558529765,0.9752358912801261,0.9675512979930868,0.9823150599477994,0.9407192970548262,0.9261550182568229,0.9543923732069004,0.9149374542604858,0.895217850742039,0.9272565645792952,0.9922493357864696,0.9852658578308919,0.9959089722144011,-0.5780072274034875,-0.6884878261168303,-0.43316572297430794,-0.6893922565507971,-1.175690951573054,-0.29701150697004947,-0.9235823410261981,-2.46179381555901,-0.5779429918507023,0.9979412930374032,0.9950093347976836,0.9989011016858963,1,1,1,-2.4955911394356605,-4.5046897749454695,-1.9549702074806592,0.993573805948826,0.9852996637492354,0.9958733356605778,0.4,-0.4,0.9800000000000001,0.9149374542604858,0.895217850742039,0.9272565645792952,-0.3331076381188902,-0.6291248298479424,-0.133695892629465,30
carabidae_pitfall,Carabidae,pitfall-trap,main,species_regional_congeneric_10pct,species_error_regional_pool,species_baseline,species_units,40.07633587786259,37.25190839694657,44.35114503816795,29.93630573248407,28.6624203821656,31.608280254777075,26.458379220419772,24.713989630513428,28.201707070145286,19.00948795400509,17.78459141413597,21.348419800237245,1,1,1,0.9834288250497598,0.9799949275296531,0.9874989903006681,0.9877347183379945,0.9840824406515266,0.9902996404314823,0.986966588160153,0.9812807492896345,0.9898487086343857,0.9832391952555661,0.9737629520654415,0.9927764927047035,0.9621011566453483,0.9547655119729764,0.9721124222683383,0.9991511696974704,0.9959091569798085,0.999397943963145,0.1725364203606028,0.029566017400546322,0.2318066954702802,1.7227475919610824,1.3367411687679165,2.1715389757205616,-0.23481805134423883,-0.46930422458668936,0.035430124816750036,0.9995766088992266,0.9989812287008308,0.9996818541446093,1,1,1,-0.1784678500875998,-0.7931892744140494,0.6001392101923356,0.9975551788379997,0.995132562858265,0.9982558071211793,1,0.6200000000000001,1,0.9621011566453483,0.9547655119729764,0.9721124222683383,1.0545036315211531,0.857743679835279,1.3374599033892287,30
collembola_soil_core,Collembola,soil-core,main,rtu_family_level,resolution_family,rtu_mixed_family_resolvable,family_units,-76.81159420289855,-76.81159420289855,-76.81159420289855,-38.054968287526435,-38.054968287526435,-38.054968287526435,-39.02997188714505,-39.02997188714505,-39.02997188714505,-36.359086959857436,-36.359086959857436,-36.359086959857436,1,1,1,0.8366456536123144,0.8366456536123144,0.8366456536123144,0.703280972649018,0.703280972649018,0.703280972649018,0.6372694046493049,0.6372694046493049,0.6372694046493049,0.5535529779438476,0.5535529779438476,0.5535529779438476,0.5058989169655621,0.5058989169655621,0.5058989169655621,0.11032904495436813,0.11032904495436813,0.11032904495436813,-22.864508220659996,-22.864508220659996,-22.864508220659996,-36.29010571881338,-36.29010571881338,-36.29010571881338,0.7931806712426663,0.7931806712426663,0.7931806712426663,0.8390334050781814,0.8390334050781814,0.8390334050781814,0.9486832980505139,0.9486832980505139,0.9486832980505139,3.4736781349050343,3.4736781349050343,3.4736781349050343,0.8376469882581568,0.8376469882581568,0.8376469882581568,0.8,0.8,0.8,0.5058989169655621,0.5058989169655621,0.5058989169655621,-25.87118080886889,-25.87118080886889,-25.87118080886889,1
collembola_soil_core,Collembola,soil-core,main,rtu_genus_level,resolution_genus,rtu_mixed_genus_resolvable,genus_units,-31.343283582089555,-31.343283582089555,-31.343283582089555,-4.47761194029852,-4.47761194029852,-4.47761194029852,-4.071104129188852,-4.071104129188852,-4.071104129188852,-3.7843134617513097,-3.7843134617513097,-3.7843134617513097,0.9999999999999999,0.9999999999999999,0.9999999999999999,0.9861259852955894,0.9861259852955894,0.9861259852955894,0.9746819739533603,0.9746819739533603,0.9746819739533603,0.977668347024761,0.977668347024761,0.977668347024761,0.9573689181639092,0.9573689181639092,0.9573689181639092,0.9313787869580061,0.9313787869580061,0.9313787869580061,0.9741067265752921,0.9741067265752921,0.9741067265752921,-1.4796247536987606,-1.4796247536987606,-1.4796247536987606,-4.717600115368647,-4.717600115368647,-4.717600115368647,-0.19845813529628664,-0.19845813529628664,-0.19845813529628664,0.9944458226045978,0.9944458226045978,0.9944458226045978,1,1,1,-0.5233361942089889,-0.5233361942089889,-0.5233361942089889,0.9900499085007579,0.9900499085007579,0.9900499085007579,1,1,1,0.9313787869580061,0.9313787869580061,0.9313787869580061,-3.047276224785711,-3.047276224785711,-3.047276224785711,1
collembola_soil_core,Collembola,soil-core,main,rtu_mixed_best_available,workflow,rtu_mixed_best_available,mixed_RTU,0,0,0,0,0,0,0,0,0,0,0,0,1,1,1,1,1,1,1,1,1,1,1,1,1,1,1,1,1,1,0.9999999999999996,0.9999999999999996,0.9999999999999996,0,0,0,0,0,0,0,0,0,1,1,1,1,1,1,0,0,0,1,1,1,1,1,1,1,1,1,0,0,0,1
collembola_soil_core,Collembola,soil-core,main,rtu_mixed_family_resolvable,resolution_family,rtu_mixed_family_resolvable,family_resolvable_RTU,0,0,0,0,0,0,0,0,0,0,0,0,1,1,1,1,1,1,1,1,1,1,1,1,1,1,1,1,1,1,0.9999999999999996,0.9999999999999996,0.9999999999999996,0,0,0,0,0,0,0,0,0,1,1,1,1,1,1,0,0,0,1,1,1,1,1,1,1,1,1,0,0,0,1
collembola_soil_core,Collembola,soil-core,main,rtu_mixed_genus_resolvable,resolution_genus,rtu_mixed_genus_resolvable,genus_resolvable_RTU,0,0,0,0,0,0,0,0,0,0,0,0,0.9999999999999999,0.9999999999999999,0.9999999999999999,0.9999999999999999,0.9999999999999999,0.9999999999999999,1,1,1,1,1,1,0.9999999999999999,0.9999999999999999,0.9999999999999999,1,1,1,1.0000000000000004,1.0000000000000004,1.0000000000000004,0,0,0,0,0,0,0,0,0,1,1,1,1,1,1,0,0,0,1,1,1,1,1,1,1,1,1,0,0,0,1
collembola_soil_core,Collembola,soil-core,main,rtu_rare_species_to_genus,workflow,rtu_mixed_best_available,mixed_RTU,-2.898550724637683,-2.898550724637683,-2.898550724637683,0,0,0,0,0,0,0,0,0,1,1,1,1,1,1,1,1,1,1,1,1,0.9998134508640494,0.9998134508640494,0.9998134508640494,0.999554181428879,0.999554181428879,0.999554181428879,0.999962194508653,0.999962194508653,0.999962194508653,-0.005012302595630569,-0.005012302595630569,-0.005012302595630569,-0.019543225662577157,-0.019543225662577157,-0.019543225662577157,0.02187239536902652,0.02187239536902652,0.02187239536902652,0.9999874153888566,0.9999874153888566,0.9999874153888566,1,1,1,0.047355327684872606,0.047355327684872606,0.047355327684872606,0.9999636408089833,0.9999636408089833,0.9999636408089833,1,1,1,0.999554181428879,0.999554181428879,0.999554181428879,-0.010889995359042448,-0.010889995359042448,-0.010889995359042448,1
collembola_soil_core,Collembola,soil-core,main,rtu_species_only_drop_unresolved,workflow,rtu_mixed_best_available,species_only,-26.086956521739136,-26.086956521739136,-26.086956521739136,-23.04439746300212,-23.04439746300212,-23.04439746300212,-19.64940016008745,-19.64940016008745,-19.64940016008745,-17.799416130487433,-17.799416130487433,-17.799416130487433,0.88592450146566,0.88592450146566,0.88592450146566,0.941185242332233,0.941185242332233,0.941185242332233,0.8534192363902459,0.8534192363902459,0.8534192363902459,0.8060094738270858,0.8060094738270858,0.8060094738270858,0.8132735900616976,0.8132735900616976,0.8132735900616976,0.8805997459177771,0.8805997459177771,0.8805997459177771,0.6698972141218771,0.6698972141218771,0.6698972141218771,0.6212042760790348,0.6212042760790348,0.6212042760790348,0.47349253766881816,0.47349253766881816,0.47349253766881816,-1.1722116392462567,-1.1722116392462567,-1.1722116392462567,0.8976741218956866,0.8976741218956866,0.8976741218956866,1,1,1,-2.590162372008143,-2.590162372008143,-2.590162372008143,0.9446880429317384,0.9446880429317384,0.9446880429317384,1,1,1,0.8805997459177771,0.8805997459177771,0.8805997459177771,-0.031113801180582268,-0.031113801180582268,-0.031113801180582268,1
collembola_soil_core,Collembola,soil-core,main,species_baseline,species_error,species_baseline,species_units,0,0,0,0,0,0,0,0,0,0,0,0,1,1,1,1,1,1,1,1,1,1,1,1,1,1,1,1,1,1,1,1,1,0,0,0,0,0,0,0,0,0,1,1,1,1,1,1,0,0,0,1,1,1,1,1,1,1,1,1,0,0,0,1
collembola_soil_core,Collembola,soil-core,main,species_observed_congeneric_10pct,species_error_observed_pool,species_baseline,species_units,0,-0.19607843137254874,0,10.989010989010994,9.587912087912098,12.115384615384617,8.678384068454214,7.315003844285011,9.645500947197364,6.816120537605331,5.312374544415317,7.94721429134077,1,1,1,0.9761189390748368,0.9687962657420915,0.9795275164421361,0.9671313557075318,0.9612612290116972,0.9755400626975459,0.960414497997184,0.946768648098084,0.9697695143134958,0.9768988231639961,0.9700158917119809,0.9835173919548911,0.9484215991301026,0.9365189515767721,0.959217323237354,0.9922159418693921,0.9889889508633654,0.9970530620825679,-0.19231361798628388,-0.27721766900150713,-0.09019391018054704,0.9199175091298528,0.5752066255676458,1.2139562707349372,-0.022804410106425088,-0.2235015585610145,0.07707286480855392,0.9975149818883737,0.9956743440171132,0.9989826090887595,1,1,1,-0.4308477972368938,-0.583173750572515,-0.1343505961114472,0.9921672608143273,0.9884650499936143,0.9957087215270438,1,1,1,0.9484215991301026,0.9365189515767721,0.959217323237354,0.6376944729318712,0.42098211658349927,0.837823664284405,30
collembola_soil_core,Collembola,soil-core,main,species_observed_rare_weighted_10pct,species_error_rare_weighted,species_baseline,species_units,0,-1.9607843137254943,0,11.813186813186816,10.686813186813193,13.461538461538458,9.235615821406096,7.9048440954167525,10.45258381673221,6.849488723772435,5.709852983229478,7.9928607985569675,1,1,1,0.9734722084812675,0.9684007795188531,0.9779050507803737,0.9641972567127283,0.9529968599870694,0.9712943239707837,0.9506457464036739,0.9310397511838094,0.9656030867345541,0.9773380024658852,0.9678229919716343,0.9825392785678719,0.9457197115911853,0.9308187364707379,0.9508543948430837,0.9920117834541434,0.9886553870868722,0.996156148430356,-0.3238955071373062,-0.42589718792645503,-0.11671762713549969,0.7342978453691584,0.2271034472348377,1.40307561315286,-0.14388426179898772,-0.3147739307579511,0.08078090470132121,0.9967022634450582,0.9959178720494986,0.9989196951523253,1,0.8,1,-0.25701241910689365,-0.5924996365945026,-0.12710247961671417,0.9913719334524791,0.9870453172698412,0.9951499835171992,1,1,1,0.9457197115911853,0.9308187364707379,0.9508543948430837,0.5417958964877734,0.20970065562216703,0.9499437369310093,30
collembola_soil_core,Collembola,soil-core,main,species_regional_congeneric_10pct,species_error_regional_pool,species_baseline,species_units,50.98039215686274,47.058823529411775,56.86274509803921,26.098901098901116,23.901098901098926,27.22527472527474,21.743003977981168,20.2402069428113,23.313259359418986,17.003820616727474,15.60621009607124,18.12494867306726,1,1,1,0.9665837824841785,0.9563250002994229,0.9716824718101519,0.9567589012405039,0.9485793274991244,0.9644838370715891,0.9504836940756637,0.939540127545487,0.9619571047451535,0.9812493499062053,0.9719623390433423,0.9872803056610582,0.9502055533902737,0.9316742262391693,0.959250048710097,0.9911277689009783,0.9849878159609837,0.9937780620104242,0.6236123652812564,0.46206421929590125,0.7762552176914596,4.28401775128775,3.860447905264963,4.955991850315087,0.08806952512587207,-0.25248897511821955,0.26131214495448934,0.9965263123427047,0.994052041002633,0.9986545196433256,1,1,1,-0.33355867574261744,-0.7885227104284771,-0.1131658493702969,0.991310853099968,0.9765723062390589,0.9967032181732389,1,1,1,0.9502055533902737,0.9316742262391693,0.959250048710097,2.7676422495201414,2.498593062777823,3.147680494633154,30
diplopoda_hand_sorting,Diplopoda,hand-sorting,secondary,adult_only_strict,ontogenetic_filtering,rtu_mixed_best_available,adult_RTU,-16.666666666666664,-16.666666666666664,-16.666666666666664,-26.136363636363637,-26.136363636363637,-26.136363636363637,-9.695776040753202,-9.695776040753202,-9.695776040753202,-20.026812303626883,-20.026812303626883,-20.026812303626883,0.9050058263885099,0.9050058263885099,0.9050058263885099,0.9233760748404846,0.9233760748404846,0.9233760748404846,0.9090057629105592,0.9090057629105592,0.9090057629105592,0.9147544020426747,0.9147544020426747,0.9147544020426747,0.9218781575182556,0.9218781575182556,0.9218781575182556,0.9197923283558713,0.9197923283558713,0.9197923283558713,0.40465142191915204,0.40465142191915204,0.40465142191915204,-0.3460408985301422,-0.3460408985301422,-0.3460408985301422,0.09499725593669073,0.09499725593669073,0.09499725593669073,1.4777712980416418,1.4777712980416418,1.4777712980416418,0.9716632868616214,0.9716632868616214,0.9716632868616214,1,1,1,2.7333426502740954,2.7333426502740954,2.7333426502740954,0.8127150161020619,0.8127150161020619,0.8127150161020619,0.4,0.4,0.4,0.9197923283558713,0.9197923283558713,0.9197923283558713,-0.25582180278292954,-0.25582180278292954,-0.25582180278292954,1
diplopoda_hand_sorting,Diplopoda,hand-sorting,secondary,rtu_family_level,resolution_family,rtu_mixed_family_resolvable,family_units,-75,-75,-75,-29.54545454545454,-29.54545454545454,-29.54545454545454,-18.042467238460613,-18.042467238460613,-18.042467238460613,-23.130194011421302,-23.130194011421302,-23.130194011421302,0.9999999999999999,0.9999999999999999,0.9999999999999999,0.9792735222455987,0.9792735222455987,0.9792735222455987,0.903797200255654,0.903797200255654,0.903797200255654,0.9766917651103975,0.9766917651103975,0.9766917651103975,0.48076379376131806,0.48076379376131806,0.48076379376131806,0.4774027018024759,0.4774027018024759,0.4774027018024759,0.6523756030660735,0.6523756030660735,0.6523756030660735,-15.74694402157294,-15.74694402157294,-15.74694402157294,-29.52699709650445,-29.52699709650445,-29.52699709650445,-0.8537947310463645,-0.8537947310463645,-0.8537947310463645,0.7289636958137005,0.7289636958137005,0.7289636958137005,-0.8,-0.8,-0.8,-1.598599316030036,-1.598599316030036,-1.598599316030036,0.5557530709204057,0.5557530709204057,0.5557530709204057,-0.4,-0.4,-0.4,0.4774027018024759,0.4774027018024759,0.4774027018024759,-23.74476893592279,-23.74476893592279,-23.74476893592279,1
diplopoda_hand_sorting,Diplopoda,hand-sorting,secondary,rtu_genus_level,resolution_genus,rtu_mixed_genus_resolvable,genus_units,-38.70967741935484,-38.70967741935484,-38.70967741935484,-15.789473684210531,-15.789473684210531,-15.789473684210531,-10.364812448825678,-10.364812448825678,-10.364812448825678,-15.366864487033126,-15.366864487033126,-15.366864487033126,1,1,1,0.9864255782970862,0.9864255782970862,0.9864255782970862,0.9295834871480415,0.9295834871480415,0.9295834871480415,0.9866711880943312,0.9866711880943312,0.9866711880943312,0.7371409520088487,0.7371409520088487,0.7371409520088487,0.7133532615572666,0.7133532615572666,0.7133532615572666,0.6953541021754495,0.6953541021754495,0.6953541021754495,-4.913855702203707,-4.913855702203707,-4.913855702203707,-9.41272341704973,-9.41272341704973,-9.41272341704973,-2.6813309185129586,-2.6813309185129586,-2.6813309185129586,0.8917456842718088,0.8917456842718088,0.8917456842718088,1,1,1,-2.8931823413628877,-2.8931823413628877,-2.8931823413628877,0.7685297513330226,0.7685297513330226,0.7685297513330226,0.4,0.4,0.4,0.7133532615572666,0.7133532615572666,0.7133532615572666,-7.713280008844214,-7.713280008844214,-7.713280008844214,1
diplopoda_hand_sorting,Diplopoda,hand-sorting,secondary,rtu_mixed_best_available,workflow,rtu_mixed_best_available,mixed_RTU,0,0,0,0,0,0,0,0,0,0,0,0,0.9999999999999999,0.9999999999999999,0.9999999999999999,0.9999999999999999,0.9999999999999999,0.9999999999999999,1,1,1,1,1,1,1,1,1,1,1,1,1.0000000000000004,1.0000000000000004,1.0000000000000004,0,0,0,0,0,0,0,0,0,1,1,1,1,1,1,0,0,0,1,1,1,1,1,1,1,1,1,0,0,0,1
diplopoda_hand_sorting,Diplopoda,hand-sorting,secondary,rtu_mixed_family_resolvable,resolution_family,rtu_mixed_family_resolvable,family_resolvable_RTU,0,0,0,0,0,0,0,0,0,0,0,0,0.9999999999999999,0.9999999999999999,0.9999999999999999,0.9999999999999999,0.9999999999999999,0.9999999999999999,1,1,1,1,1,1,1,1,1,1,1,1,1.0000000000000004,1.0000000000000004,1.0000000000000004,0,0,0,0,0,0,0,0,0,1,1,1,1,1,1,0,0,0,1,1,1,1,1,1,1,1,1,0,0,0,1
diplopoda_hand_sorting,Diplopoda,hand-sorting,secondary,rtu_mixed_genus_resolvable,resolution_genus,rtu_mixed_genus_resolvable,genus_resolvable_RTU,0,0,0,0,0,0,0,0,0,0,0,0,1,1,1,1,1,1,1,1,1,0.9999999999999998,0.9999999999999998,0.9999999999999998,1,1,1,0.9999999999999999,0.9999999999999999,0.9999999999999999,1.0000000000000004,1.0000000000000004,1.0000000000000004,0,0,0,0,0,0,0,0,0,1,1,1,1,1,1,0,0,0,1,1,1,1,1,1,0.9999999999999999,0.9999999999999999,0.9999999999999999,0,0,0,1
diplopoda_hand_sorting,Diplopoda,hand-sorting,secondary,rtu_rare_species_to_genus,workflow,rtu_mixed_best_available,mixed_RTU,-13.888888888888884,-13.888888888888884,-13.888888888888884,-3.409090909090906,-3.409090909090906,-3.409090909090906,-2.026075937632499,-2.026075937632499,-2.026075937632499,-2.3768583488109507,-2.3768583488109507,-2.3768583488109507,0.9999999999999999,0.9999999999999999,0.9999999999999999,0.996375010478273,0.996375010478273,0.996375010478273,0.9750522989074718,0.9750522989074718,0.9750522989074718,0.9953856557654303,0.9953856557654303,0.9953856557654303,0.9620162859796357,0.9620162859796357,0.9620162859796357,0.9607185407056164,0.9607185407056164,0.9607185407056164,0.991859777518491,0.991859777518491,0.991859777518491,-0.3841905995170869,-0.3841905995170869,-0.3841905995170869,-0.7085246817874369,-0.7085246817874369,-0.7085246817874369,-0.45494162239763103,-0.45494162239763103,-0.45494162239763103,0.9752066466711755,0.9752066466711755,0.9752066466711755,0.8,0.8,0.8,-0.507397912873242,-0.507397912873242,-0.507397912873242,0.9826203595757058,0.9826203595757058,0.9826203595757058,1,1,1,0.9607185407056164,0.9607185407056164,0.9607185407056164,-0.4750394369658406,-0.4750394369658406,-0.4750394369658406,1
diplopoda_hand_sorting,Diplopoda,hand-sorting,secondary,rtu_species_only_drop_unresolved,workflow,rtu_mixed_best_available,species_only,-30.555555555555557,-30.555555555555557,-30.555555555555557,-28.409090909090907,-28.409090909090907,-28.409090909090907,-14.395680944367694,-14.395680944367694,-14.395680944367694,-25.90192457453838,-25.90192457453838,-25.90192457453838,0.9564656923294464,0.9564656923294464,0.9564656923294464,0.9105076809390137,0.9105076809390137,0.9105076809390137,0.8400210276880813,0.8400210276880813,0.8400210276880813,0.8978735370605128,0.8978735370605128,0.8978735370605128,0.9657797836136692,0.9657797836136692,0.9657797836136692,0.96327756924708,0.96327756924708,0.96327756924708,0.9904797404502996,0.9904797404502996,0.9904797404502996,-0.6268487113910814,-0.6268487113910814,-0.6268487113910814,-1.388824912971598,-1.388824912971598,-1.388824912971598,-0.16286586204338205,-0.16286586204338205,-0.16286586204338205,0.9992964285543786,0.9992964285543786,0.9992964285543786,1,1,1,0.2814685130405281,0.2814685130405281,0.2814685130405281,0.989191614908315,0.989191614908315,0.989191614908315,1,1,1,0.96327756924708,0.96327756924708,0.96327756924708,-1.4013620859578135,-1.4013620859578135,-1.4013620859578135,1
diplopoda_hand_sorting,Diplopoda,hand-sorting,secondary,species_baseline,species_error,species_baseline,species_units,0,0,0,0,0,0,0,0,0,0,0,0,1,1,1,1,1,1,1,1,1,0.9999999999999998,0.9999999999999998,0.9999999999999998,0.9999999999999998,0.9999999999999998,0.9999999999999998,1,1,1,0.9999999999999998,0.9999999999999998,0.9999999999999998,0,0,0,0,0,0,0,0,0,1,1,1,1,1,1,0,0,0,1,1,1,1,1,1,1,1,1,0,0,0,1
diplopoda_hand_sorting,Diplopoda,hand-sorting,secondary,species_observed_congeneric_10pct,species_error_observed_pool,species_baseline,species_units,0,0,0,12.698412698412698,7.936507936507953,15.873015873015884,5.954067676011709,3.8856828730426063,8.611146315816898,8.986650425750863,5.3375515209237445,13.119623283464566,1,1,1,0.9902815986976772,0.9883428717490865,0.9930200687251302,0.9004080429494798,0.8691074003942587,0.9386929607270313,0.9889127184672,0.9832706850911049,0.9935092949707687,0.9293823500530686,0.8893966009611395,0.9514235511493364,0.9190520942318371,0.8759775025063687,0.9408915584376014,0.9533732045942902,0.8834764670982211,0.9792190172708002,-0.1508191331715869,-0.42748159749972037,0.1808106995569349,-0.4797412162901582,-0.9920069396723928,0.33284659897556945,-0.6183809400832907,-1.2071930360603667,0.31956599703891103,0.9694704297096919,0.9031239086460151,0.9901602877780272,1,0.8,1,-0.9256219211586814,-1.6510388848312738,0.5904242614718285,0.9462840208720231,0.8748318350861952,0.975559228900018,1,0.8148683298050514,1,0.9190520942318371,0.8759775025063687,0.9408915584376014,0.011241173717957409,-0.48909879454849803,0.6060299747204323,30
diplopoda_hand_sorting,Diplopoda,hand-sorting,secondary,species_observed_rare_weighted_10pct,species_error_rare_weighted,species_baseline,species_units,0,-4.0000000000000036,0,11.111111111111116,7.777777777777793,14.28571428571428,5.163955359727823,2.7991934503889015,6.669316233656761,6.691191067512925,3.9626934954365,10.142358316117361,1,1,1,0.9919246560821562,0.9884185109721152,0.9964520201926941,0.9201936398626606,0.8748518855068802,0.9729991435198451,0.99074438607777,0.9846482676114132,0.9973229192467625,0.9189604260782258,0.8840402577849117,0.9543161194343415,0.9086373990673483,0.8674532633390871,0.9475817835055461,0.9602719616818385,0.9032746611126339,0.9924285914067048,-0.39222726885479453,-0.8418394680613284,0.05511741661695436,-0.8126986097141242,-1.5608238810695483,0.09527243476534564,-0.3963548426117125,-1.0319768000366136,0.06394927722374497,0.9852432005996172,0.9674123608969434,0.9975900141788445,1,1,1,-0.6791444691603032,-1.9727044073032873,-0.46937214406363115,0.9650514758888037,0.9291619921037684,0.9822487790439547,1,0.8,1,0.9086373990673483,0.8674532633390871,0.9475817835055461,-0.4585788890757614,-0.9141775600030333,0.34933036589584354,30
diplopoda_hand_sorting,Diplopoda,hand-sorting,secondary,species_regional_congeneric_10pct,species_error_regional_pool,species_baseline,species_units,24,19.999999999999996,32.00000000000001,19.84126984126985,15.873015873015884,23.968253968253975,9.3732940715895,6.877237417825246,12.079399700123064,13.312476595876266,9.597179808280826,17.319187692383764,1,1,1,0.9891504681736292,0.9870417587868181,0.992291417489728,0.878046173389522,0.843545863796533,0.9243182360323641,0.986584380220438,0.9798816929001615,0.9924590062604278,0.968656807786574,0.9195661796702769,0.9871183680558016,0.9643414680800175,0.9191976438671974,0.9858999557821071,0.9775341433895598,0.9109024740006711,0.9903698821725587,0.2699415191278143,-0.08772127027865559,0.6574360584311224,1.005931405262317,0.1443757061577711,1.82025027399354,0.013097186226024293,-0.5883427584612033,0.8073702112235038,0.983307513832728,0.9689263344584113,0.9945006731370576,1,1,1,-0.24708972648713745,-1.0217847575657812,0.523562081641461,0.9843847121503628,0.9381885332773183,0.9974419359612734,1,1,1,0.9643414680800175,0.9191976438671974,0.9858999557821071,1.078760542957402,0.5226599167867874,1.8055669872949398,30
diplopoda_pitfall,Diplopoda,pitfall-trap,secondary,adult_only_strict,ontogenetic_filtering,rtu_mixed_best_available,adult_RTU,-8.333333333333337,-8.333333333333337,-8.333333333333337,-19.642857142857128,-19.642857142857128,-19.642857142857128,-7.273220722549545,-7.273220722549545,-7.273220722549545,-13.906918806248258,-13.906918806248258,-13.906918806248258,0.9199428401109612,0.9199428401109612,0.9199428401109612,0.9297104609127731,0.9297104609127731,0.9297104609127731,0.8865296127545638,0.8865296127545638,0.8865296127545638,0.9413469003185806,0.9413469003185806,0.9413469003185806,0.896444662325372,0.896444662325372,0.896444662325372,0.9077685908849755,0.9077685908849755,0.9077685908849755,0.9491409166679243,0.9491409166679243,0.9491409166679243,0.08839030473251075,0.08839030473251075,0.08839030473251075,0.6512235792509813,0.6512235792509813,0.6512235792509813,0.32655070402410935,0.32655070402410935,0.32655070402410935,0.9761615194756218,0.9761615194756218,0.9761615194756218,1,1,1,0.8799001339896968,0.8799001339896968,0.8799001339896968,0.9764546444069951,0.9764546444069951,0.9764546444069951,0.8,0.8,0.8,0.9077685908849755,0.9077685908849755,0.9077685908849755,0.17052886021600155,0.17052886021600155,0.17052886021600155,1
diplopoda_pitfall,Diplopoda,pitfall-trap,secondary,rtu_family_level,resolution_family,rtu_mixed_family_resolvable,family_units,-79.16666666666666,-79.16666666666666,-79.16666666666666,-21.42857142857143,-21.42857142857143,-21.42857142857143,-10.940705634701075,-10.940705634701075,-10.940705634701075,-16.28959675377014,-16.28959675377014,-16.28959675377014,0.9999999999999998,0.9999999999999998,0.9999999999999998,0.9764323378975889,0.9764323378975889,0.9764323378975889,0.7867815271751823,0.7867815271751823,0.7867815271751823,0.9753637572413214,0.9753637572413214,0.9753637572413214,0.3927478186911007,0.3927478186911007,0.3927478186911007,0.28691439666298274,0.28691439666298274,0.28691439666298274,0.24824691707240742,0.24824691707240742,0.24824691707240742,-22.417781767542156,-22.417781767542156,-22.417781767542156,-44.48929396713312,-44.48929396713312,-44.48929396713312,-0.902909469010682,-0.902909469010682,-0.902909469010682,0.5997020165244197,0.5997020165244197,0.5997020165244197,-0.4,-0.4,-0.4,-2.4662777452694957,-2.4662777452694957,-2.4662777452694957,0.5649914090887895,0.5649914090887895,0.5649914090887895,0.31622776601683794,0.31622776601683794,0.31622776601683794,0.28691439666298274,0.28691439666298274,0.28691439666298274,-39.06199151945522,-39.06199151945522,-39.06199151945522,1
diplopoda_pitfall,Diplopoda,pitfall-trap,secondary,rtu_genus_level,resolution_genus,rtu_mixed_genus_resolvable,genus_units,-47.61904761904761,-47.61904761904761,-47.61904761904761,-9.433962264150942,-9.433962264150942,-9.433962264150942,-4.254929538221397,-4.254929538221397,-4.254929538221397,-6.347735195984572,-6.347735195984572,-6.347735195984572,1,1,1,0.9856000127731148,0.9856000127731148,0.9856000127731148,0.8954200469017811,0.8954200469017811,0.8954200469017811,0.9857546760486222,0.9857546760486222,0.9857546760486222,0.7436420594617047,0.7436420594617047,0.7436420594617047,0.7433478425897944,0.7433478425897944,0.7433478425897944,0.7515703726713683,0.7515703726713683,0.7515703726713683,-4.49884605656049,-4.49884605656049,-4.49884605656049,-7.620053190959519,-7.620053190959519,-7.620053190959519,-3.950701047631733,-3.950701047631733,-3.950701047631733,0.8481569894864466,0.8481569894864466,0.8481569894864466,-0.4,-0.4,-0.4,-3.3622665451573224,-3.3622665451573224,-3.3622665451573224,0.8280090282014718,0.8280090282014718,0.8280090282014718,0,0,0,0.7433478425897944,0.7433478425897944,0.7433478425897944,-6.078705757875702,-6.078705757875702,-6.078705757875702,1
diplopoda_pitfall,Diplopoda,pitfall-trap,secondary,rtu_mixed_best_available,workflow,rtu_mixed_best_available,mixed_RTU,0,0,0,0,0,0,0,0,0,0,0,0,0.9999999999999998,0.9999999999999998,0.9999999999999998,0.9999999999999998,0.9999999999999998,0.9999999999999998,1,1,1,1,1,1,0.9999999999999998,0.9999999999999998,0.9999999999999998,0.9999999999999998,0.9999999999999998,0.9999999999999998,0.9999999999999998,0.9999999999999998,0.9999999999999998,0,0,0,0,0,0,0,0,0,1,1,1,1,1,1,0,0,0,1,1,1,1,1,1,0.9999999999999998,0.9999999999999998,0.9999999999999998,0,0,0,1
diplopoda_pitfall,Diplopoda,pitfall-trap,secondary,rtu_mixed_family_resolvable,resolution_family,rtu_mixed_family_resolvable,family_resolvable_RTU,0,0,0,0,0,0,0,0,0,0,0,0,0.9999999999999998,0.9999999999999998,0.9999999999999998,0.9999999999999998,0.9999999999999998,0.9999999999999998,1,1,1,1,1,1,0.9999999999999998,0.9999999999999998,0.9999999999999998,0.9999999999999998,0.9999999999999998,0.9999999999999998,0.9999999999999998,0.9999999999999998,0.9999999999999998,0,0,0,0,0,0,0,0,0,1,1,1,1,1,1,0,0,0,1,1,1,1,1,1,0.9999999999999998,0.9999999999999998,0.9999999999999998,0,0,0,1
diplopoda_pitfall,Diplopoda,pitfall-trap,secondary,rtu_mixed_genus_resolvable,resolution_genus,rtu_mixed_genus_resolvable,genus_resolvable_RTU,0,0,0,0,0,0,0,0,0,0,0,0,1,1,1,1,1,1,1,1,1,1,1,1,1,1,1,1,1,1,1,1,1,0,0,0,0,0,0,0,0,0,1,1,1,1,1,1,0,0,0,1,1,1,1,1,1,1,1,1,0,0,0,1
diplopoda_pitfall,Diplopoda,pitfall-trap,secondary,rtu_rare_species_to_genus,workflow,rtu_mixed_best_available,mixed_RTU,-25,-25,-25,-3.57142857142857,-3.57142857142857,-3.57142857142857,-1.2052612310712418,-1.2052612310712418,-1.2052612310712418,-1.6897574462548914,-1.6897574462548914,-1.6897574462548914,0.9999999999999998,0.9999999999999998,0.9999999999999998,0.9954222810097647,0.9954222810097647,0.9954222810097647,0.9736933547622647,0.9736933547622647,0.9736933547622647,0.997978561579945,0.997978561579945,0.997978561579945,0.9343246080360462,0.9343246080360462,0.9343246080360462,0.9380463524486942,0.9380463524486942,0.9380463524486942,0.9201916078952923,0.9201916078952923,0.9201916078952923,-0.8142189664078425,-0.8142189664078425,-0.8142189664078425,-1.1975483730201963,-1.1975483730201963,-1.1975483730201963,-1.2767439484847163,-1.2767439484847163,-1.2767439484847163,0.9602444944960451,0.9602444944960451,0.9602444944960451,0.4,0.4,0.4,-0.8300450983999568,-0.8300450983999568,-0.8300450983999568,0.9849360679029275,0.9849360679029275,0.9849360679029275,0.8,0.8,0.8,0.9380463524486942,0.9380463524486942,0.9380463524486942,-0.905854295886499,-0.905854295886499,-0.905854295886499,1
diplopoda_pitfall,Diplopoda,pitfall-trap,secondary,rtu_species_only_drop_unresolved,workflow,rtu_mixed_best_available,species_only,-29.166666666666664,-29.166666666666664,-29.166666666666664,-24.99999999999999,-24.99999999999999,-24.99999999999999,-10.949963756351355,-10.949963756351355,-10.949963756351355,-20.464025058617974,-20.464025058617974,-20.464025058617974,0.9238625896296503,0.9238625896296503,0.9238625896296503,0.9473925703124113,0.9473925703124113,0.9473925703124113,0.8271176329988842,0.8271176329988842,0.8271176329988842,0.9481285417997015,0.9481285417997015,0.9481285417997015,0.9589331322782284,0.9589331322782284,0.9589331322782284,0.9615954318569804,0.9615954318569804,0.9615954318569804,0.978106283226478,0.978106283226478,0.978106283226478,-0.843218770923615,-0.843218770923615,-0.843218770923615,-1.4340865220846988,-1.4340865220846988,-1.4340865220846988,-2.051603290346449,-2.051603290346449,-2.051603290346449,0.9800633273976331,0.9800633273976331,0.9800633273976331,0.4,0.4,0.4,-2.6340847159186165,-2.6340847159186165,-2.6340847159186165,0.9815086624623451,0.9815086624623451,0.9815086624623451,0.8,0.8,0.8,0.9615954318569804,0.9615954318569804,0.9615954318569804,-1.9701479276797884,-1.9701479276797884,-1.9701479276797884,1
diplopoda_pitfall,Diplopoda,pitfall-trap,secondary,species_baseline,species_error,species_baseline,species_units,0,0,0,0,0,0,0,0,0,0,0,0,1,1,1,1,1,1,1,1,1,0.9999999999999998,0.9999999999999998,0.9999999999999998,1,1,1,1,1,1,0.9999999999999996,0.9999999999999996,0.9999999999999996,0,0,0,0,0,0,0,0,0,1,1,1,1,1,1,0,0,0,1,1,1,1,1,1,1,1,1,0,0,0,1
diplopoda_pitfall,Diplopoda,pitfall-trap,secondary,species_observed_congeneric_10pct,species_error_observed_pool,species_baseline,species_units,0,-5.882352941176472,0,9.523809523809511,7.14285714285714,14.28571428571428,3.247288681269167,2.037524018168211,5.683211412269352,5.110007711000253,3.079870877468616,9.878915190449073,1,1,1,0.9858671154399097,0.9813711956895874,0.9896926400833114,0.8935330330502358,0.8499432121806991,0.9263032771370049,0.9895670608237,0.9847928316057984,0.9948388439626715,0.9093804943195349,0.8525144441377501,0.9550761447660757,0.9146721234465076,0.8546305850774817,0.9481394506191454,0.9696664238803713,0.8832206545304794,0.9957605083733545,-0.14494059504422396,-0.6135731834939617,0.631506014070067,0.11865402559700922,-0.5129770640616604,1.117536604190903,-0.1935418122310626,-1.2233746596186257,1.043534533796613,0.9810842519346725,0.9434956102870622,0.9905284603302671,0.8,0.8,0.9800000000000001,-0.4450448384393022,-1.2265865908724376,0.665151753886237,0.9706625029240885,0.9582648221438222,0.9850856698191125,0.8,0.4,1,0.9146721234465076,0.8546305850774817,0.9481394506191454,0.6324345757335426,-0.010309278350515405,1.4314036478984882,30
diplopoda_pitfall,Diplopoda,pitfall-trap,secondary,species_observed_rare_weighted_10pct,species_error_rare_weighted,species_baseline,species_units,-5.882352941176472,-6.470588235294117,0,9.523809523809511,4.761904761904767,11.904761904761907,3.2928655439987575,1.0659650235720775,4.791992540613646,5.596308899552682,1.245891691074763,8.120990638008267,1,1,1,0.9897216343795376,0.9813845912513368,0.9988742410609479,0.9249949498279046,0.8504614340829919,0.9961021073292504,0.994339293008789,0.9842726351132471,0.9987005738610821,0.9205796297571023,0.8405452782621333,0.9574755581570321,0.9236717663285218,0.8357150554033045,0.9584004027006234,0.9655441107024941,0.9122651643259853,0.9962730998666125,-0.26712931556484576,-0.8623487222601556,0.1654978710231814,-0.17740504798000045,-1.0233045722119227,0.5426981695024624,-0.24983794918796454,-1.661735500294341,-0.050588180471255975,0.959179787269594,0.9262762392166787,0.9931526087641492,1,0.8,1,-0.24803085690606208,-2.0458202353327084,0.2211176579531378,0.9807125943466037,0.9154531262680997,0.9902935784634336,0.8,0.6200000000000001,1,0.9236717663285218,0.8357150554033045,0.9584004027006234,0.2795400475812837,-0.5967486122125276,0.9444885011895288,30
diplopoda_pitfall,Diplopoda,pitfall-trap,secondary,species_regional_congeneric_10pct,species_error_regional_pool,species_baseline,species_units,23.529411764705888,17.05882352941177,35.29411764705883,16.66666666666665,9.523809523809511,23.809523809523814,6.259004307237936,3.87984018843196,9.984374499571256,9.688439766606471,6.086828167375953,16.61274509105894,1,1,1,0.9812506356338426,0.97429338744193,0.9864224512767921,0.850369462537861,0.785514439203987,0.8980134232679517,0.9848934343410811,0.9768868466975953,0.9908717349274931,0.9555720947139899,0.9157895147336306,0.9937869732874827,0.9556324105559002,0.9150709157082428,0.9930798613467913,0.9879234242144976,0.9414626469172083,0.9982142608698218,0.4452380492290908,0.10913835743070036,1.3119829440551478,1.7495708871404392,0.8662895849413177,2.8413031207160744,-0.15916609950686889,-0.8767819585351454,0.7078617690456701,0.9828724214315383,0.9540324370903295,0.9917732029388879,0.8,0.8,1,-0.40814729664684934,-1.618859961071442,0.7193307240417413,0.976785484109669,0.9352177431289896,0.9934969708832421,0.8,0.4,1,0.9556324105559002,0.9150709157082428,0.9930798613467913,2.0329670329670257,1.2153053132434533,3.14234734337828,30
formicidae_pitfall,Formicidae,pitfall-trap,main,rtu_genus_level,resolution_genus,rtu_mixed_genus_resolvable,genus_units,-67.27272727272727,-67.27272727272727,-67.27272727272727,-26.62116040955632,-26.62116040955632,-26.62116040955632,-15.605858945574635,-15.605858945574635,-15.605858945574635,-11.9261594251989,-11.9261594251989,-11.9261594251989,1,1,1,0.941793454478932,0.941793454478932,0.941793454478932,0.9009835047823068,0.9009835047823068,0.9009835047823068,0.8924596221426118,0.8924596221426118,0.8924596221426118,0.5451038996821503,0.5451038996821503,0.5451038996821503,0.6452841971465058,0.6452841971465058,0.6452841971465058,0.5660410792011163,0.5660410792011163,0.5660410792011163,-9.707309286702126,-9.707309286702126,-9.707309286702126,-24.934265069374085,-24.934265069374085,-24.934265069374085,-9.11693850619071,-9.11693850619071,-9.11693850619071,0.965946432756591,0.965946432756591,0.965946432756591,0.8,0.8,0.8,-6.470219449208846,-6.470219449208846,-6.470219449208846,0.8754238465108782,0.8754238465108782,0.8754238465108782,0.4,0.4,0.4,0.6452841971465058,0.6452841971465058,0.6452841971465058,-17.417066182426886,-17.417066182426886,-17.417066182426886,1
formicidae_pitfall,Formicidae,pitfall-trap,main,rtu_mixed_best_available,workflow,rtu_mixed_best_available,mixed_RTU,0,0,0,0,0,0,0,0,0,0,0,0,0.9999999999999999,0.9999999999999999,0.9999999999999999,1,1,1,1,1,1,1,1,1,1,1,1,1,1,1,1,1,1,0,0,0,0,0,0,0,0,0,1,1,1,1,1,1,0,0,0,1,1,1,1,1,1,1,1,1,0,0,0,1
formicidae_pitfall,Formicidae,pitfall-trap,main,rtu_mixed_genus_resolvable,resolution_genus,rtu_mixed_genus_resolvable,genus_resolvable_RTU,0,0,0,0,0,0,0,0,0,0,0,0,1,1,1,1,1,1,1,1,1,1,1,1,1,1,1,1,1,1,1.0000000000000004,1.0000000000000004,1.0000000000000004,0,0,0,0,0,0,0,0,0,0.9999999999999999,0.9999999999999999,0.9999999999999999,1,1,1,0,0,0,0.9999999999999999,0.9999999999999999,0.9999999999999999,1,1,1,1,1,1,0,0,0,1
formicidae_pitfall,Formicidae,pitfall-trap,main,rtu_rare_species_to_genus,workflow,rtu_mixed_best_available,mixed_RTU,-5.35714285714286,-5.35714285714286,-5.35714285714286,-0.675675675675691,-0.675675675675691,-0.675675675675691,-0.26975521059008356,-0.26975521059008356,-0.26975521059008356,-0.08546211035668216,-0.08546211035668216,-0.08546211035668216,0.9999999999999999,0.9999999999999999,0.9999999999999999,0.9982615194808189,0.9982615194808189,0.9982615194808189,0.9995979657064749,0.9995979657064749,0.9995979657064749,0.9998800479808077,0.9998800479808077,0.9998800479808077,0.9934248317359742,0.9934248317359742,0.9934248317359742,0.9933660429531005,0.9933660429531005,0.9933660429531005,0.9999580626601181,0.9999580626601181,0.9999580626601181,-0.0670646554407961,-0.0670646554407961,-0.0670646554407961,-0.329636117879728,-0.329636117879728,-0.329636117879728,-0.15837988598654817,-0.15837988598654817,-0.15837988598654817,0.9994702617219157,0.9994702617219157,0.9994702617219157,1,1,1,-0.07478810896058974,-0.07478810896058974,-0.07478810896058974,0.9998794558592881,0.9998794558592881,0.9998794558592881,1,1,1,0.9933660429531005,0.9933660429531005,0.9933660429531005,-0.19594471385767642,-0.19594471385767642,-0.19594471385767642,1
formicidae_pitfall,Formicidae,pitfall-trap,main,rtu_species_only_drop_unresolved,workflow,rtu_mixed_best_available,species_only,-17.85714285714286,-17.85714285714286,-17.85714285714286,-25.67567567567568,-25.67567567567568,-25.67567567567568,-11.919614298329629,-11.919614298329629,-11.919614298329629,-10.234113140237078,-10.234113140237078,-10.234113140237078,0.912772193360055,0.912772193360055,0.912772193360055,0.9351011626738522,0.9351011626738522,0.9351011626738522,0.9046519102785351,0.9046519102785351,0.9046519102785351,0.8726603262223019,0.8726603262223019,0.8726603262223019,0.9208252376121367,0.9208252376121367,0.9208252376121367,0.9144012698507676,0.9144012698507676,0.9144012698507676,0.9886691709084598,0.9886691709084598,0.9886691709084598,-0.39498230178236504,-0.39498230178236504,-0.39498230178236504,-0.24947889718345273,-0.24947889718345273,-0.24947889718345273,-0.29862413106847896,-0.29862413106847896,-0.29862413106847896,0.9970496815687075,0.9970496815687075,0.9970496815687075,0.8,0.8,0.8,3.2402568960300027,3.2402568960300027,3.2402568960300027,0.9789088449992249,0.9789088449992249,0.9789088449992249,0.4,0.4,0.4,0.9144012698507676,0.9144012698507676,0.9144012698507676,-1.1152633820993518,-1.1152633820993518,-1.1152633820993518,1
formicidae_pitfall,Formicidae,pitfall-trap,main,species_baseline,species_error,species_baseline,species_units,0,0,0,0,0,0,0,0,0,0,0,0,1,1,1,1,1,1,0.9999999999999999,0.9999999999999999,0.9999999999999999,0.9999999999999999,0.9999999999999999,0.9999999999999999,1,1,1,1,1,1,0.9999999999999996,0.9999999999999996,0.9999999999999996,0,0,0,0,0,0,0,0,0,0.9999999999999999,0.9999999999999999,0.9999999999999999,1,1,1,0,0,0,0.9999999999999999,0.9999999999999999,0.9999999999999999,1,1,1,1,1,1,0,0,0,1
formicidae_pitfall,Formicidae,pitfall-trap,main,species_observed_congeneric_10pct,species_error_observed_pool,species_baseline,species_units,0,0,0,32.04545454545452,29.81818181818182,34.09090909090908,23.861561871947224,21.985626420023852,26.194615366051718,17.938100315865324,15.687665276551128,20.872154032772976,1,1,1,0.9715185890383358,0.9680756413925197,0.9770036216638545,0.9568527814637879,0.9453608173966966,0.9658804678604332,0.96695619350138,0.9448360201269761,0.9753521283267578,0.8923888761223455,0.8383014476984598,0.9264288387550866,0.8851755652758231,0.8265087950708861,0.9191555167570038,0.9919413057196937,0.9642930035079164,0.9976670463731522,-0.5470882310582958,-1.0838669749197214,-0.16509979117523937,-3.0148006917867454,-4.477017725161122,-1.2532308470170295,-1.2899424592518818,-1.4458271865936423,-0.9909171420266629,0.9962955406462484,0.9934380936358529,0.9988498161007285,0.8,0.8,0.8,-2.218698963146882,-3.0785099123680446,-1.5748866796337637,0.985779382161978,0.9744974426763708,0.9905404807548117,0.8,0.4,1,0.8851755652758231,0.8265087950708861,0.9191555167570038,-1.432210557139757,-2.65810539831654,-0.39945910914974647,30
formicidae_pitfall,Formicidae,pitfall-trap,main,species_observed_rare_weighted_10pct,species_error_rare_weighted,species_baseline,species_units,0,0,0,36.13636363636363,33.59090909090908,40.13636363636363,24.344157902035903,23.025850932416226,27.586855415778118,19.436338043157363,17.259539021162112,23.000793460582507,1,1,1,0.9725760420674339,0.9673422790511943,0.9769018355466833,0.9635371901519154,0.9563297650789311,0.9701500870726409,0.9732073242715303,0.961110698145311,0.978405795691718,0.8810067941015154,0.8407608740719293,0.8991530278322324,0.8723332098783408,0.8245159642768412,0.8859947173696879,0.9952874834300782,0.971111312906421,0.9972231470284045,-0.6830109184690403,-0.9947610006712282,-0.4820063059742552,-1.9622657938429433,-3.8036708285631393,-1.2962301732521364,-1.9840477594293198,-2.7307794694669303,-1.2504696130877258,0.9950453334205904,0.992089258713644,0.9962136001978078,0.8,0.8,0.8,-4.696894139536612,-6.500753477912676,-3.418142325380218,0.9757715724799139,0.9702142236269571,0.9870651621403314,0.8,0.8,1,0.8723332098783408,0.8245159642768412,0.8859947173696879,-0.6381226217074654,-1.7253389837570066,-0.1817651044882429,30
formicidae_pitfall,Formicidae,pitfall-trap,main,species_regional_congeneric_10pct,species_error_regional_pool,species_baseline,species_units,44.565217391304344,39.13043478260869,52.3913043478261,38.18181818181816,36.272727272727266,40.90909090909089,25.647021264840888,24.091973023406233,28.140301855547563,19.03725325670301,17.528768167263557,21.74786660568404,1,1,1,0.9733705973865461,0.9691047068751588,0.9798934288497364,0.9610481983894428,0.9555635980943658,0.9665304652826955,0.9661980278016613,0.9523463769532459,0.9745213622393661,0.9575792459724042,0.9175090596818665,0.9775066015600387,0.9488219840130421,0.9140478278054992,0.9685060137300042,0.9969746684652513,0.9866789570280922,0.999261756571279,0.016978834457659353,-0.2366577969567818,0.14963900582028344,0.5269973780304582,-0.6745660027513756,1.4065429976593546,-0.7260970272923943,-1.614359055627397,-0.3834016624297866,0.997790676524243,0.9968702409799735,0.9996714214984306,0.8,0.8,1,-0.7341953810809763,-1.524760674516626,0.4833301433621231,0.9949232417140382,0.9913309407319288,0.9970360693291088,0.9,0.8,1,0.9488219840130421,0.9140478278054992,0.9685060137300042,0.7546012855409012,-0.23219979830861215,1.2996670859569104,30
isopoda_hand_sorting,Isopoda,hand-sorting,secondary,rtu_family_level,resolution_family,rtu_mixed_family_resolvable,family_units,-63.1578947368421,-63.1578947368421,-63.1578947368421,-13.11475409836066,-13.11475409836066,-13.11475409836066,-4.903026510750386,-4.903026510750386,-4.903026510750386,-7.061923583465002,-7.061923583465002,-7.061923583465002,1,1,1,0.9948848011035953,0.9948848011035953,0.9948848011035953,0.9599925430383263,0.9599925430383263,0.9599925430383263,0.9941299573064609,0.9941299573064609,0.9941299573064609,0.7672517622409374,0.7672517622409374,0.7672517622409374,0.7640449351952593,0.7640449351952593,0.7640449351952593,0.5513346689691108,0.5513346689691108,0.5513346689691108,-5.7863325559697305,-5.7863325559697305,-5.7863325559697305,-14.268603831494108,-14.268603831494108,-14.268603831494108,-12.388648454817941,-12.388648454817941,-12.388648454817941,0.9153885852490826,0.9153885852490826,0.9153885852490826,0.8,0.8,0.8,-8.360483230557769,-8.360483230557769,-8.360483230557769,0.9040003673806779,0.9040003673806779,0.9040003673806779,0.8,0.8,0.8,0.7640449351952593,0.7640449351952593,0.7640449351952593,-11.676775855072263,-11.676775855072263,-11.676775855072263,1
isopoda_hand_sorting,Isopoda,hand-sorting,secondary,rtu_genus_level,resolution_genus,rtu_mixed_genus_resolvable,genus_units,-42.10526315789473,-42.10526315789473,-42.10526315789473,-8.196721311475407,-8.196721311475407,-8.196721311475407,-3.553578528450585,-3.553578528450585,-3.553578528450585,-5.241407737069482,-5.241407737069482,-5.241407737069482,1,1,1,0.9986698146942045,0.9986698146942045,0.9986698146942045,0.9958547688663533,0.9958547688663533,0.9958547688663533,0.9978117184708822,0.9978117184708822,0.9978117184708822,0.8500518811666463,0.8500518811666463,0.8500518811666463,0.8356452487999295,0.8356452487999295,0.8356452487999295,0.7439855593229747,0.7439855593229747,0.7439855593229747,-2.9704320122927674,-2.9704320122927674,-2.9704320122927674,-8.416145258250518,-8.416145258250518,-8.416145258250518,-7.6452124169261175,-7.6452124169261175,-7.6452124169261175,0.9825946114584867,0.9825946114584867,0.9825946114584867,0.8,0.8,0.8,-5.865737733729226,-5.865737733729226,-5.865737733729226,0.9765794817891439,0.9765794817891439,0.9765794817891439,0.8,0.8,0.8,0.8356452487999295,0.8356452487999295,0.8356452487999295,-6.908474916013329,-6.908474916013329,-6.908474916013329,1
isopoda_hand_sorting,Isopoda,hand-sorting,secondary,rtu_mixed_best_available,workflow,rtu_mixed_best_available,mixed_RTU,0,0,0,0,0,0,0,0,0,0,0,0,1,1,1,0.9999999999999998,0.9999999999999998,0.9999999999999998,0.9999999999999999,0.9999999999999999,0.9999999999999999,0.9999999999999998,0.9999999999999998,0.9999999999999998,1,1,1,1,1,1,1,1,1,0,0,0,0,0,0,0,0,0,1,1,1,1,1,1,0,0,0,1,1,1,1,1,1,1,1,1,0,0,0,1
isopoda_hand_sorting,Isopoda,hand-sorting,secondary,rtu_mixed_family_resolvable,resolution_family,rtu_mixed_family_resolvable,family_resolvable_RTU,0,0,0,0,0,0,0,0,0,0,0,0,1,1,1,0.9999999999999998,0.9999999999999998,0.9999999999999998,0.9999999999999999,0.9999999999999999,0.9999999999999999,0.9999999999999998,0.9999999999999998,0.9999999999999998,1,1,1,1,1,1,1,1,1,0,0,0,0,0,0,0,0,0,1,1,1,1,1,1,0,0,0,1,1,1,1,1,1,1,1,1,0,0,0,1
isopoda_hand_sorting,Isopoda,hand-sorting,secondary,rtu_mixed_genus_resolvable,resolution_genus,rtu_mixed_genus_resolvable,genus_resolvable_RTU,0,0,0,0,0,0,0,0,0,0,0,0,1,1,1,0.9999999999999998,0.9999999999999998,0.9999999999999998,0.9999999999999999,0.9999999999999999,0.9999999999999999,0.9999999999999998,0.9999999999999998,0.9999999999999998,1,1,1,1,1,1,1,1,1,0,0,0,0,0,0,0,0,0,1,1,1,1,1,1,0,0,0,1,1,1,1,1,1,1,1,1,0,0,0,1
isopoda_hand_sorting,Isopoda,hand-sorting,secondary,rtu_rare_species_to_genus,workflow,rtu_mixed_best_available,mixed_RTU,-10.526315789473683,-10.526315789473683,-10.526315789473683,-1.6393442622950838,-1.6393442622950838,-1.6393442622950838,-0.32225586983942733,-0.32225586983942733,-0.32225586983942733,-0.11846400036322757,-0.11846400036322757,-0.11846400036322757,1,1,1,0.9999329491568197,0.9999329491568197,0.9999329491568197,0.9997779340464117,0.9997779340464117,0.9997779340464117,0.999955341193283,0.999955341193283,0.999955341193283,0.985500203517869,0.985500203517869,0.985500203517869,0.9853314551663086,0.9853314551663086,0.9853314551663086,0.9293917766646229,0.9293917766646229,0.9293917766646229,-0.27725714773148,-0.27725714773148,-0.27725714773148,-0.7321551478554178,-0.7321551478554178,-0.7321551478554178,1.1968133352627355,1.1968133352627355,1.1968133352627355,0.9997161546905912,0.9997161546905912,0.9997161546905912,1,1,1,1.1413054860347387,1.1413054860347387,1.1413054860347387,0.9990249833439514,0.9990249833439514,0.9990249833439514,1,1,1,0.9853314551663086,0.9853314551663086,0.9853314551663086,-0.6230587754404215,-0.6230587754404215,-0.6230587754404215,1
isopoda_hand_sorting,Isopoda,hand-sorting,secondary,rtu_species_only_drop_unresolved,workflow,rtu_mixed_best_available,species_only,-10.526315789473683,-10.526315789473683,-10.526315789473683,-14.754098360655743,-14.754098360655743,-14.754098360655743,-5.9739798898015835,-5.9739798898015835,-5.9739798898015835,-11.419523349111216,-11.419523349111216,-11.419523349111216,0.9848272854571846,0.9848272854571846,0.9848272854571846,0.9793529377966246,0.9793529377966246,0.9793529377966246,0.9532465258826258,0.9532465258826258,0.9532465258826258,0.9761560909396064,0.9761560909396064,0.9761560909396064,0.9981189939988028,0.9981189939988028,0.9981189939988028,0.9913961413650494,0.9913961413650494,0.9913961413650494,0.9438572539329733,0.9438572539329733,0.9438572539329733,-0.41851514816940716,-0.41851514816940716,-0.41851514816940716,-1.5740759375915458,-1.5740759375915458,-1.5740759375915458,0.3850628723475733,0.3850628723475733,0.3850628723475733,0.9974720802307009,0.9974720802307009,0.9974720802307009,1,1,1,0.877829434314183,0.877829434314183,0.877829434314183,0.9980535842604809,0.9980535842604809,0.9980535842604809,1,1,1,0.9913961413650494,0.9913961413650494,0.9913961413650494,-1.5125498792134207,-1.5125498792134207,-1.5125498792134207,1
isopoda_hand_sorting,Isopoda,hand-sorting,secondary,species_baseline,species_error,species_baseline,species_units,0,0,0,0,0,0,0,0,0,0,0,0,0.9999999999999998,0.9999999999999998,0.9999999999999998,1,1,1,0.9999999999999999,0.9999999999999999,0.9999999999999999,1,1,1,0.9999999999999999,0.9999999999999999,0.9999999999999999,1,1,1,1,1,1,0,0,0,0,0,0,0,0,0,1,1,1,1,1,1,0,0,0,1,1,1,1,1,1,1,1,1,0,0,0,1
isopoda_hand_sorting,Isopoda,hand-sorting,secondary,species_observed_congeneric_10pct,species_error_observed_pool,species_baseline,species_units,0,-0.5882352941176451,0,13.461538461538458,11.538461538461519,19.23076923076923,5.145979628885833,3.8690134121433117,7.76459280851594,7.760327493564989,5.1058258091288815,11.932886555880778,0.9999999999999998,0.9999999999999998,0.9999999999999998,0.9914410272013832,0.9862582388432277,0.993747579516702,0.8944763818087242,0.8297087342382956,0.9379129545177665,0.9886701537885932,0.9797923040162069,0.9943534086666251,0.9567868581770409,0.931543585743643,0.9782544071978565,0.9441072367613867,0.9181515203923603,0.9691180242278808,0.9643636407983335,0.8894300414375123,0.9934504425479008,-0.5290146553930286,-1.0217598647637438,-0.1284264559306813,-0.4648478679704804,-1.8341311438570507,0.4416571105654633,-0.810731101392137,-4.662769885874323,-0.2246366553082479,0.994704063669581,0.9914170686584479,0.9974499712430749,1,1,1,-0.790871591441884,-3.4899858924296865,0.8924996048775791,0.9958985407261269,0.9827353192870435,0.9972302979199531,1,1,1,0.9441072367613867,0.9181515203923603,0.9691180242278808,-0.10613936672141389,-0.9804898591630716,0.6323355911389572,30
isopoda_hand_sorting,Isopoda,hand-sorting,secondary,species_observed_rare_weighted_10pct,species_error_rare_weighted,species_baseline,species_units,0,-5.882352941176472,0,19.23076923076923,11.346153846153827,21.346153846153843,6.08457152344487,5.209260021354589,8.059991356825178,8.903720445503005,7.128991026644527,13.21508940598813,0.9999999999999998,0.9999999999999998,0.9999999999999998,0.9901305526859964,0.9877733307040197,0.9925864597296495,0.8803779669637801,0.8438222751905727,0.9273300366146072,0.9869670040897923,0.979509279780371,0.9917578033739062,0.9465868385775078,0.9312648008466309,0.9641691093882532,0.9327751420812018,0.9121368447978848,0.9558413231383105,0.9610149700505232,0.8558419626378415,0.9836750307077842,-0.6033405409388459,-0.9500870126491323,-0.26153755880233936,-0.5879067677024785,-1.382902785534654,0.2698889454360432,-0.6315724407273624,-2.5090665065099884,0.9022126529336262,0.9924266407025029,0.9902788951064813,0.9973783725507863,1,1,1,-0.1947013758016718,-1.7625207019537483,1.3491908679860687,0.9936274832826557,0.9858536368881197,0.9967194422366836,1,1,1,0.9327751420812018,0.9121368447978848,0.9558413231383105,-0.018591802247514,-1.0302323064443342,0.5934803318020743,30
isopoda_hand_sorting,Isopoda,hand-sorting,secondary,species_regional_congeneric_10pct,species_error_regional_pool,species_baseline,species_units,29.41176470588236,23.529411764705888,41.176470588235304,31.730769230769226,26.923076923076916,36.73076923076922,11.335534204124764,9.424738591985236,13.407516249545502,16.11093951779217,14.027386235284444,19.66930016368425,0.9999999999999998,0.9999999999999998,0.9999999999999998,0.9910920333104672,0.9882782885908872,0.9941610127567376,0.8891240638515316,0.8416599366451067,0.9248442986202388,0.98838181435159,0.9825626531124518,0.992430868013937,0.9727756739999218,0.9328149463507464,0.9904217174629163,0.9596668564391395,0.9063383945884864,0.9762640111439211,0.9797828449104145,0.764559501725246,0.9941557778994493,0.3871542212999235,-0.041405797571874,1.1110703739054453,2.893195697936879,1.8729002421839347,4.3726282396581215,0.03525857638223595,-2.73742165737282,2.826432808151514,0.9966214311041898,0.9898842864360107,0.9975991755302102,1,1,1,1.354774783928863,-0.9864989417365445,2.6468128793965073,0.993192834572145,0.9825243604553949,0.9973051242016759,1,1,1,0.9596668564391395,0.9063383945884864,0.9762640111439211,2.7463116679657062,1.9855849968783112,3.981235966647574,30
isopoda_pitfall,Isopoda,pitfall-trap,main,rtu_family_level,resolution_family,rtu_mixed_family_resolvable,family_units,-69.56521739130434,-69.56521739130434,-69.56521739130434,-20.270270270270274,-20.270270270270274,-20.270270270270274,-7.938355180019496,-7.938355180019496,-7.938355180019496,-9.216177764582378,-9.216177764582378,-9.216177764582378,1,1,1,0.9872479953250883,0.9872479953250883,0.9872479953250883,0.9025751815269205,0.9025751815269205,0.9025751815269205,0.9784844496340609,0.9784844496340609,0.9784844496340609,0.7251373544596501,0.7251373544596501,0.7251373544596501,0.6504039928516614,0.6504039928516614,0.6504039928516614,0.7687116282739754,0.7687116282739754,0.7687116282739754,-6.171157905076896,-6.171157905076896,-6.171157905076896,-19.066958308590152,-19.066958308590152,-19.066958308590152,-26.10506640425718,-26.10506640425718,-26.10506640425718,0.9060282563572036,0.9060282563572036,0.9060282563572036,0.4,0.4,0.4,-23.91339135578815,-23.91339135578815,-23.91339135578815,0.9501642560853086,0.9501642560853086,0.9501642560853086,1,1,1,0.6504039928516614,0.6504039928516614,0.6504039928516614,-15.366123180252556,-15.366123180252556,-15.366123180252556,1
isopoda_pitfall,Isopoda,pitfall-trap,main,rtu_genus_level,resolution_genus,rtu_mixed_genus_resolvable,genus_units,-54.54545454545454,-54.54545454545454,-54.54545454545454,-16.43835616438357,-16.43835616438357,-16.43835616438357,-7.050542922183045,-7.050542922183045,-7.050542922183045,-8.527178421776426,-8.527178421776426,-8.527178421776426,1,1,1,0.9889153875966922,0.9889153875966922,0.9889153875966922,0.9024167342369287,0.9024167342369287,0.9024167342369287,0.978416029730116,0.978416029730116,0.978416029730116,0.8479827442675971,0.8479827442675971,0.8479827442675971,0.8344219490644594,0.8344219490644594,0.8344219490644594,0.8800220140092112,0.8800220140092112,0.8800220140092112,-3.044806019738544,-3.044806019738544,-3.044806019738544,-8.811023694671693,-8.811023694671693,-8.811023694671693,-16.371205964534177,-16.371205964534177,-16.371205964534177,0.95275817315291,0.95275817315291,0.95275817315291,0.8,0.8,0.8,-13.955851029928347,-13.955851029928347,-13.955851029928347,0.9453707940550045,0.9453707940550045,0.9453707940550045,0.8,0.8,0.8,0.8344219490644594,0.8344219490644594,0.8344219490644594,-7.027062891322167,-7.027062891322167,-7.027062891322167,1
isopoda_pitfall,Isopoda,pitfall-trap,main,rtu_mixed_best_available,workflow,rtu_mixed_best_available,mixed_RTU,0,0,0,0,0,0,0,0,0,0,0,0,1,1,1,1,1,1,1,1,1,1,1,1,0.9999999999999999,0.9999999999999999,0.9999999999999999,1,1,1,0.9999999999999996,0.9999999999999996,0.9999999999999996,0,0,0,0,0,0,0,0,0,0.9999999999999998,0.9999999999999998,0.9999999999999998,1,1,1,0,0,0,0.9999999999999998,0.9999999999999998,0.9999999999999998,1,1,1,1,1,1,0,0,0,1
isopoda_pitfall,Isopoda,pitfall-trap,main,rtu_mixed_family_resolvable,resolution_family,rtu_mixed_family_resolvable,family_resolvable_RTU,0,0,0,0,0,0,0,0,0,0,0,0,1,1,1,1,1,1,1,1,1,1,1,1,0.9999999999999999,0.9999999999999999,0.9999999999999999,1,1,1,0.9999999999999996,0.9999999999999996,0.9999999999999996,0,0,0,0,0,0,0,0,0,0.9999999999999998,0.9999999999999998,0.9999999999999998,1,1,1,0,0,0,0.9999999999999998,0.9999999999999998,0.9999999999999998,1,1,1,1,1,1,0,0,0,1
isopoda_pitfall,Isopoda,pitfall-trap,main,rtu_mixed_genus_resolvable,resolution_genus,rtu_mixed_genus_resolvable,genus_resolvable_RTU,0,0,0,0,0,0,0,0,0,0,0,0,1,1,1,1,1,1,1,1,1,1,1,1,1,1,1,1,1,1,1.0000000000000004,1.0000000000000004,1.0000000000000004,0,0,0,0,0,0,0,0,0,0.9999999999999998,0.9999999999999998,0.9999999999999998,1,1,1,0,0,0,0.9999999999999998,0.9999999999999998,0.9999999999999998,1,1,1,1,1,1,0,0,0,1
isopoda_pitfall,Isopoda,pitfall-trap,main,rtu_rare_species_to_genus,workflow,rtu_mixed_best_available,mixed_RTU,0,0,0,0,0,0,0,0,0,0,0,0,1,1,1,1,1,1,1,1,1,1,1,1,0.9999999999999999,0.9999999999999999,0.9999999999999999,1,1,1,0.9999999999999996,0.9999999999999996,0.9999999999999996,0,0,0,0,0,0,0,0,0,0.9999999999999998,0.9999999999999998,0.9999999999999998,1,1,1,0,0,0,0.9999999999999998,0.9999999999999998,0.9999999999999998,1,1,1,1,1,1,0,0,0,1
isopoda_pitfall,Isopoda,pitfall-trap,main,rtu_species_only_drop_unresolved,workflow,rtu_mixed_best_available,species_only,-21.739130434782606,-21.739130434782606,-21.739130434782606,-13.51351351351352,-13.51351351351352,-13.51351351351352,-6.271232345660815,-6.271232345660815,-6.271232345660815,-11.86252269424396,-11.86252269424396,-11.86252269424396,0.9852161246478599,0.9852161246478599,0.9852161246478599,0.9523553547921962,0.9523553547921962,0.9523553547921962,0.8905331874875453,0.8905331874875453,0.8905331874875453,0.9459626781145218,0.9459626781145218,0.9459626781145218,0.997232321284355,0.997232321284355,0.997232321284355,0.9898734663185587,0.9898734663185587,0.9898734663185587,0.9954359820734735,0.9954359820734735,0.9954359820734735,-0.6163473040216805,-0.6163473040216805,-0.6163473040216805,-2.0984893282997463,-2.0984893282997463,-2.0984893282997463,0.738598821844306,0.738598821844306,0.738598821844306,0.9990653733545501,0.9990653733545501,0.9990653733545501,1,1,1,1.6412938590137038,1.6412938590137038,1.6412938590137038,0.9898215678955867,0.9898215678955867,0.9898215678955867,1,1,1,0.9898734663185587,0.9898734663185587,0.9898734663185587,-2.0917786235141733,-2.0917786235141733,-2.0917786235141733,1
isopoda_pitfall,Isopoda,pitfall-trap,main,species_baseline,species_error,species_baseline,species_units,0,0,0,0,0,0,0,0,0,0,0,0,1,1,1,0.9999999999999998,0.9999999999999998,0.9999999999999998,1,1,1,1,1,1,1,1,1,1,1,1,1,1,1,0,0,0,0,0,0,0,0,0,1,1,1,1,1,1,0,0,0,1,1,1,1,1,1,1,1,1,0,0,0,1
isopoda_pitfall,Isopoda,pitfall-trap,main,species_observed_congeneric_10pct,species_error_observed_pool,species_baseline,species_units,0,0,0,19.53125,14.0625,25,8.404653157219443,6.2130703810021926,10.347714032134524,9.840226864214884,6.4920015512449885,12.813927948505386,1,1,1,0.9751097667878461,0.9692154011586592,0.9793909681409122,0.8115633223836138,0.7536416945111459,0.8605040651651995,0.9663681041258835,0.952221613852448,0.9785159290176697,0.954782323715696,0.9437794682898148,0.9661681914137444,0.9432282052130023,0.9340028866055015,0.9625493728619621,0.9958206796193423,0.9932642126541436,0.9982227040795127,-0.2749675497212001,-0.4439659718333755,-0.16593326274959128,-0.8267551572743448,-1.4927520302858555,0.021439783253303174,-0.7812385587852582,-2.0793491010712866,0.31459996727506206,0.9977816834533532,0.9936418225147599,0.999429692980546,1,0.8,1,-1.7378180859380734,-3.2188714695740246,-0.3265351919031177,0.9952393310088845,0.9912896491958672,0.9975776253020591,1,0.8,1,0.9432282052130023,0.9340028866055015,0.9625493728619621,-0.10533787342054124,-0.7006970407659207,0.5074921251729394,30
isopoda_pitfall,Isopoda,pitfall-trap,main,species_observed_rare_weighted_10pct,species_error_rare_weighted,species_baseline,species_units,0,0,0,21.875,17.03125,25.156250000000004,8.792460812608049,7.354978675334585,11.027034266660321,9.945282322145022,8.324923595878923,13.210364929209176,1,1,1,0.9736266153769109,0.9695136427991601,0.977592033082162,0.7851711069148948,0.755987272912593,0.8257680451357617,0.9596950224421559,0.9534595199315989,0.9694769608287028,0.9441167161110876,0.9301148013291503,0.9530003854533761,0.9341559125519456,0.9191251596996293,0.9487417206074058,0.9943408914459788,0.9903261245746912,0.9968374385422261,-0.49090049400656866,-0.7298412470522009,-0.37752540553108505,-1.0893344769291047,-1.7367585389828866,-0.4261970856875807,-2.812567882083,-5.888594630082576,-0.7712401253949512,0.99679611425672765,0.9918239005029347,0.9990518398647417,1,0.8,1,-2.8726915285512735,-6.119359497340916,-1.529033825253955,0.9951893722752303,0.9882664307424258,0.9981273873321975,1,0.8,1,0.9341559125519456,0.9191251596996293,0.9487417206074058,-0.2724902770826987,-0.7666794233958406,0.20605846507109074,30
isopoda_pitfall,Isopoda,pitfall-trap,main,species_regional_congeneric_10pct,species_error_regional_pool,species_baseline,species_units,36.11111111111111,27.777777777777768,44.44444444444444,42.1875,35.9375,48.43750000000002,15.80012542460948,14.168716672132987,19.476708568319253,18.23763611233405,15.659596454831657,22.920997233787936,1,1,1,0.9736703828708162,0.9703920746343355,0.9775928609819563,0.7709025199268081,0.7337119710427787,0.813802792154069,0.9609417967700533,0.9474106393360006,0.9758413596528621,0.9739810913747038,0.9608245686508563,0.990028695572987,0.9588508364496887,0.9443645962696402,0.9787305568479844,0.995765790246522,0.9827454530060311,0.9993756077667537,0.3390245680260917,0.02862172128081709,0.6920473044826325,2.203615755270427,1.353753440828367,3.145415968192755,0.7964976210886014,0.011952604948584886,3.173486285048433,0.9996796834123207,0.9989886355878711,0.9998997609923311,1,0.8200000000000001,1,2.004928303220195,0.8659752348488813,3.160939260705435,0.9964594087088727,0.9929795741485868,0.9983569623506232,1,0.8,1,0.9588508364496887,0.9443645962696402,0.9787305568479844,2.9286970548561997,2.234993972634167,3.8740678592572912,30
