"","STATION","ndvi_m","ndvi_max","ndvi_sd","HAB","LON","LAT","YEAR","MM","DD","DOY","YYYYMMDD","T2M_MAX","T2M_MIN","sampl_date","Altitude","T2M_MEAN","degree_days","DD_cum","T30_mean","T30_max","T30_min","T30_sd","T360_sd","T360_mean","LATITUDE","LONGITUDE","ALTITUDE","Al","Ca","Fe","K","Mg","Mn","Na","N","C.N","calc","Ctot","COT","CN","MOS","CEC","Hum_frais","pH","P","Hum_res","clay","sand","Cd_tot","Cd_disp","Cu_tot","Cu_disp","Pb_tot","Pb_disp"
"1",1030,0.708306666666667,0.8797,0.126094400389247,100,-0.625406540946352,47.0848050528202,2024,4,11,102,"2024-04-11",20.11,10.1,"2024-04-12",170,15.105,5.105,74.15,11.6155,15.7976666666667,7.43333333333333,3.52172696435792,6.31043419878211,13.849,47.0848050528202,-0.625406540946352,170,0.0335,5.12,0.005,0.3974,0.5378,0.0883,0.03796,1.15467511117458,NA,1,11.8134224414825,11.8134224414825,10.2,20.4,6.19861,179.810725552,6.86,0.0468021544,12.04,140,332,0.15,0.097,8.4,2.125,51.53,8.773
"2",1058,0.659633333333333,0.7785,0.080188257660749,100,5.27350873305645,47.0870418392033,2024,5,13,134,"2024-05-13",21.24,12.45,"2024-05-14",184,16.845,6.845,121.92,10.7061666666667,15.0653333333333,6.347,3.55920096168268,7.46955995760319,12.9304722222222,47.0870418392033,5.27350873305645,184,0.0518,4.261,0.005,0.2062,0.3537,0.0938,0.01068,0.692604035139084,9.61,5,7.25490927696228,6.65490927696228,NA,11.5,4.216469,134.375,6.43,0.0363342276,11.21,133,438,0.266,0.143,9.83,2.54,24.4,3.46
"3",1064,0.742207142857143,0.8334,0.0807851801363984,100,6.53783195380408,47.0487852584465,2024,5,14,135,"2024-05-14",17.66,11.15,"2024-05-15",885,14.405,4.405,76.99,8.8415,12.8383333333333,4.84466666666667,4.08081408336881,7.53363526655133,10.9383194444444,47.0487852584465,6.53783195380408,885,0.02,32.18,0.005,0.4552,1.968,0.025,0.05165,5.03845155239105,9.7,12,50.3123235702515,48.8723235702515,NA,84.5,32.51872,334.426229508,7.21,0.033454424,56.17,502,63,1.19,0.631,17.9,3.17,40.7,7.6
"4",1090,0.61414,0.9057,0.140433170684748,100,2.74851568722079,46.9826323289556,2024,5,21,142,"2024-05-21",17.89,9.21,"2024-05-22",215,13.55,3.55,176.1,12.6151666666667,17.1506666666667,8.07966666666667,3.56602078097731,7.12624377992105,13.5299166666667,46.9826323289556,2.74851568722079,215,0.02,73.74,0.026,0.869,1.53,0.006,0.09607,2.29256317019463,10.2,71,31.8166971206665,23.2966971206665,NA,40.3,72.5,270.27027027,8.29,0.0132464856,56.37,522,68,0.89,0.362,18.55,3.901,19.84,7.12
"5",1141,0.756313333333333,0.8554,0.104994332273337,100,4.21101505944702,46.8204597659373,2024,4,3,94,"2024-04-03",14.76,7.75,"2024-04-04",320,11.255,1.255,18.735,8.79133333333333,12.934,4.64866666666667,4.13465439691126,7.17425272719001,12.3179166666667,46.8204597659373,4.21101505944702,320,0.0925,2.532,0.005,0.1496,0.2892,0.414,0.02401,1.18113711476326,NA,1,13.9983952045441,13.9983952045441,11.9,24.2,2.965929,203.076923077,6.31,0.0130575244,10.75,148,669,0.07,0.053,2.98,0.434,49.55,2.898
"6",1166,0.6036,0.8726,0.124475591411099,100,0.860928957263222,46.6834260740623,2024,3,17,77,"2024-03-17",16.51,9.25,"2024-03-18",112,12.88,2.88,22.34,8.10666666666667,11.7823333333333,4.431,3.56063392285479,7.14249609458469,14.1966111111111,46.6834260740623,0.860928957263222,112,0.0264,17.57,0.005,0.2528,0.8071,0.0317,0.05012,1.16211034357548,NA,1,12.6413989067078,12.5213989067078,10.8,21.7,17.806418,182.724252492,7.6,0.0156397032,26.79,296,241,0.31,0.165,15.59,1.017,34.02,6.227
"7",1174,0.698133333333333,0.824,0.0912478153684997,100,2.53499704476721,46.6928659613774,2024,5,22,143,"2024-05-22",17.25,9.9,"2024-05-23",164,13.575,3.575,153.6,12.1876666666667,16.534,7.84133333333333,3.64917019965737,7.32775285765677,13.2554166666667,46.6928659613774,2.53499704476721,164,0.0209,7.403,0.005,0.3648,2.515,0.0172,0.01344,0.957669243216515,13.1,24,15.4323995113373,12.5523995113373,NA,21.7,8.744566,127.035830619,7.96,0.017831304,15.32,166,699,0.22,0.14,7.26,2.35,26.37,2.62
"8",1180,0.701153333333333,0.8614,0.14090975261121,100,3.78802433819848,46.6825057220501,2024,3,31,91,"2024-03-31",15.89,7.08,"2024-04-03",270,11.485,1.485,33.515,9.4085,13.7276666666667,5.08933333333333,4.11319257190604,7.48328380310881,13.4148888888889,46.6825057220501,3.78802433819848,270,0.0243,4.735,0.005,0.5224,0.7616,0.1138,0.02297,1.26679047942162,NA,1,13.9468467235565,13.9468467235565,11,24.1,6.128437,201.754385965,6.77,0.0165775268,12.1,137,504,0.07,0.067,5.06,0.839,40.23,4.125
"9",1180,0.701153333333333,0.8614,0.14090975261121,100,3.78802433819848,46.6825057220501,2024,4,1,92,"2024-04-01",12.88,5.47,"2024-04-03",270,9.175,0,33.515,9.4085,13.7276666666667,5.08933333333333,4.11319257190604,7.48328380310881,13.4148888888889,46.6825057220501,3.78802433819848,270,0.0243,4.735,0.005,0.5224,0.7616,0.1138,0.02297,1.26679047942162,NA,1,13.9468467235565,13.9468467235565,11,24.1,6.128437,201.754385965,6.77,0.0165775268,12.1,137,504,0.07,0.067,5.06,0.839,40.23,4.125
"10",1180,0.701153333333333,0.8614,0.14090975261121,100,3.78802433819848,46.6825057220501,2024,4,2,93,"2024-04-02",14.96,4.87,"2024-04-03",270,9.915,0,33.515,9.4085,13.7276666666667,5.08933333333333,4.11319257190604,7.48328380310881,13.4148888888889,46.6825057220501,3.78802433819848,270,0.0243,4.735,0.005,0.5224,0.7616,0.1138,0.02297,1.26679047942162,NA,1,13.9468467235565,13.9468467235565,11,24.1,6.128437,201.754385965,6.77,0.0165775268,12.1,137,504,0.07,0.067,5.06,0.839,40.23,4.125
"11",1237,0.55176,0.6894,0.107607074913449,100,-1.40321679085194,46.3506497510169,2024,4,15,106,"2024-04-15",15.04,6.68,"2024-04-16",3,10.86,0.859999999999999,116.585,12.2868333333333,16.0943333333333,8.47933333333333,2.94349389198191,6.05226547167583,14.7772361111111,46.3506497510169,-1.40321679085194,3,0.02,19.71,0.005,0.8177,2.707,0.005,0.22215,1.72254621982574,NA,45,25.1472568511963,19.7472568511963,11.5,34.2,21.700173,214.705882353,8.33,0.0251283484,33.36,410,327,0.077,0.042,11.3,2.93,31.3,9.84
"12",1243,0.707193333333333,0.7693,0.0637229658832071,100,-0.172179021232904,46.3766366548151,2024,3,20,80,"2024-03-20",17.92,6.93,"2024-03-21",92,12.425,2.425,30.915,8.77933333333333,12.906,4.65266666666667,3.78181086197542,6.81404575509855,14.1655416666667,46.3766366548151,-0.172179021232904,92,0.02,28.81,0.005,0.5473,1.091,0.0064,0.08744,2.73565739393234,NA,11,28.3845925331116,27.0645925331116,9.89,46.8,29.665859,259.493670886,7.95,0.0283611996,43.61,499,63,0.99,0.524,19.4,4.017,72.49,15.576
"13",1274,0.764933333333333,0.8912,0.0698501116336838,100,6.28092715602017,46.3317772191028,2024,5,15,136,"2024-05-15",14.93,8.85,"2024-05-17",432,11.89,1.89,85.815,9.26933333333333,13.2006666666667,5.338,4.16955187148316,7.79236637164324,11.32325,46.3317772191028,6.28092715602017,432,0.02,10.08,0.005,0.1639,1.095,0.0613,0.04487,2.04407766461372,10.6,1,21.8322420120239,21.7122420120239,NA,37.6,10.842545,266.272189349,6.76,0.031652092,19.89,204,341,0.173,0.09,15.6,2.21,20,2.95
"14",1274,0.764933333333333,0.8912,0.0698501116336838,100,6.28092715602017,46.3317772191028,2024,5,16,137,"2024-05-16",11.95,7.8,"2024-05-17",432,9.875,0,85.815,9.26933333333333,13.2006666666667,5.338,4.16955187148316,7.79236637164324,11.32325,46.3317772191028,6.28092715602017,432,0.02,10.08,0.005,0.1639,1.095,0.0613,0.04487,2.04407766461372,10.6,1,21.8322420120239,21.7122420120239,NA,37.6,10.842545,266.272189349,6.76,0.031652092,19.89,204,341,0.173,0.09,15.6,2.21,20,2.95
"15",1310,0.633453333333333,0.8024,0.187889404653249,100,5.02443580687463,46.228868438387,2024,5,15,136,"2024-05-15",17.52,10.08,"2024-05-16",202,13.8,3.8,152.105,11.219,15.744,6.694,3.75768411061335,7.93357524071494,13.7164861111111,46.228868438387,5.02443580687463,202,0.0281,22.1,0.0063,0.3588,0.5709,0.005,0.03592,1.64872720837593,8.41,179,35.348641872406,13.868641872406,NA,24,20.992951,229.508196721,8.33,0.0098111448,32.05,340,175,0.256,0.098,16.4,2.14,21.4,3.1
"16",1366,0.569653333333333,0.9106,0.226299336741237,100,-0.567270869874808,45.9346254946214,2024,2,25,56,"2024-02-25",13.49,7.65,"2024-03-11",61,10.57,0.57,25.01,8.6465,12.1796666666667,5.11333333333333,3.44336385273864,6.51428576185875,14.8791944444444,45.9346254946214,-0.567270869874808,61,0.0275,25.78,0.005,0.2914,0.7225,0.005,0.08804,2.38966643810272,NA,332,63.4240055084229,23.5840055084229,9.87,40.8,24.554389,232.142857143,8.21,0.0571932748,29.22,444,247,0.496,0.203,135,50.6,34.4,5.25
"17",1366,0.569653333333333,0.9106,0.226299336741237,100,-0.567270869874808,45.9346254946214,2024,2,26,57,"2024-02-26",10.73,5.81,"2024-03-11",61,8.27,0,25.01,8.6465,12.1796666666667,5.11333333333333,3.44336385273864,6.51428576185875,14.8791944444444,45.9346254946214,-0.567270869874808,61,0.0275,25.78,0.005,0.2914,0.7225,0.005,0.08804,2.38966643810272,NA,332,63.4240055084229,23.5840055084229,9.87,40.8,24.554389,232.142857143,8.21,0.0571932748,29.22,444,247,0.496,0.203,135,50.6,34.4,5.25
"18",1366,0.569653333333333,0.9106,0.226299336741237,100,-0.567270869874808,45.9346254946214,2024,2,27,58,"2024-02-27",10.98,2.2,"2024-03-11",61,6.59,0,25.01,8.6465,12.1796666666667,5.11333333333333,3.44336385273864,6.51428576185875,14.8791944444444,45.9346254946214,-0.567270869874808,61,0.0275,25.78,0.005,0.2914,0.7225,0.005,0.08804,2.38966643810272,NA,332,63.4240055084229,23.5840055084229,9.87,40.8,24.554389,232.142857143,8.21,0.0571932748,29.22,444,247,0.496,0.203,135,50.6,34.4,5.25
"19",1366,0.569653333333333,0.9106,0.226299336741237,100,-0.567270869874808,45.9346254946214,2024,2,28,59,"2024-02-28",11.97,-0.07,"2024-03-11",61,5.95,0,25.01,8.6465,12.1796666666667,5.11333333333333,3.44336385273864,6.51428576185875,14.8791944444444,45.9346254946214,-0.567270869874808,61,0.0275,25.78,0.005,0.2914,0.7225,0.005,0.08804,2.38966643810272,NA,332,63.4240055084229,23.5840055084229,9.87,40.8,24.554389,232.142857143,8.21,0.0571932748,29.22,444,247,0.496,0.203,135,50.6,34.4,5.25
"20",1366,0.569653333333333,0.9106,0.226299336741237,100,-0.567270869874808,45.9346254946214,2024,2,29,60,"2024-02-29",13.14,6.25,"2024-03-11",61,9.695,0,25.01,8.6465,12.1796666666667,5.11333333333333,3.44336385273864,6.51428576185875,14.8791944444444,45.9346254946214,-0.567270869874808,61,0.0275,25.78,0.005,0.2914,0.7225,0.005,0.08804,2.38966643810272,NA,332,63.4240055084229,23.5840055084229,9.87,40.8,24.554389,232.142857143,8.21,0.0571932748,29.22,444,247,0.496,0.203,135,50.6,34.4,5.25
"21",1366,0.569653333333333,0.9106,0.226299336741237,100,-0.567270869874808,45.9346254946214,2024,3,1,61,"2024-03-01",12.32,4.63,"2024-03-11",61,8.475,0,25.01,8.6465,12.1796666666667,5.11333333333333,3.44336385273864,6.51428576185875,14.8791944444444,45.9346254946214,-0.567270869874808,61,0.0275,25.78,0.005,0.2914,0.7225,0.005,0.08804,2.38966643810272,NA,332,63.4240055084229,23.5840055084229,9.87,40.8,24.554389,232.142857143,8.21,0.0571932748,29.22,444,247,0.496,0.203,135,50.6,34.4,5.25
"22",1366,0.569653333333333,0.9106,0.226299336741237,100,-0.567270869874808,45.9346254946214,2024,3,2,62,"2024-03-02",10.17,4.75,"2024-03-11",61,7.46,0,25.01,8.6465,12.1796666666667,5.11333333333333,3.44336385273864,6.51428576185875,14.8791944444444,45.9346254946214,-0.567270869874808,61,0.0275,25.78,0.005,0.2914,0.7225,0.005,0.08804,2.38966643810272,NA,332,63.4240055084229,23.5840055084229,9.87,40.8,24.554389,232.142857143,8.21,0.0571932748,29.22,444,247,0.496,0.203,135,50.6,34.4,5.25
"23",1366,0.569653333333333,0.9106,0.226299336741237,100,-0.567270869874808,45.9346254946214,2024,3,3,63,"2024-03-03",9.95,2.51,"2024-03-11",61,6.23,0,25.01,8.6465,12.1796666666667,5.11333333333333,3.44336385273864,6.51428576185875,14.8791944444444,45.9346254946214,-0.567270869874808,61,0.0275,25.78,0.005,0.2914,0.7225,0.005,0.08804,2.38966643810272,NA,332,63.4240055084229,23.5840055084229,9.87,40.8,24.554389,232.142857143,8.21,0.0571932748,29.22,444,247,0.496,0.203,135,50.6,34.4,5.25
"24",1366,0.569653333333333,0.9106,0.226299336741237,100,-0.567270869874808,45.9346254946214,2024,3,4,64,"2024-03-04",9.57,0.84,"2024-03-11",61,5.205,0,25.01,8.6465,12.1796666666667,5.11333333333333,3.44336385273864,6.51428576185875,14.8791944444444,45.9346254946214,-0.567270869874808,61,0.0275,25.78,0.005,0.2914,0.7225,0.005,0.08804,2.38966643810272,NA,332,63.4240055084229,23.5840055084229,9.87,40.8,24.554389,232.142857143,8.21,0.0571932748,29.22,444,247,0.496,0.203,135,50.6,34.4,5.25
"25",1366,0.569653333333333,0.9106,0.226299336741237,100,-0.567270869874808,45.9346254946214,2024,3,5,65,"2024-03-05",10.3,5.27,"2024-03-11",61,7.785,0,25.01,8.6465,12.1796666666667,5.11333333333333,3.44336385273864,6.51428576185875,14.8791944444444,45.9346254946214,-0.567270869874808,61,0.0275,25.78,0.005,0.2914,0.7225,0.005,0.08804,2.38966643810272,NA,332,63.4240055084229,23.5840055084229,9.87,40.8,24.554389,232.142857143,8.21,0.0571932748,29.22,444,247,0.496,0.203,135,50.6,34.4,5.25
"26",1366,0.569653333333333,0.9106,0.226299336741237,100,-0.567270869874808,45.9346254946214,2024,3,6,66,"2024-03-06",9.72,4.09,"2024-03-11",61,6.905,0,25.01,8.6465,12.1796666666667,5.11333333333333,3.44336385273864,6.51428576185875,14.8791944444444,45.9346254946214,-0.567270869874808,61,0.0275,25.78,0.005,0.2914,0.7225,0.005,0.08804,2.38966643810272,NA,332,63.4240055084229,23.5840055084229,9.87,40.8,24.554389,232.142857143,8.21,0.0571932748,29.22,444,247,0.496,0.203,135,50.6,34.4,5.25
"27",1366,0.569653333333333,0.9106,0.226299336741237,100,-0.567270869874808,45.9346254946214,2024,3,7,67,"2024-03-07",13.86,1.74,"2024-03-11",61,7.8,0,25.01,8.6465,12.1796666666667,5.11333333333333,3.44336385273864,6.51428576185875,14.8791944444444,45.9346254946214,-0.567270869874808,61,0.0275,25.78,0.005,0.2914,0.7225,0.005,0.08804,2.38966643810272,NA,332,63.4240055084229,23.5840055084229,9.87,40.8,24.554389,232.142857143,8.21,0.0571932748,29.22,444,247,0.496,0.203,135,50.6,34.4,5.25
"28",1366,0.569653333333333,0.9106,0.226299336741237,100,-0.567270869874808,45.9346254946214,2024,3,8,68,"2024-03-08",12.06,6.53,"2024-03-11",61,9.295,0,25.01,8.6465,12.1796666666667,5.11333333333333,3.44336385273864,6.51428576185875,14.8791944444444,45.9346254946214,-0.567270869874808,61,0.0275,25.78,0.005,0.2914,0.7225,0.005,0.08804,2.38966643810272,NA,332,63.4240055084229,23.5840055084229,9.87,40.8,24.554389,232.142857143,8.21,0.0571932748,29.22,444,247,0.496,0.203,135,50.6,34.4,5.25
"29",1366,0.569653333333333,0.9106,0.226299336741237,100,-0.567270869874808,45.9346254946214,2024,3,9,69,"2024-03-09",13.19,5.58,"2024-03-11",61,9.385,0,25.01,8.6465,12.1796666666667,5.11333333333333,3.44336385273864,6.51428576185875,14.8791944444444,45.9346254946214,-0.567270869874808,61,0.0275,25.78,0.005,0.2914,0.7225,0.005,0.08804,2.38966643810272,NA,332,63.4240055084229,23.5840055084229,9.87,40.8,24.554389,232.142857143,8.21,0.0571932748,29.22,444,247,0.496,0.203,135,50.6,34.4,5.25
"30",1366,0.569653333333333,0.9106,0.226299336741237,100,-0.567270869874808,45.9346254946214,2024,3,10,70,"2024-03-10",12.63,4.67,"2024-03-11",61,8.65,0,25.01,8.6465,12.1796666666667,5.11333333333333,3.44336385273864,6.51428576185875,14.8791944444444,45.9346254946214,-0.567270869874808,61,0.0275,25.78,0.005,0.2914,0.7225,0.005,0.08804,2.38966643810272,NA,332,63.4240055084229,23.5840055084229,9.87,40.8,24.554389,232.142857143,8.21,0.0571932748,29.22,444,247,0.496,0.203,135,50.6,34.4,5.25
"31",137,0.4071,0.6361,0.141606068271909,100,3.65039504410087,49.7054460263859,2024,5,2,123,"2024-05-02",16.84,9.11,"2024-05-03",97,12.975,2.975,74.87,10.5425,15.2533333333333,5.83166666666667,3.00524206806048,6.54089843521766,12.1668333333333,49.7054460263859,3.65039504410087,97,0.0228,15.44,0.006,0.3883,0.8247,0.0251,0.14146,1.04610532522202,8.47,6,9.57935690879822,8.85935690879822,NA,15.3,16.159924,159.23566879,7.9,0.0280683752,27.13,283,84,0.203,0.112,20,3.88,21.3,5.39
"32",1372,0.738126666666667,0.8535,0.0567369552869917,0,0.672536029377586,45.9598382118547,2024,4,8,99,"2024-04-08",20.93,8.87,"2024-04-11",222,14.9,4.9,66.09,11.2375,15.462,7.013,3.54592669065586,7.1603986933233,14.1133472222222,45.9598382118547,0.672536029377586,222,1.336,1.554,0.027,0.3584,0.9684,0.4361,0.05391,0.86650975048542,NA,1,12.153559923172,12.153559923172,14,21,4.73435,196.721311475,5.47,0.0037150732,15.86,175,572,0.062,0.031,13.8,1.07,31.2,5.85
"33",1372,0.738126666666667,0.8535,0.0567369552869917,0,0.672536029377586,45.9598382118547,2024,4,9,100,"2024-04-09",11.38,4.94,"2024-04-11",222,8.16,0,66.09,11.2375,15.462,7.013,3.54592669065586,7.1603986933233,14.1133472222222,45.9598382118547,0.672536029377586,222,1.336,1.554,0.027,0.3584,0.9684,0.4361,0.05391,0.86650975048542,NA,1,12.153559923172,12.153559923172,14,21,4.73435,196.721311475,5.47,0.0037150732,15.86,175,572,0.062,0.031,13.8,1.07,31.2,5.85
"34",1372,0.738126666666667,0.8535,0.0567369552869917,0,0.672536029377586,45.9598382118547,2024,4,10,101,"2024-04-10",14.05,4.65,"2024-04-11",222,9.35,0,66.09,11.2375,15.462,7.013,3.54592669065586,7.1603986933233,14.1133472222222,45.9598382118547,0.672536029377586,222,1.336,1.554,0.027,0.3584,0.9684,0.4361,0.05391,0.86650975048542,NA,1,12.153559923172,12.153559923172,14,21,4.73435,196.721311475,5.47,0.0037150732,15.86,175,572,0.062,0.031,13.8,1.07,31.2,5.85
"35",1464,0.672613333333333,0.8761,0.203782576244762,0,2.94301610784092,45.6779077470276,2024,6,4,156,"2024-06-04",20.11,9.04,"2024-06-05",985,14.575,4.575,89.44,11.7548333333333,16.2053333333333,7.30433333333333,3.6932279034831,7.31016448643586,10.7942638888889,45.6779077470276,2.94301610784092,985,0.5401,4.312,0.0206,0.3081,1.133,0.0497,0.10553,7.19366550445557,14.1,3,101.867399215698,101.507399215698,NA,176,8.740704,468.864468864,5.91,0.0181027448,99.43,135,340,0.398,0.1,28.9,2.43,18.5,1.53
"36",1477,0.624366666666667,0.8356,0.207561886353605,100,5.61003921649128,45.6401693491095,2024,4,7,98,"2024-04-07",21.36,10.56,"2024-04-08",209,15.96,5.96,31.945,9.93433333333333,14.8846666666667,4.984,3.92707268881618,7.36475773685428,12.5689027777778,45.6401693491095,5.61003921649128,209,0.02,15.52,0.005,0.2164,0.6108,0.005,0.01126,1.78962275385857,NA,257,53.0256414413452,22.1856414413452,12.4,38.4,14.492486,250,8.26,0.0069400692,16.15,195,208,0.518,0.293,22.7,6.3,24.5,4.02
"37",1491,0.465606666666667,0.6927,0.0965282228652523,100,0.0710220240044624,45.5173490694814,2024,3,18,78,"2024-03-18",17.6,10.4,"2024-03-19",114,14,4,33.4,9.04233333333333,12.8166666666667,5.268,3.47891159283856,7.2140952303831,15.04775,45.5173490694814,0.0710220240044624,114,0.02,27.14,0.005,0.6935,1.016,0.005,0.08441,1.37247413396835,NA,408,65.0364971160889,16.0764971160889,11.7,27.8,27.748943,237.113402062,8.41,0.0095711248,41.53,354,166,0.993,0.312,7.1,1.69,16,3.43
"38",152,0.643513333333333,0.8138,0.127844156616376,100,0.555290562591357,49.5559367282316,2024,4,2,93,"2024-04-02",13.53,8.34,"2024-04-03",144,10.935,0.934999999999999,26.145,9.5155,13.1383333333333,5.89266666666667,3.75784100805539,5.68816612004187,12.7629166666667,49.5559367282316,0.555290562591357,144,0.0337,6.76,0.005,0.2595,0.886,0.093,0.0464,1.44015416502953,NA,1,14.33070063591,14.21070063591,9.87,24.6,7.871269,255.520504732,6.51,0.0483478832,15.64,143,181,0.238,0.118,11.8,3.29,21.8,4.59
"39",1537,0.670813333333333,0.8199,0.137018532983507,100,0.892398066995418,45.3884443655317,2024,3,14,74,"2024-03-14",16.12,5.92,"2024-03-15",203,11.02,1.02,9.415,7.66283333333333,11.23,4.09566666666667,3.16119574962003,7.45778931157061,14.5235694444444,45.3884443655317,0.892398066995418,203,0.0371,11.25,0.0089,0.1566,0.651,0.0738,0.06819,1.45833253860474,NA,1,16.5588331222534,16.4388331222534,11.3,28.4,11.835096,185.810810811,6.98,0.0058940184,18.84,244,454,0.949,0.491,24.2,4.62,42.5,11.1
"40",1549,0.68072,0.8435,0.111113218964133,100,3.34517713570663,45.3911047765517,2024,5,29,150,"2024-05-29",16.17,9.15,"2024-05-30",400,12.66,2.66,78.795,10.9136666666667,15.3626666666667,6.46466666666667,3.81576808559184,7.34917825040098,10.8700694444444,45.3911047765517,3.34517713570663,400,0.0473,9.819,0.005,0.2636,3.087,0.0516,0.07448,2.71230638027191,12.5,2,34.1970729827881,33.9570729827881,NA,58.7,12.848028,253.289473684,6.21,0.0135506564,22.06,141,549,0.401,0.234,26.8,6.55,52.1,9.12
"41",1556,0.594106666666667,0.7397,0.0965889040260442,0,4.77475157668675,45.3690149100078,2024,4,8,99,"2024-04-08",21.85,10.67,"2024-04-10",138,16.26,6.26,43.95,10.5685,15.546,5.591,3.90655205888313,7.53455392079199,13.0884861111111,45.3690149100078,4.77475157668675,138,0.02,9.841,0.005,0.2845,0.4656,0.005,0.02216,0.882938280701637,NA,237,39.5250082015991,11.0850082015991,12.6,19.2,8.141297,148.026315789,8.49,0.008077764,10.74,126,581,0.196,0.083,29.1,12.1,21.3,3.48
"42",1556,0.594106666666667,0.7397,0.0965889040260442,0,4.77475157668675,45.3690149100078,2024,4,9,100,"2024-04-09",12.25,4.08,"2024-04-10",138,8.165,0,43.95,10.5685,15.546,5.591,3.90655205888313,7.53455392079199,13.0884861111111,45.3690149100078,4.77475157668675,138,0.02,9.841,0.005,0.2845,0.4656,0.005,0.02216,0.882938280701637,NA,237,39.5250082015991,11.0850082015991,12.6,19.2,8.141297,148.026315789,8.49,0.008077764,10.74,126,581,0.196,0.083,29.1,12.1,21.3,3.48
"43",157,0.744826666666667,0.8968,0.203856239494778,100,1.6591608703299,49.5671766642783,2024,4,3,94,"2024-04-03",15.71,9.25,"2024-04-04",164,12.48,2.48,25.995,9.53383333333333,13.6343333333333,5.43333333333333,4.41725018546593,6.13902847200779,12.2523194444444,49.5671766642783,1.6591608703299,164,0.0204,14.73,0.005,0.2332,0.8033,0.0783,0.04611,2.46392071247101,NA,1,25.713849067688,25.593849067688,10.4,44.3,15.126193,264.406779661,6.63,0.0518286096,22.55,222,414,0.184,0.105,12.2,3.67,21.9,4.72
"44",1587,0.705807142857143,0.8953,0.172363183041309,100,2.52555216920108,45.2538548457955,2024,6,5,157,"2024-06-05",21.11,10.02,"2024-06-06",902,15.565,5.565,102.705,12.1996666666667,16.4466666666667,7.95266666666667,3.6830695399293,7.2216599160371,11.0544166666667,45.2538548457955,2.52555216920108,902,0.0824,13.32,0.0072,0.1866,6.591,0.0707,0.15883,6.56137704849243,9.87,3,65.1100492477417,64.7500492477417,NA,112,22.148384,416.4037855,5.87,0.0130727984,65.67,365,83,0.308,0.13,42.4,7.98,20.1,1.29
"45",1660,0.636273333333333,0.8242,0.0987917685022873,100,0.70364058861398,44.9526610124959,2024,3,18,78,"2024-03-18",17.72,10.08,"2024-03-19",129,13.9,3.9,28.425,8.89533333333333,12.7676666666667,5.023,3.32795554017827,7.42479769640625,15.2020555555556,44.9526610124959,0.70364058861398,129,0.02,18.84,0.0065,0.7511,0.7406,0.005,0.02095,1.84142008423805,NA,591,86.5888977050781,15.6688977050781,8.51,27.1,18.57871,209.836065574,8.38,0.0312536588,23.93,292,362,1.39,0.42,10,1.66,24.5,2.73
"46",1677,0.618993333333333,0.8976,0.239943119648526,100,4.14437731617619,44.9465981199809,2024,6,12,164,"2024-06-12",15.13,5.53,"2024-06-13",1305,10.33,0.33,135.67,12.916,17.597,8.235,3.82516808113563,7.53809199090302,10.9955138888889,44.9465981199809,4.14437731617619,1305,1.919,8.088,0.0176,0.4541,2.014,0.0596,0.1122,11.210058927536,11,1,123.147344589233,123.027344589233,NA,213,14.425669,481.9672131,5.56,0.0150038684,79.19,260,239,0.303,0.129,34.1,1.35,26,12.9
"47",1686,0.48882,0.8793,0.308046207572825,100,5.96937133617335,44.9048619493119,2024,8,5,218,"2024-08-05",22.32,10.72,"2024-08-06",1888,16.52,6.52,206.745,15.3086666666667,20.4463333333333,10.171,3.89166106472501,7.64913355548483,4.65197222222222,44.9048619493119,5.96937133617335,1888,0.0361,12.81,0.005,0.2841,2.449,0.0719,0.03668,4.74890500307083,11.6,1,55.3355264663696,55.2155264663696,NA,95.5,16.20936,139.3188854,6.36,0.0063570388,27.67,320,335,0.33,0.131,29.8,1.97,55.2,9.06
"48",1694,0.51054,0.764,0.180210998554472,100,-0.907607097076179,44.7733595204167,2024,4,7,98,"2024-04-07",17.54,12.01,"2024-04-08",51,14.775,4.775,123.65,12.7863333333333,17.5183333333333,8.05433333333333,3.79824179913143,6.61428913627181,15.7797916666667,44.7733595204167,-0.907607097076179,51,0.48,0.4691,0.01,0.099,0.0559,0.006,0.01273,1.20352417230606,NA,1,24.9752712249756,24.9752712249756,20.8,43.2,1.63,88.96797153,5.34,0.08289418,10.6,31,950,0.058,0.039,9.98,4.57,5.13,1.07
"49",1706,0.652273333333333,0.888,0.173669482748395,0,1.51554524633862,44.8178511311097,2024,4,8,99,"2024-04-08",22.12,8.71,"2024-04-10",202,15.415,5.415,70.015,11.6435,16.5273333333333,6.75966666666667,3.43737141219033,7.32571002849945,14.722375,44.8178511311097,1.51554524633862,202,0.0294,34.85,0.006,0.3349,1.419,0.0609,0.06767,3.92374724149704,NA,3,59.558253288269,59.198253288269,15.1,102,35.5,337.837837838,7.41,0.0071120108,47.9,477,92,0.706,0.451,14,2.32,40.3,10.7
"50",1706,0.652273333333333,0.888,0.173669482748395,0,1.51554524633862,44.8178511311097,2024,4,9,100,"2024-04-09",11.69,6.14,"2024-04-10",202,8.915,0,70.015,11.6435,16.5273333333333,6.75966666666667,3.43737141219033,7.32571002849945,14.722375,44.8178511311097,1.51554524633862,202,0.0294,34.85,0.006,0.3349,1.419,0.0609,0.06767,3.92374724149704,NA,3,59.558253288269,59.198253288269,15.1,102,35.5,337.837837838,7.41,0.0071120108,47.9,477,92,0.706,0.451,14,2.32,40.3,10.7
"51",1768,0.638026666666667,0.7687,0.0956505131542255,0,5.34894544254264,44.6346263421969,2024,4,15,106,"2024-04-15",19.07,6.62,"2024-04-23",751,12.845,2.845,35.025,7.92783333333333,13.0073333333333,2.84833333333333,3.37203229905093,7.7020228948541,11.8371111111111,44.6346263421969,5.34894544254264,751,0.04,32.73,0.0071,0.6686,0.8148,0.005,0.17423,2.81303703784943,NA,385,80.6606483459473,34.4606483459473,12.3,59.6,32.486769,160.714285714,8.33,0.00487677,51,510,116,0.298,0.157,28,1.54,22.6,2.3
"52",1768,0.638026666666667,0.7687,0.0956505131542255,0,5.34894544254264,44.6346263421969,2024,4,16,107,"2024-04-16",9.5,1.84,"2024-04-23",751,5.67,0,35.025,7.92783333333333,13.0073333333333,2.84833333333333,3.37203229905093,7.7020228948541,11.8371111111111,44.6346263421969,5.34894544254264,751,0.04,32.73,0.0071,0.6686,0.8148,0.005,0.17423,2.81303703784943,NA,385,80.6606483459473,34.4606483459473,12.3,59.6,32.486769,160.714285714,8.33,0.00487677,51,510,116,0.298,0.157,28,1.54,22.6,2.3
"53",1768,0.638026666666667,0.7687,0.0956505131542255,0,5.34894544254264,44.6346263421969,2024,4,17,108,"2024-04-17",7.65,-0.3,"2024-04-23",751,3.675,0,35.025,7.92783333333333,13.0073333333333,2.84833333333333,3.37203229905093,7.7020228948541,11.8371111111111,44.6346263421969,5.34894544254264,751,0.04,32.73,0.0071,0.6686,0.8148,0.005,0.17423,2.81303703784943,NA,385,80.6606483459473,34.4606483459473,12.3,59.6,32.486769,160.714285714,8.33,0.00487677,51,510,116,0.298,0.157,28,1.54,22.6,2.3
"54",1768,0.638026666666667,0.7687,0.0956505131542255,0,5.34894544254264,44.6346263421969,2024,4,18,109,"2024-04-18",4.94,-1.76,"2024-04-23",751,1.59,0,35.025,7.92783333333333,13.0073333333333,2.84833333333333,3.37203229905093,7.7020228948541,11.8371111111111,44.6346263421969,5.34894544254264,751,0.04,32.73,0.0071,0.6686,0.8148,0.005,0.17423,2.81303703784943,NA,385,80.6606483459473,34.4606483459473,12.3,59.6,32.486769,160.714285714,8.33,0.00487677,51,510,116,0.298,0.157,28,1.54,22.6,2.3
"55",1768,0.638026666666667,0.7687,0.0956505131542255,0,5.34894544254264,44.6346263421969,2024,4,19,110,"2024-04-19",11.47,-2.74,"2024-04-23",751,4.365,0,35.025,7.92783333333333,13.0073333333333,2.84833333333333,3.37203229905093,7.7020228948541,11.8371111111111,44.6346263421969,5.34894544254264,751,0.04,32.73,0.0071,0.6686,0.8148,0.005,0.17423,2.81303703784943,NA,385,80.6606483459473,34.4606483459473,12.3,59.6,32.486769,160.714285714,8.33,0.00487677,51,510,116,0.298,0.157,28,1.54,22.6,2.3
"56",1768,0.638026666666667,0.7687,0.0956505131542255,0,5.34894544254264,44.6346263421969,2024,4,20,111,"2024-04-20",9.01,-0.27,"2024-04-23",751,4.37,0,35.025,7.92783333333333,13.0073333333333,2.84833333333333,3.37203229905093,7.7020228948541,11.8371111111111,44.6346263421969,5.34894544254264,751,0.04,32.73,0.0071,0.6686,0.8148,0.005,0.17423,2.81303703784943,NA,385,80.6606483459473,34.4606483459473,12.3,59.6,32.486769,160.714285714,8.33,0.00487677,51,510,116,0.298,0.157,28,1.54,22.6,2.3
"57",1768,0.638026666666667,0.7687,0.0956505131542255,0,5.34894544254264,44.6346263421969,2024,4,21,112,"2024-04-21",9.55,-1.51,"2024-04-23",751,4.02,0,35.025,7.92783333333333,13.0073333333333,2.84833333333333,3.37203229905093,7.7020228948541,11.8371111111111,44.6346263421969,5.34894544254264,751,0.04,32.73,0.0071,0.6686,0.8148,0.005,0.17423,2.81303703784943,NA,385,80.6606483459473,34.4606483459473,12.3,59.6,32.486769,160.714285714,8.33,0.00487677,51,510,116,0.298,0.157,28,1.54,22.6,2.3
"58",1768,0.638026666666667,0.7687,0.0956505131542255,0,5.34894544254264,44.6346263421969,2024,4,22,113,"2024-04-22",5.37,-3.3,"2024-04-23",751,1.035,0,35.025,7.92783333333333,13.0073333333333,2.84833333333333,3.37203229905093,7.7020228948541,11.8371111111111,44.6346263421969,5.34894544254264,751,0.04,32.73,0.0071,0.6686,0.8148,0.005,0.17423,2.81303703784943,NA,385,80.6606483459473,34.4606483459473,12.3,59.6,32.486769,160.714285714,8.33,0.00487677,51,510,116,0.298,0.157,28,1.54,22.6,2.3
"59",1826,0.51572,0.6829,0.118081994514708,100,0.117461238742218,44.3664478290357,2024,3,9,69,"2024-03-09",14.49,5.61,"2024-03-12",87,10.05,0.0500000000000007,26.08,9.07133333333333,13.1983333333333,4.94433333333333,3.17292553215235,7.06119233154754,15.7839583333333,44.3664478290357,0.117461238742218,87,0.02,17.01,0.005,0.7279,0.7185,0.005,0.05047,0.980696678161621,NA,9,10.016678571701,8.93667857170105,9.11,15.5,16.913166,164.739884393,8.26,0.0354570636,21.89,245,459,0.256,0.149,26.8,11.9,25.5,7.42
"60",1826,0.51572,0.6829,0.118081994514708,100,0.117461238742218,44.3664478290357,2024,3,10,70,"2024-03-10",10.59,2.74,"2024-03-12",87,6.665,0,26.08,9.07133333333333,13.1983333333333,4.94433333333333,3.17292553215235,7.06119233154754,15.7839583333333,44.3664478290357,0.117461238742218,87,0.02,17.01,0.005,0.7279,0.7185,0.005,0.05047,0.980696678161621,NA,9,10.016678571701,8.93667857170105,9.11,15.5,16.913166,164.739884393,8.26,0.0354570636,21.89,245,459,0.256,0.149,26.8,11.9,25.5,7.42
"61",1826,0.51572,0.6829,0.118081994514708,100,0.117461238742218,44.3664478290357,2024,3,11,71,"2024-03-11",12.92,5.45,"2024-03-12",87,9.185,0,26.08,9.07133333333333,13.1983333333333,4.94433333333333,3.17292553215235,7.06119233154754,15.7839583333333,44.3664478290357,0.117461238742218,87,0.02,17.01,0.005,0.7279,0.7185,0.005,0.05047,0.980696678161621,NA,9,10.016678571701,8.93667857170105,9.11,15.5,16.913166,164.739884393,8.26,0.0354570636,21.89,245,459,0.256,0.149,26.8,11.9,25.5,7.42
"62",1837,0.776046666666667,0.8832,0.0526992120660352,100,2.32434462405189,44.3889199310117,2024,5,29,150,"2024-05-29",17.98,10.16,"2024-05-30",579,14.07,4.07,125.59,12.1825,16.591,7.774,3.48974673869748,7.4528521217793,12.8552361111111,44.3889199310117,2.32434462405189,579,0.1924,5.133,0.005,0.2122,0.511,0.1446,0.03538,1.97435960173607,10.6,1,20.9984350204468,20.9984350204468,NA,36.3,5.265599,188.405797101,5.84,0.026306192,17.87,220,447,0.185,0.12,28.4,4.21,39.8,6.23
"63",1875,0.586286666666667,0.8148,0.124107118862622,100,1.32315689391354,44.2406504349493,2024,3,13,73,"2024-03-13",17.68,3.4,"2024-03-14",191,10.54,0.539999999999999,19.12,9.07933333333333,13.3073333333333,4.85133333333333,3.11451849499732,7.31225853126331,15.5609305555556,44.2406504349493,1.32315689391354,191,0.02,20.79,0.005,0.4108,3.184,0.005,0.03465,0.94698965549469,NA,199,37.0528149604797,13.1728149604797,13.9,22.8,23.454376,189.111747851,8.56,0.0036845252,32.57,380,284,0.234,0.091,17.1,1.81,20.4,2.33
"64",1887,0.65182,0.8683,0.191654269081445,100,3.7226445983764,44.2375443985216,2024,6,13,165,"2024-06-13",24.21,8.73,"2024-06-14",928,16.47,6.47,331.265,16.2936666666667,22.1686666666667,10.4186666666667,3.74446941981839,7.26909469264837,14.1751527777778,44.2375443985216,3.7226445983764,928,2.366,1.059,0.0177,0.129,0.2223,0.0191,0.05591,3.31645965576172,17,1,56.4751243591309,56.4751243591309,NA,97.7,3.874807,184.9529781,5.18,0.0030980036,25.92,166,482,0.201,0.083,25,1.15,46.9,9.09
"65",1893,0.452506666666667,0.5379,0.0607721090476152,100,4.92701588816509,44.2166800911093,2024,3,26,86,"2024-03-26",12.13,8.36,"2024-03-28",112,10.245,0.245000000000001,50.35,10.22,15.1796666666667,5.26033333333333,2.8689024053174,7.75105605167716,16.1034861111111,44.2166800911093,4.92701588816509,112,0.0295,13.04,0.0052,0.4933,0.5866,0.005,0.02107,0.623131431639194,NA,171,27.184374332428,6.66437433242798,10.7,11.5,12.913948,114.864864865,8.61,0.0085770056,17.28,223,562,0.162,0.059,67.8,23.7,16.4,2.75
"66",1893,0.452506666666667,0.5379,0.0607721090476152,100,4.92701588816509,44.2166800911093,2024,3,27,87,"2024-03-27",11.87,4.71,"2024-03-28",112,8.29,0,50.35,10.22,15.1796666666667,5.26033333333333,2.8689024053174,7.75105605167716,16.1034861111111,44.2166800911093,4.92701588816509,112,0.0295,13.04,0.0052,0.4933,0.5866,0.005,0.02107,0.623131431639194,NA,171,27.184374332428,6.66437433242798,10.7,11.5,12.913948,114.864864865,8.61,0.0085770056,17.28,223,562,0.162,0.059,67.8,23.7,16.4,2.75
"67",1992,0.43374,0.6944,0.119996302323982,100,6.10461897406734,43.8921670756657,2024,4,15,106,"2024-04-15",19,7.96,"2024-04-24",712,13.48,3.48,44.28,8.92533333333333,14.269,3.58166666666667,3.36954696801557,7.66564411876091,12.6787777777778,43.8921670756657,6.10461897406734,712,0.0342,22.53,0.0059,0.4545,0.5267,0.005,0.02912,1.36536180973053,10.1,438,66.3966989517212,13.8366989517212,NA,23.9,20.810953,111.486486486,8.39,0.059880626,28.9,326,311,0.307,0.102,19.3,1.82,20.3,2.1
"68",1992,0.43374,0.6944,0.119996302323982,100,6.10461897406734,43.8921670756657,2024,4,16,107,"2024-04-16",11.72,2.58,"2024-04-24",712,7.15,0,44.28,8.92533333333333,14.269,3.58166666666667,3.36954696801557,7.66564411876091,12.6787777777778,43.8921670756657,6.10461897406734,712,0.0342,22.53,0.0059,0.4545,0.5267,0.005,0.02912,1.36536180973053,10.1,438,66.3966989517212,13.8366989517212,NA,23.9,20.810953,111.486486486,8.39,0.059880626,28.9,326,311,0.307,0.102,19.3,1.82,20.3,2.1
"69",1992,0.43374,0.6944,0.119996302323982,100,6.10461897406734,43.8921670756657,2024,4,17,108,"2024-04-17",11.23,0.31,"2024-04-24",712,5.77,0,44.28,8.92533333333333,14.269,3.58166666666667,3.36954696801557,7.66564411876091,12.6787777777778,43.8921670756657,6.10461897406734,712,0.0342,22.53,0.0059,0.4545,0.5267,0.005,0.02912,1.36536180973053,10.1,438,66.3966989517212,13.8366989517212,NA,23.9,20.810953,111.486486486,8.39,0.059880626,28.9,326,311,0.307,0.102,19.3,1.82,20.3,2.1
"70",1992,0.43374,0.6944,0.119996302323982,100,6.10461897406734,43.8921670756657,2024,4,18,109,"2024-04-18",9.36,-1.48,"2024-04-24",712,3.94,0,44.28,8.92533333333333,14.269,3.58166666666667,3.36954696801557,7.66564411876091,12.6787777777778,43.8921670756657,6.10461897406734,712,0.0342,22.53,0.0059,0.4545,0.5267,0.005,0.02912,1.36536180973053,10.1,438,66.3966989517212,13.8366989517212,NA,23.9,20.810953,111.486486486,8.39,0.059880626,28.9,326,311,0.307,0.102,19.3,1.82,20.3,2.1
"71",1992,0.43374,0.6944,0.119996302323982,100,6.10461897406734,43.8921670756657,2024,4,19,110,"2024-04-19",14.48,0.08,"2024-04-24",712,7.28,0,44.28,8.92533333333333,14.269,3.58166666666667,3.36954696801557,7.66564411876091,12.6787777777778,43.8921670756657,6.10461897406734,712,0.0342,22.53,0.0059,0.4545,0.5267,0.005,0.02912,1.36536180973053,10.1,438,66.3966989517212,13.8366989517212,NA,23.9,20.810953,111.486486486,8.39,0.059880626,28.9,326,311,0.307,0.102,19.3,1.82,20.3,2.1
"72",1992,0.43374,0.6944,0.119996302323982,100,6.10461897406734,43.8921670756657,2024,4,20,111,"2024-04-20",14.39,2.04,"2024-04-24",712,8.215,0,44.28,8.92533333333333,14.269,3.58166666666667,3.36954696801557,7.66564411876091,12.6787777777778,43.8921670756657,6.10461897406734,712,0.0342,22.53,0.0059,0.4545,0.5267,0.005,0.02912,1.36536180973053,10.1,438,66.3966989517212,13.8366989517212,NA,23.9,20.810953,111.486486486,8.39,0.059880626,28.9,326,311,0.307,0.102,19.3,1.82,20.3,2.1
"73",1992,0.43374,0.6944,0.119996302323982,100,6.10461897406734,43.8921670756657,2024,4,21,112,"2024-04-21",13,0.88,"2024-04-24",712,6.94,0,44.28,8.92533333333333,14.269,3.58166666666667,3.36954696801557,7.66564411876091,12.6787777777778,43.8921670756657,6.10461897406734,712,0.0342,22.53,0.0059,0.4545,0.5267,0.005,0.02912,1.36536180973053,10.1,438,66.3966989517212,13.8366989517212,NA,23.9,20.810953,111.486486486,8.39,0.059880626,28.9,326,311,0.307,0.102,19.3,1.82,20.3,2.1
"74",1992,0.43374,0.6944,0.119996302323982,100,6.10461897406734,43.8921670756657,2024,4,22,113,"2024-04-22",8.31,0.32,"2024-04-24",712,4.315,0,44.28,8.92533333333333,14.269,3.58166666666667,3.36954696801557,7.66564411876091,12.6787777777778,43.8921670756657,6.10461897406734,712,0.0342,22.53,0.0059,0.4545,0.5267,0.005,0.02912,1.36536180973053,10.1,438,66.3966989517212,13.8366989517212,NA,23.9,20.810953,111.486486486,8.39,0.059880626,28.9,326,311,0.307,0.102,19.3,1.82,20.3,2.1
"75",1992,0.43374,0.6944,0.119996302323982,100,6.10461897406734,43.8921670756657,2024,4,23,114,"2024-04-23",6.37,-0.46,"2024-04-24",712,2.955,0,44.28,8.92533333333333,14.269,3.58166666666667,3.36954696801557,7.66564411876091,12.6787777777778,43.8921670756657,6.10461897406734,712,0.0342,22.53,0.0059,0.4545,0.5267,0.005,0.02912,1.36536180973053,10.1,438,66.3966989517212,13.8366989517212,NA,23.9,20.810953,111.486486486,8.39,0.059880626,28.9,326,311,0.307,0.102,19.3,1.82,20.3,2.1
"76",1996,0.66278,0.8156,0.11371589410205,100,6.90327394449335,43.8563416618755,2024,4,15,106,"2024-04-15",17.9,6.64,"2024-04-25",757,12.27,2.27,30.56,7.32516666666667,12.7183333333333,1.932,3.63111374494302,7.45031800304438,11.0478055555556,43.8563416618755,6.90327394449335,757,0.02,31,0.005,0.7545,1.414,0.005,0.02729,3.66578757762909,11.3,247,71.0324144363403,41.3924144363403,NA,71.6,31.326705,245.84717608,8.22,0.0083169112,42.65,395,181,0.088,0.049,6.83,0.801,15.4,1.76
"77",1996,0.66278,0.8156,0.11371589410205,100,6.90327394449335,43.8563416618755,2024,4,16,107,"2024-04-16",14.21,0.79,"2024-04-25",757,7.5,0,30.56,7.32516666666667,12.7183333333333,1.932,3.63111374494302,7.45031800304438,11.0478055555556,43.8563416618755,6.90327394449335,757,0.02,31,0.005,0.7545,1.414,0.005,0.02729,3.66578757762909,11.3,247,71.0324144363403,41.3924144363403,NA,71.6,31.326705,245.84717608,8.22,0.0083169112,42.65,395,181,0.088,0.049,6.83,0.801,15.4,1.76
"78",1996,0.66278,0.8156,0.11371589410205,100,6.90327394449335,43.8563416618755,2024,4,17,108,"2024-04-17",11.91,-0.65,"2024-04-25",757,5.63,0,30.56,7.32516666666667,12.7183333333333,1.932,3.63111374494302,7.45031800304438,11.0478055555556,43.8563416618755,6.90327394449335,757,0.02,31,0.005,0.7545,1.414,0.005,0.02729,3.66578757762909,11.3,247,71.0324144363403,41.3924144363403,NA,71.6,31.326705,245.84717608,8.22,0.0083169112,42.65,395,181,0.088,0.049,6.83,0.801,15.4,1.76
"79",1996,0.66278,0.8156,0.11371589410205,100,6.90327394449335,43.8563416618755,2024,4,18,109,"2024-04-18",7.2,-2.16,"2024-04-25",757,2.52,0,30.56,7.32516666666667,12.7183333333333,1.932,3.63111374494302,7.45031800304438,11.0478055555556,43.8563416618755,6.90327394449335,757,0.02,31,0.005,0.7545,1.414,0.005,0.02729,3.66578757762909,11.3,247,71.0324144363403,41.3924144363403,NA,71.6,31.326705,245.84717608,8.22,0.0083169112,42.65,395,181,0.088,0.049,6.83,0.801,15.4,1.76
"80",1996,0.66278,0.8156,0.11371589410205,100,6.90327394449335,43.8563416618755,2024,4,19,110,"2024-04-19",13.6,-2.41,"2024-04-25",757,5.595,0,30.56,7.32516666666667,12.7183333333333,1.932,3.63111374494302,7.45031800304438,11.0478055555556,43.8563416618755,6.90327394449335,757,0.02,31,0.005,0.7545,1.414,0.005,0.02729,3.66578757762909,11.3,247,71.0324144363403,41.3924144363403,NA,71.6,31.326705,245.84717608,8.22,0.0083169112,42.65,395,181,0.088,0.049,6.83,0.801,15.4,1.76
"81",1996,0.66278,0.8156,0.11371589410205,100,6.90327394449335,43.8563416618755,2024,4,20,111,"2024-04-20",13.11,0.07,"2024-04-25",757,6.59,0,30.56,7.32516666666667,12.7183333333333,1.932,3.63111374494302,7.45031800304438,11.0478055555556,43.8563416618755,6.90327394449335,757,0.02,31,0.005,0.7545,1.414,0.005,0.02729,3.66578757762909,11.3,247,71.0324144363403,41.3924144363403,NA,71.6,31.326705,245.84717608,8.22,0.0083169112,42.65,395,181,0.088,0.049,6.83,0.801,15.4,1.76
"82",1996,0.66278,0.8156,0.11371589410205,100,6.90327394449335,43.8563416618755,2024,4,21,112,"2024-04-21",11.29,-0.6,"2024-04-25",757,5.345,0,30.56,7.32516666666667,12.7183333333333,1.932,3.63111374494302,7.45031800304438,11.0478055555556,43.8563416618755,6.90327394449335,757,0.02,31,0.005,0.7545,1.414,0.005,0.02729,3.66578757762909,11.3,247,71.0324144363403,41.3924144363403,NA,71.6,31.326705,245.84717608,8.22,0.0083169112,42.65,395,181,0.088,0.049,6.83,0.801,15.4,1.76
"83",1996,0.66278,0.8156,0.11371589410205,100,6.90327394449335,43.8563416618755,2024,4,22,113,"2024-04-22",3.55,-1.49,"2024-04-25",757,1.03,0,30.56,7.32516666666667,12.7183333333333,1.932,3.63111374494302,7.45031800304438,11.0478055555556,43.8563416618755,6.90327394449335,757,0.02,31,0.005,0.7545,1.414,0.005,0.02729,3.66578757762909,11.3,247,71.0324144363403,41.3924144363403,NA,71.6,31.326705,245.84717608,8.22,0.0083169112,42.65,395,181,0.088,0.049,6.83,0.801,15.4,1.76
"84",1996,0.66278,0.8156,0.11371589410205,100,6.90327394449335,43.8563416618755,2024,4,23,114,"2024-04-23",5.1,-2.56,"2024-04-25",757,1.27,0,30.56,7.32516666666667,12.7183333333333,1.932,3.63111374494302,7.45031800304438,11.0478055555556,43.8563416618755,6.90327394449335,757,0.02,31,0.005,0.7545,1.414,0.005,0.02729,3.66578757762909,11.3,247,71.0324144363403,41.3924144363403,NA,71.6,31.326705,245.84717608,8.22,0.0083169112,42.65,395,181,0.088,0.049,6.83,0.801,15.4,1.76
"85",1996,0.66278,0.8156,0.11371589410205,100,6.90327394449335,43.8563416618755,2024,4,24,115,"2024-04-24",9.73,-1.67,"2024-04-25",757,4.03,0,30.56,7.32516666666667,12.7183333333333,1.932,3.63111374494302,7.45031800304438,11.0478055555556,43.8563416618755,6.90327394449335,757,0.02,31,0.005,0.7545,1.414,0.005,0.02729,3.66578757762909,11.3,247,71.0324144363403,41.3924144363403,NA,71.6,31.326705,245.84717608,8.22,0.0083169112,42.65,395,181,0.088,0.049,6.83,0.801,15.4,1.76
"86",2011,0.435526666666667,0.6974,0.109483863564237,100,0.738134796235499,43.7995981085167,2024,3,12,72,"2024-03-12",15.26,6.15,"2024-03-13",197,10.705,0.705,23.475,9.02333333333333,13.1426666666667,4.904,3.13014266984478,7.27888333972464,15.7560277777778,43.7995981085167,0.738134796235499,197,0.02,22.71,0.005,0.3096,0.8775,0.005,0.06029,1.02189645171165,NA,138,24.9017357826233,8.34173578262329,8.16,14.4,22.5781,181.008902077,8.46,0.0045010296,30.38,429,193,0.326,0.102,25.4,1.63,30,4.38
"87",2021,0.678013333333333,0.7818,0.0827922274101877,0,2.72179965795729,43.8125780995336,2024,4,7,98,"2024-04-07",16.77,10.83,"2024-04-08",506,13.8,3.8,38.095,10.3548333333333,15.119,5.59066666666667,3.39789545325279,7.32588302701476,13.6556388888889,43.8125780995336,2.72179965795729,506,0.0312,9.313,0.005,0.269,0.8213,0.0393,0.04638,1.24134287238121,NA,1,15.020763874054,15.020763874054,12.1,26,9.872041,176.470588235,6.5,0.0036709968,16.42,195,362,0.208,0.079,27.6,0.737,34.8,4.17
"88",2021,0.678013333333333,0.7818,0.0827922274101877,0,2.72179965795729,43.8125780995336,2024,4,7,98,"2024-04-07",16.77,10.83,"2024-04-08",506,13.8,3.8,38.095,10.3548333333333,15.119,5.59066666666667,3.39789545325279,7.32588302701476,13.6556388888889,43.8125780995336,2.72179965795729,506,0.0312,9.313,0.005,0.269,0.8213,0.0393,0.04638,1.24134287238121,NA,1,15.020763874054,15.020763874054,12.1,26,9.872041,176.470588235,6.5,0.0036709968,16.42,195,362,0.208,0.079,27.6,0.737,34.8,4.17
"89",2034,0.629546666666667,0.7204,0.0442611384958903,0,5.30087879165883,43.7733624323249,2024,3,23,83,"2024-03-23",15.7,6.45,"2024-03-25",292,11.075,1.075,50.105,9.98783333333333,15.085,4.89066666666667,2.83615714098136,7.74667335915948,16.1072638888889,43.7733624323249,5.30087879165883,292,0.0386,45.22,0.0065,0.2882,1.84,0.0081,0.08091,6.00215494632721,NA,17,83.3339881896973,81.2939881896973,13.5,141,44.061573,196.850393701,7.9,0.0129440604,47,477,74,0.52,0.347,17.1,4.48,44.7,19
"90",2034,0.629546666666667,0.7204,0.0442611384958903,0,5.30087879165883,43.7733624323249,2024,3,24,84,"2024-03-24",13.12,3.33,"2024-03-25",292,8.225,0,50.105,9.98783333333333,15.085,4.89066666666667,2.83615714098136,7.74667335915948,16.1072638888889,43.7733624323249,5.30087879165883,292,0.0386,45.22,0.0065,0.2882,1.84,0.0081,0.08091,6.00215494632721,NA,17,83.3339881896973,81.2939881896973,13.5,141,44.061573,196.850393701,7.9,0.0129440604,47,477,74,0.52,0.347,17.1,4.48,44.7,19
"91",2076,0.580033333333333,0.7201,0.0872139214531608,100,4.50250101102574,43.6487932757976,2024,3,11,71,"2024-03-11",14.74,8.16,"2024-03-12",0,11.45,1.45,79.18,11.287,14.5703333333333,8.00366666666667,2.05846949389671,6.48406676051956,17.5305,43.6487932757976,4.50250101102574,0,0.02,11.51,0.005,0.5116,7.71,0.005,1.22739,1.61487609148026,NA,302,53.8372659683228,17.5972659683228,10.9,30.4,18.285811,211.409395973,8.57,0.0122549848,24.94,443,49,0.204,0.0783,24.6,5.56,35.7,6.97
"92",215,0.604486666666667,0.8428,0.195810742688906,0,5.84561377272516,49.3740703250416,2024,6,3,155,"2024-06-03",17.96,8.78,"2024-06-04",365,13.37,3.37,149.205,13.4785,17.5056666666667,9.45133333333333,3.6489014970031,6.87807365579089,10.9891666666667,49.3740703250416,5.84561377272516,365,0.02,78.95,0.017,0.737,1.752,0.023,0.06242,4.14933055639267,13.1,229,81.8765830993652,54.3965830993652,NA,94.1,75.07,321.070234114,7.78,0.0071233572,47.6,386,238,0.863,0.551,10.4,1.29,38.9,10.5
"93",2182,0.56654,0.8914,0.203644437334151,100,-0.231911972629328,43.2099108298878,2024,4,14,105,"2024-04-14",23.5,12.32,"2024-04-17",245,17.91,7.91,81.04,9.74066666666667,15.0536666666667,4.42766666666667,4.36743744126585,6.82600148387993,12.4428472222222,43.2099108298878,-0.231911972629328,245,0.1043,8.532,0.012,0.6235,0.6587,0.081,0.05159,2.66630738973618,NA,1,28.4566402435303,28.3366402435303,10.6,49,9.450081,218.43003413,6.21,0.0588297748,26.84,215,403,0.243,0.108,20.9,4.11,43.5,7.41
"94",2182,0.56654,0.8914,0.203644437334151,100,-0.231911972629328,43.2099108298878,2024,4,15,106,"2024-04-15",15.19,4.39,"2024-04-17",245,9.79,0,81.04,9.74066666666667,15.0536666666667,4.42766666666667,4.36743744126585,6.82600148387993,12.4428472222222,43.2099108298878,-0.231911972629328,245,0.1043,8.532,0.012,0.6235,0.6587,0.081,0.05159,2.66630738973618,NA,1,28.4566402435303,28.3366402435303,10.6,49,9.450081,218.43003413,6.21,0.0588297748,26.84,215,403,0.243,0.108,20.9,4.11,43.5,7.41
"95",2182,0.56654,0.8914,0.203644437334151,100,-0.231911972629328,43.2099108298878,2024,4,16,107,"2024-04-16",8.26,3.4,"2024-04-17",245,5.83,0,81.04,9.74066666666667,15.0536666666667,4.42766666666667,4.36743744126585,6.82600148387993,12.4428472222222,43.2099108298878,-0.231911972629328,245,0.1043,8.532,0.012,0.6235,0.6587,0.081,0.05159,2.66630738973618,NA,1,28.4566402435303,28.3366402435303,10.6,49,9.450081,218.43003413,6.21,0.0588297748,26.84,215,403,0.243,0.108,20.9,4.11,43.5,7.41
"96",2205,0.6605,0.7326,0.0510948557656667,0,5.85371529787471,43.1807256825456,2024,3,26,86,"2024-03-26",13.74,12.82,"2024-03-27",274,13.28,3.28,194.405,12.869,14.5916666666667,11.1463333333333,1.50922053283445,5.20089804533666,17.5209027777778,43.1807256825456,5.85371529787471,274,0.02,33.66,0.005,0.5158,1.494,0.005,0.07143,2.33605116605759,NA,142,62.3773765563965,45.3373765563965,19.4,78.4,34.492362,195.945945946,8.22,0.006351802,38.32,354,282,0.245,0.163,16.6,2.09,27.2,5.52
"97",223,0.61918,0.7353,0.0748371680001703,100,-0.971023266931689,49.2362523222868,2024,3,31,91,"2024-03-31",15.25,5.37,"2024-04-02",39,10.31,0.31,38.075,9.5745,13.4296666666667,5.71933333333333,3.72394678572631,5.63057974804502,13.3135416666667,49.2362523222868,-0.971023266931689,39,0.02,18.45,0.005,0.4843,1.806,0.0541,0.11278,3.51838856935501,NA,1,34.9937105178833,34.8737105178833,9.91,60.3,21.024507,340.625,6.79,0.0437172428,31.26,302,149,0.191,0.146,17.9,5.17,28.5,7.6
"98",223,0.61918,0.7353,0.0748371680001703,100,-0.971023266931689,49.2362523222868,2024,4,1,92,"2024-04-01",13.44,5.23,"2024-04-02",39,9.335,0,38.075,9.5745,13.4296666666667,5.71933333333333,3.72394678572631,5.63057974804502,13.3135416666667,49.2362523222868,-0.971023266931689,39,0.02,18.45,0.005,0.4843,1.806,0.0541,0.11278,3.51838856935501,NA,1,34.9937105178833,34.8737105178833,9.91,60.3,21.024507,340.625,6.79,0.0437172428,31.26,302,149,0.191,0.146,17.9,5.17,28.5,7.6
"99",2257,0.743653333333333,0.9105,0.138918762831616,0,2.12771511077881,42.9518241882324,2024,5,12,133,"2024-05-12",23.62,13.19,"2024-05-13",528,18.405,8.405,177.85,10.9285,16.5353333333333,5.32166666666667,4.44245585072524,7.39194539716584,14.3040138888889,42.9518241882324,2.12771511077881,528,0.02,18.2,0.005,0.2396,0.4843,0.0201,0.04562,1.16211831569672,15.4,7,18.7346053123474,17.8946053123474,NA,31,17.939112,190.625,7.64,0.002648948,25.33,315,283,0.13,0.093,12.9,1.45,18.7,4.48
"100",2260,0.740593333333333,0.8109,0.0385283284770842,0,2.7153799533844,42.949275970459,2024,5,13,134,"2024-05-13",23.24,12.36,"2024-05-14",349,17.8,7.8,226.085,11.978,16.904,7.052,3.68765851306608,6.96782931321733,15.3206944444444,42.949275970459,2.7153799533844,349,0.0243,23.58,0.005,0.5397,3.748,0.1202,0.09997,4.67761069536209,20.8,3,97.721996307373,97.361996307373,NA,168,27.429085,244.604316547,6.77,0.0119207024,32.8,164,519,0.101,0.063,23.5,1.9,27.3,6.53
"101",2276,0.662193333333333,0.9317,0.216741865778055,0,1.34712195396423,42.8033485412598,2024,6,17,169,"2024-06-17",30.34,12.69,"2024-06-18",1218,21.515,11.515,350.98,15.8781666666667,21.6143333333333,10.142,4.7745754303341,7.25990887056057,13.6600416666667,42.8033485412598,1.34712195396423,1218,0.0281,42.78,0.0058,0.1986,4.576,0.032,0.01793,6.55541896820068,15.7,3,103.547229766846,103.187229766846,NA,179,47.966748,440.9937888,6.85,0.0088515012,62.17,233,182,1.19,0.558,21.7,2.22,57,17.4
"102",2312,0.292627272727273,0.6283,0.280252407985762,100,1.73446702957153,42.5280876159668,2024,6,24,176,"2024-06-24",18.86,5.77,"2024-06-25",2267,12.315,2.315,71.76,11.511,16.904,6.118,4.63068702248918,7.28221089917906,8.05093055555556,42.5280876159668,1.73446702957153,2267,3.809,2.264,0.0278,0.3023,0.4722,0.0418,0.05953,7.39,13.5,1,99.7996234893799,99.6796234893799,NA,172,7.635101,331.2101911,5.11,0.0123880868,36.96,195,509,0.088,0.038,8.55,0.588,28.6,3.09
"103",288,0.60818,0.7369,0.16428895363266,100,3.85678097784408,49.1281765661728,2024,6,5,157,"2024-06-05",19.32,10.8,"2024-06-06",193,15.06,5.06,206.725,14.4498333333333,18.7056666666667,10.194,3.3699906001084,6.70894527562649,12.179875,49.1281765661728,3.85678097784408,193,0.02,22.41,0.005,1.075,2.733,0.005,0.05695,1.73606291413307,13.9,79,33.6173224449158,24.1373224449158,NA,41.8,25.551677,235.6687898,8.08,0.0688285716,35.27,423,145,0.566,0.315,81.6,41.5,58,28.1
"104",291,0.608286666666667,0.8545,0.183265778376132,100,4.51525817503008,49.1161109411299,2024,4,14,105,"2024-04-14",18.57,8.6,"2024-04-17",143,13.585,3.585,53.075,10.4421666666667,14.6143333333333,6.27,3.5057727714042,6.88022321400855,12.4164583333333,49.1161109411299,4.51525817503008,143,0.02,12.51,0.005,0.2595,0.2814,0.005,0.01057,1.42333333333333,NA,786,105.403333333333,11.0833333333334,7.79,19.2,10.395504,191.126279863,8.48,0.0413807572,15.31,291,308,0.639,0.259,9.93,1.78,17.4,3
"105",291,0.608286666666667,0.8545,0.183265778376132,100,4.51525817503008,49.1161109411299,2024,4,15,106,"2024-04-15",13.32,5.13,"2024-04-17",143,9.225,0,53.075,10.4421666666667,14.6143333333333,6.27,3.5057727714042,6.88022321400855,12.4164583333333,49.1161109411299,4.51525817503008,143,0.02,12.51,0.005,0.2595,0.2814,0.005,0.01057,1.42333333333333,NA,786,105.403333333333,11.0833333333334,7.79,19.2,10.395504,191.126279863,8.48,0.0413807572,15.31,291,308,0.639,0.259,9.93,1.78,17.4,3
"106",291,0.608286666666667,0.8545,0.183265778376132,100,4.51525817503008,49.1161109411299,2024,4,16,107,"2024-04-16",11.19,3.92,"2024-04-17",143,7.555,0,53.075,10.4421666666667,14.6143333333333,6.27,3.5057727714042,6.88022321400855,12.4164583333333,49.1161109411299,4.51525817503008,143,0.02,12.51,0.005,0.2595,0.2814,0.005,0.01057,1.42333333333333,NA,786,105.403333333333,11.0833333333334,7.79,19.2,10.395504,191.126279863,8.48,0.0413807572,15.31,291,308,0.639,0.259,9.93,1.78,17.4,3
"107",391,0.38508,0.6418,0.120230797100529,100,2.33579524769974,48.844838275277,2024,4,14,105,"2024-04-14",19.38,8.49,"2024-04-22",47,13.935,3.935,78.075,10.648,15.2116666666667,6.08433333333333,2.94892174162053,6.52034297106717,12.9660694444444,48.844838275277,2.33579524769974,47,0.02,15.5,0.0131,0.1429,0.726,0.005,0.03207,1.52041763067245,NA,254,52.9897117614746,22.5097117614746,14.8,38.9,14.239606,157.728706625,8.39,0.0277035448,21.16,153,623,0.59,0.303,66.67,27.774,254.27,84.315
"108",391,0.38508,0.6418,0.120230797100529,100,2.33579524769974,48.844838275277,2024,4,15,106,"2024-04-15",14.45,5.21,"2024-04-22",47,9.83,0,78.075,10.648,15.2116666666667,6.08433333333333,2.94892174162053,6.52034297106717,12.9660694444444,48.844838275277,2.33579524769974,47,0.02,15.5,0.0131,0.1429,0.726,0.005,0.03207,1.52041763067245,NA,254,52.9897117614746,22.5097117614746,14.8,38.9,14.239606,157.728706625,8.39,0.0277035448,21.16,153,623,0.59,0.303,66.67,27.774,254.27,84.315
"109",391,0.38508,0.6418,0.120230797100529,100,2.33579524769974,48.844838275277,2024,4,16,107,"2024-04-16",13.15,4.24,"2024-04-22",47,8.695,0,78.075,10.648,15.2116666666667,6.08433333333333,2.94892174162053,6.52034297106717,12.9660694444444,48.844838275277,2.33579524769974,47,0.02,15.5,0.0131,0.1429,0.726,0.005,0.03207,1.52041763067245,NA,254,52.9897117614746,22.5097117614746,14.8,38.9,14.239606,157.728706625,8.39,0.0277035448,21.16,153,623,0.59,0.303,66.67,27.774,254.27,84.315
"110",391,0.38508,0.6418,0.120230797100529,100,2.33579524769974,48.844838275277,2024,4,17,108,"2024-04-17",10.85,4,"2024-04-22",47,7.425,0,78.075,10.648,15.2116666666667,6.08433333333333,2.94892174162053,6.52034297106717,12.9660694444444,48.844838275277,2.33579524769974,47,0.02,15.5,0.0131,0.1429,0.726,0.005,0.03207,1.52041763067245,NA,254,52.9897117614746,22.5097117614746,14.8,38.9,14.239606,157.728706625,8.39,0.0277035448,21.16,153,623,0.59,0.303,66.67,27.774,254.27,84.315
"111",391,0.38508,0.6418,0.120230797100529,100,2.33579524769974,48.844838275277,2024,4,18,109,"2024-04-18",13.25,3.53,"2024-04-22",47,8.39,0,78.075,10.648,15.2116666666667,6.08433333333333,2.94892174162053,6.52034297106717,12.9660694444444,48.844838275277,2.33579524769974,47,0.02,15.5,0.0131,0.1429,0.726,0.005,0.03207,1.52041763067245,NA,254,52.9897117614746,22.5097117614746,14.8,38.9,14.239606,157.728706625,8.39,0.0277035448,21.16,153,623,0.59,0.303,66.67,27.774,254.27,84.315
"112",391,0.38508,0.6418,0.120230797100529,100,2.33579524769974,48.844838275277,2024,4,19,110,"2024-04-19",13.47,3.74,"2024-04-22",47,8.605,0,78.075,10.648,15.2116666666667,6.08433333333333,2.94892174162053,6.52034297106717,12.9660694444444,48.844838275277,2.33579524769974,47,0.02,15.5,0.0131,0.1429,0.726,0.005,0.03207,1.52041763067245,NA,254,52.9897117614746,22.5097117614746,14.8,38.9,14.239606,157.728706625,8.39,0.0277035448,21.16,153,623,0.59,0.303,66.67,27.774,254.27,84.315
"113",391,0.38508,0.6418,0.120230797100529,100,2.33579524769974,48.844838275277,2024,4,20,111,"2024-04-20",12,1.63,"2024-04-22",47,6.815,0,78.075,10.648,15.2116666666667,6.08433333333333,2.94892174162053,6.52034297106717,12.9660694444444,48.844838275277,2.33579524769974,47,0.02,15.5,0.0131,0.1429,0.726,0.005,0.03207,1.52041763067245,NA,254,52.9897117614746,22.5097117614746,14.8,38.9,14.239606,157.728706625,8.39,0.0277035448,21.16,153,623,0.59,0.303,66.67,27.774,254.27,84.315
"114",391,0.38508,0.6418,0.120230797100529,100,2.33579524769974,48.844838275277,2024,4,21,112,"2024-04-21",11.26,1.96,"2024-04-22",47,6.61,0,78.075,10.648,15.2116666666667,6.08433333333333,2.94892174162053,6.52034297106717,12.9660694444444,48.844838275277,2.33579524769974,47,0.02,15.5,0.0131,0.1429,0.726,0.005,0.03207,1.52041763067245,NA,254,52.9897117614746,22.5097117614746,14.8,38.9,14.239606,157.728706625,8.39,0.0277035448,21.16,153,623,0.59,0.303,66.67,27.774,254.27,84.315
"115",400,0.579606666666667,0.7437,0.126555337792641,100,4.28350622064533,48.8342724406152,2024,5,30,151,"2024-05-30",16.97,10.37,"2024-05-31",143,13.67,3.67,181.43,13.9276666666667,18.0903333333333,9.765,3.62671467733698,6.91825271111857,12.2376944444444,48.8342724406152,4.28350622064533,143,0.02,14.15,0.005,0.861,0.605,0.005,0.01525,1.71776900688807,8.84,805.333333333333,111.82562192281,15.1856219228103,NA,26.3,11.962296,177.257525084,8.39,0.0702948756,14.43,298,311,0.658,0.191,6.46,0.649,13.3,1.33
"116",408,0.572726666666667,0.8406,0.213894878943128,100,6.02441183229234,48.7932010535351,2024,3,22,82,"2024-03-22",17.49,5.29,"2024-03-27",274,11.39,1.39,7.625,7.64783333333333,11.6826666666667,3.613,4.15711074587065,7.23428184553277,11.8629027777778,48.7932010535351,6.02441183229234,274,0.02,15.27,0.005,0.4094,0.7273,0.0862,0.03665,1.58390179276466,NA,1,16.8776226043701,16.7576226043701,10.6,29,16.760518,237.142857143,7.2,0.0329320532,26.43,285,40,0.391,0.223,14.2,2.9,28,6.29
"117",408,0.572726666666667,0.8406,0.213894878943128,100,6.02441183229234,48.7932010535351,2024,3,23,83,"2024-03-23",8.17,2.98,"2024-03-27",274,5.575,0,7.625,7.64783333333333,11.6826666666667,3.613,4.15711074587065,7.23428184553277,11.8629027777778,48.7932010535351,6.02441183229234,274,0.02,15.27,0.005,0.4094,0.7273,0.0862,0.03665,1.58390179276466,NA,1,16.8776226043701,16.7576226043701,10.6,29,16.760518,237.142857143,7.2,0.0329320532,26.43,285,40,0.391,0.223,14.2,2.9,28,6.29
"118",408,0.572726666666667,0.8406,0.213894878943128,100,6.02441183229234,48.7932010535351,2024,3,24,84,"2024-03-24",8.07,1.38,"2024-03-27",274,4.725,0,7.625,7.64783333333333,11.6826666666667,3.613,4.15711074587065,7.23428184553277,11.8629027777778,48.7932010535351,6.02441183229234,274,0.02,15.27,0.005,0.4094,0.7273,0.0862,0.03665,1.58390179276466,NA,1,16.8776226043701,16.7576226043701,10.6,29,16.760518,237.142857143,7.2,0.0329320532,26.43,285,40,0.391,0.223,14.2,2.9,28,6.29
"119",408,0.572726666666667,0.8406,0.213894878943128,100,6.02441183229234,48.7932010535351,2024,3,25,85,"2024-03-25",11.1,0.17,"2024-03-27",274,5.635,0,7.625,7.64783333333333,11.6826666666667,3.613,4.15711074587065,7.23428184553277,11.8629027777778,48.7932010535351,6.02441183229234,274,0.02,15.27,0.005,0.4094,0.7273,0.0862,0.03665,1.58390179276466,NA,1,16.8776226043701,16.7576226043701,10.6,29,16.760518,237.142857143,7.2,0.0329320532,26.43,285,40,0.391,0.223,14.2,2.9,28,6.29
"120",408,0.572726666666667,0.8406,0.213894878943128,100,6.02441183229234,48.7932010535351,2024,3,26,86,"2024-03-26",14.28,3.31,"2024-03-27",274,8.795,0,7.625,7.64783333333333,11.6826666666667,3.613,4.15711074587065,7.23428184553277,11.8629027777778,48.7932010535351,6.02441183229234,274,0.02,15.27,0.005,0.4094,0.7273,0.0862,0.03665,1.58390179276466,NA,1,16.8776226043701,16.7576226043701,10.6,29,16.760518,237.142857143,7.2,0.0329320532,26.43,285,40,0.391,0.223,14.2,2.9,28,6.29
"121",423,0.668233333333333,0.8807,0.177963229214299,100,-3.97184170007459,48.5339381716991,2024,3,21,81,"2024-03-21",15.51,6.59,"2024-04-03",122,11.05,1.05,35.47,9.21483333333333,12.15,6.27966666666667,3.31026025921985,4.87621421107648,12.8624027777778,48.5339381716991,-3.97184170007459,122,0.1678,5.167,0.0092,0.4836,1.151,0.078,0.09149,2.733513712883,NA,1,27.324001789093,27.324001789093,10,47.3,6.400511,283.737024221,6.14,0.0591828224,20.06,137,141,0.176,0.103,14.1,3.01,18.9,2.83
"122",423,0.668233333333333,0.8807,0.177963229214299,100,-3.97184170007459,48.5339381716991,2024,3,22,82,"2024-03-22",11.91,5.5,"2024-04-03",122,8.705,0,35.47,9.21483333333333,12.15,6.27966666666667,3.31026025921985,4.87621421107648,12.8624027777778,48.5339381716991,-3.97184170007459,122,0.1678,5.167,0.0092,0.4836,1.151,0.078,0.09149,2.733513712883,NA,1,27.324001789093,27.324001789093,10,47.3,6.400511,283.737024221,6.14,0.0591828224,20.06,137,141,0.176,0.103,14.1,3.01,18.9,2.83
"123",423,0.668233333333333,0.8807,0.177963229214299,100,-3.97184170007459,48.5339381716991,2024,3,23,83,"2024-03-23",10.04,4.87,"2024-04-03",122,7.455,0,35.47,9.21483333333333,12.15,6.27966666666667,3.31026025921985,4.87621421107648,12.8624027777778,48.5339381716991,-3.97184170007459,122,0.1678,5.167,0.0092,0.4836,1.151,0.078,0.09149,2.733513712883,NA,1,27.324001789093,27.324001789093,10,47.3,6.400511,283.737024221,6.14,0.0591828224,20.06,137,141,0.176,0.103,14.1,3.01,18.9,2.83
"124",423,0.668233333333333,0.8807,0.177963229214299,100,-3.97184170007459,48.5339381716991,2024,3,24,84,"2024-03-24",11.29,5.66,"2024-04-03",122,8.475,0,35.47,9.21483333333333,12.15,6.27966666666667,3.31026025921985,4.87621421107648,12.8624027777778,48.5339381716991,-3.97184170007459,122,0.1678,5.167,0.0092,0.4836,1.151,0.078,0.09149,2.733513712883,NA,1,27.324001789093,27.324001789093,10,47.3,6.400511,283.737024221,6.14,0.0591828224,20.06,137,141,0.176,0.103,14.1,3.01,18.9,2.83
"125",423,0.668233333333333,0.8807,0.177963229214299,100,-3.97184170007459,48.5339381716991,2024,3,25,85,"2024-03-25",9.86,6.62,"2024-04-03",122,8.24,0,35.47,9.21483333333333,12.15,6.27966666666667,3.31026025921985,4.87621421107648,12.8624027777778,48.5339381716991,-3.97184170007459,122,0.1678,5.167,0.0092,0.4836,1.151,0.078,0.09149,2.733513712883,NA,1,27.324001789093,27.324001789093,10,47.3,6.400511,283.737024221,6.14,0.0591828224,20.06,137,141,0.176,0.103,14.1,3.01,18.9,2.83
"126",423,0.668233333333333,0.8807,0.177963229214299,100,-3.97184170007459,48.5339381716991,2024,3,26,86,"2024-03-26",10.02,4.51,"2024-04-03",122,7.265,0,35.47,9.21483333333333,12.15,6.27966666666667,3.31026025921985,4.87621421107648,12.8624027777778,48.5339381716991,-3.97184170007459,122,0.1678,5.167,0.0092,0.4836,1.151,0.078,0.09149,2.733513712883,NA,1,27.324001789093,27.324001789093,10,47.3,6.400511,283.737024221,6.14,0.0591828224,20.06,137,141,0.176,0.103,14.1,3.01,18.9,2.83
"127",423,0.668233333333333,0.8807,0.177963229214299,100,-3.97184170007459,48.5339381716991,2024,3,27,87,"2024-03-27",8.61,3.61,"2024-04-03",122,6.11,0,35.47,9.21483333333333,12.15,6.27966666666667,3.31026025921985,4.87621421107648,12.8624027777778,48.5339381716991,-3.97184170007459,122,0.1678,5.167,0.0092,0.4836,1.151,0.078,0.09149,2.733513712883,NA,1,27.324001789093,27.324001789093,10,47.3,6.400511,283.737024221,6.14,0.0591828224,20.06,137,141,0.176,0.103,14.1,3.01,18.9,2.83
"128",423,0.668233333333333,0.8807,0.177963229214299,100,-3.97184170007459,48.5339381716991,2024,3,28,88,"2024-03-28",9.95,4.21,"2024-04-03",122,7.08,0,35.47,9.21483333333333,12.15,6.27966666666667,3.31026025921985,4.87621421107648,12.8624027777778,48.5339381716991,-3.97184170007459,122,0.1678,5.167,0.0092,0.4836,1.151,0.078,0.09149,2.733513712883,NA,1,27.324001789093,27.324001789093,10,47.3,6.400511,283.737024221,6.14,0.0591828224,20.06,137,141,0.176,0.103,14.1,3.01,18.9,2.83
"129",423,0.668233333333333,0.8807,0.177963229214299,100,-3.97184170007459,48.5339381716991,2024,3,29,89,"2024-03-29",11.91,5.5,"2024-04-03",122,8.705,0,35.47,9.21483333333333,12.15,6.27966666666667,3.31026025921985,4.87621421107648,12.8624027777778,48.5339381716991,-3.97184170007459,122,0.1678,5.167,0.0092,0.4836,1.151,0.078,0.09149,2.733513712883,NA,1,27.324001789093,27.324001789093,10,47.3,6.400511,283.737024221,6.14,0.0591828224,20.06,137,141,0.176,0.103,14.1,3.01,18.9,2.83
"130",423,0.668233333333333,0.8807,0.177963229214299,100,-3.97184170007459,48.5339381716991,2024,3,30,90,"2024-03-30",11.42,3.72,"2024-04-03",122,7.57,0,35.47,9.21483333333333,12.15,6.27966666666667,3.31026025921985,4.87621421107648,12.8624027777778,48.5339381716991,-3.97184170007459,122,0.1678,5.167,0.0092,0.4836,1.151,0.078,0.09149,2.733513712883,NA,1,27.324001789093,27.324001789093,10,47.3,6.400511,283.737024221,6.14,0.0591828224,20.06,137,141,0.176,0.103,14.1,3.01,18.9,2.83
"131",423,0.668233333333333,0.8807,0.177963229214299,100,-3.97184170007459,48.5339381716991,2024,3,31,91,"2024-03-31",10.01,5.62,"2024-04-03",122,7.815,0,35.47,9.21483333333333,12.15,6.27966666666667,3.31026025921985,4.87621421107648,12.8624027777778,48.5339381716991,-3.97184170007459,122,0.1678,5.167,0.0092,0.4836,1.151,0.078,0.09149,2.733513712883,NA,1,27.324001789093,27.324001789093,10,47.3,6.400511,283.737024221,6.14,0.0591828224,20.06,137,141,0.176,0.103,14.1,3.01,18.9,2.83
"132",423,0.668233333333333,0.8807,0.177963229214299,100,-3.97184170007459,48.5339381716991,2024,4,1,92,"2024-04-01",11.64,6.26,"2024-04-03",122,8.95,0,35.47,9.21483333333333,12.15,6.27966666666667,3.31026025921985,4.87621421107648,12.8624027777778,48.5339381716991,-3.97184170007459,122,0.1678,5.167,0.0092,0.4836,1.151,0.078,0.09149,2.733513712883,NA,1,27.324001789093,27.324001789093,10,47.3,6.400511,283.737024221,6.14,0.0591828224,20.06,137,141,0.176,0.103,14.1,3.01,18.9,2.83
"133",423,0.668233333333333,0.8807,0.177963229214299,100,-3.97184170007459,48.5339381716991,2024,4,2,93,"2024-04-02",11.72,8.15,"2024-04-03",122,9.935,0,35.47,9.21483333333333,12.15,6.27966666666667,3.31026025921985,4.87621421107648,12.8624027777778,48.5339381716991,-3.97184170007459,122,0.1678,5.167,0.0092,0.4836,1.151,0.078,0.09149,2.733513712883,NA,1,27.324001789093,27.324001789093,10,47.3,6.400511,283.737024221,6.14,0.0591828224,20.06,137,141,0.176,0.103,14.1,3.01,18.9,2.83
"134",476,0.486526666666667,0.8039,0.22134807581424,100,7.53207205813478,48.5925618400509,2024,4,15,106,"2024-04-15",17.59,6.04,"2024-04-26",183,11.815,1.815,73.985,10.1131666666667,14.987,5.23933333333333,3.35739256857916,7.57459699564236,12.5971388888889,48.5925618400509,7.53207205813478,183,0.0252,19.04,0.0052,0.4749,1.491,0.005,0.04671,1.39078795909882,9.16,10,13.9332354068756,12.7332354068756,NA,22,18.95277,183.279742765,8.15,0.0173276984,27.38,282,53,0.251,0.156,23.9,7.18,27.6,7.83
"135",476,0.486526666666667,0.8039,0.22134807581424,100,7.53207205813478,48.5925618400509,2024,4,16,107,"2024-04-16",11.43,4.65,"2024-04-26",183,8.04,0,73.985,10.1131666666667,14.987,5.23933333333333,3.35739256857916,7.57459699564236,12.5971388888889,48.5925618400509,7.53207205813478,183,0.0252,19.04,0.0052,0.4749,1.491,0.005,0.04671,1.39078795909882,9.16,10,13.9332354068756,12.7332354068756,NA,22,18.95277,183.279742765,8.15,0.0173276984,27.38,282,53,0.251,0.156,23.9,7.18,27.6,7.83
"136",476,0.486526666666667,0.8039,0.22134807581424,100,7.53207205813478,48.5925618400509,2024,4,17,108,"2024-04-17",8.02,3.22,"2024-04-26",183,5.62,0,73.985,10.1131666666667,14.987,5.23933333333333,3.35739256857916,7.57459699564236,12.5971388888889,48.5925618400509,7.53207205813478,183,0.0252,19.04,0.0052,0.4749,1.491,0.005,0.04671,1.39078795909882,9.16,10,13.9332354068756,12.7332354068756,NA,22,18.95277,183.279742765,8.15,0.0173276984,27.38,282,53,0.251,0.156,23.9,7.18,27.6,7.83
"137",476,0.486526666666667,0.8039,0.22134807581424,100,7.53207205813478,48.5925618400509,2024,4,18,109,"2024-04-18",9.03,2.35,"2024-04-26",183,5.69,0,73.985,10.1131666666667,14.987,5.23933333333333,3.35739256857916,7.57459699564236,12.5971388888889,48.5925618400509,7.53207205813478,183,0.0252,19.04,0.0052,0.4749,1.491,0.005,0.04671,1.39078795909882,9.16,10,13.9332354068756,12.7332354068756,NA,22,18.95277,183.279742765,8.15,0.0173276984,27.38,282,53,0.251,0.156,23.9,7.18,27.6,7.83
"138",476,0.486526666666667,0.8039,0.22134807581424,100,7.53207205813478,48.5925618400509,2024,4,19,110,"2024-04-19",8.95,3.24,"2024-04-26",183,6.095,0,73.985,10.1131666666667,14.987,5.23933333333333,3.35739256857916,7.57459699564236,12.5971388888889,48.5925618400509,7.53207205813478,183,0.0252,19.04,0.0052,0.4749,1.491,0.005,0.04671,1.39078795909882,9.16,10,13.9332354068756,12.7332354068756,NA,22,18.95277,183.279742765,8.15,0.0173276984,27.38,282,53,0.251,0.156,23.9,7.18,27.6,7.83
"139",476,0.486526666666667,0.8039,0.22134807581424,100,7.53207205813478,48.5925618400509,2024,4,20,111,"2024-04-20",9.42,2.88,"2024-04-26",183,6.15,0,73.985,10.1131666666667,14.987,5.23933333333333,3.35739256857916,7.57459699564236,12.5971388888889,48.5925618400509,7.53207205813478,183,0.0252,19.04,0.0052,0.4749,1.491,0.005,0.04671,1.39078795909882,9.16,10,13.9332354068756,12.7332354068756,NA,22,18.95277,183.279742765,8.15,0.0173276984,27.38,282,53,0.251,0.156,23.9,7.18,27.6,7.83
"140",476,0.486526666666667,0.8039,0.22134807581424,100,7.53207205813478,48.5925618400509,2024,4,21,112,"2024-04-21",6.38,2.2,"2024-04-26",183,4.29,0,73.985,10.1131666666667,14.987,5.23933333333333,3.35739256857916,7.57459699564236,12.5971388888889,48.5925618400509,7.53207205813478,183,0.0252,19.04,0.0052,0.4749,1.491,0.005,0.04671,1.39078795909882,9.16,10,13.9332354068756,12.7332354068756,NA,22,18.95277,183.279742765,8.15,0.0173276984,27.38,282,53,0.251,0.156,23.9,7.18,27.6,7.83
"141",476,0.486526666666667,0.8039,0.22134807581424,100,7.53207205813478,48.5925618400509,2024,4,22,113,"2024-04-22",8.8,-0.41,"2024-04-26",183,4.195,0,73.985,10.1131666666667,14.987,5.23933333333333,3.35739256857916,7.57459699564236,12.5971388888889,48.5925618400509,7.53207205813478,183,0.0252,19.04,0.0052,0.4749,1.491,0.005,0.04671,1.39078795909882,9.16,10,13.9332354068756,12.7332354068756,NA,22,18.95277,183.279742765,8.15,0.0173276984,27.38,282,53,0.251,0.156,23.9,7.18,27.6,7.83
"142",476,0.486526666666667,0.8039,0.22134807581424,100,7.53207205813478,48.5925618400509,2024,4,23,114,"2024-04-23",10.84,-1.6,"2024-04-26",183,4.62,0,73.985,10.1131666666667,14.987,5.23933333333333,3.35739256857916,7.57459699564236,12.5971388888889,48.5925618400509,7.53207205813478,183,0.0252,19.04,0.0052,0.4749,1.491,0.005,0.04671,1.39078795909882,9.16,10,13.9332354068756,12.7332354068756,NA,22,18.95277,183.279742765,8.15,0.0173276984,27.38,282,53,0.251,0.156,23.9,7.18,27.6,7.83
"143",476,0.486526666666667,0.8039,0.22134807581424,100,7.53207205813478,48.5925618400509,2024,4,24,115,"2024-04-24",8.19,-0.85,"2024-04-26",183,3.67,0,73.985,10.1131666666667,14.987,5.23933333333333,3.35739256857916,7.57459699564236,12.5971388888889,48.5925618400509,7.53207205813478,183,0.0252,19.04,0.0052,0.4749,1.491,0.005,0.04671,1.39078795909882,9.16,10,13.9332354068756,12.7332354068756,NA,22,18.95277,183.279742765,8.15,0.0173276984,27.38,282,53,0.251,0.156,23.9,7.18,27.6,7.83
"144",476,0.486526666666667,0.8039,0.22134807581424,100,7.53207205813478,48.5925618400509,2024,4,25,116,"2024-04-25",10.96,1.21,"2024-04-26",183,6.085,0,73.985,10.1131666666667,14.987,5.23933333333333,3.35739256857916,7.57459699564236,12.5971388888889,48.5925618400509,7.53207205813478,183,0.0252,19.04,0.0052,0.4749,1.491,0.005,0.04671,1.39078795909882,9.16,10,13.9332354068756,12.7332354068756,NA,22,18.95277,183.279742765,8.15,0.0173276984,27.38,282,53,0.251,0.156,23.9,7.18,27.6,7.83
"145",609,0.74926,0.8596,0.102739169050284,100,-1.9822890094208,48.1951376535824,2024,3,22,82,"2024-03-22",16.06,5.41,"2024-03-25",71,10.735,0.734999999999999,42.64,8.95183333333333,13.247,4.65666666666667,3.85835007600253,5.90794996935924,13.5775277777778,48.1951376535824,-1.9822890094208,71,0.02,12.97,0.005,1.269,1.859,0.0168,0.09913,2.96757519245148,NA,2,30.8034467697144,30.5634467697144,10.3,52.9,14.43321,312.883435583,7.46,0.0574485688,19.37,189,131,0.138,0.082,18.7,4.56,22.7,2.87
"146",609,0.74926,0.8596,0.102739169050284,100,-1.9822890094208,48.1951376535824,2024,3,23,83,"2024-03-23",11.93,3.91,"2024-03-25",71,7.92,0,42.64,8.95183333333333,13.247,4.65666666666667,3.85835007600253,5.90794996935924,13.5775277777778,48.1951376535824,-1.9822890094208,71,0.02,12.97,0.005,1.269,1.859,0.0168,0.09913,2.96757519245148,NA,2,30.8034467697144,30.5634467697144,10.3,52.9,14.43321,312.883435583,7.46,0.0574485688,19.37,189,131,0.138,0.082,18.7,4.56,22.7,2.87
"147",609,0.74926,0.8596,0.102739169050284,100,-1.9822890094208,48.1951376535824,2024,3,24,84,"2024-03-24",13.49,3.44,"2024-03-25",71,8.465,0,42.64,8.95183333333333,13.247,4.65666666666667,3.85835007600253,5.90794996935924,13.5775277777778,48.1951376535824,-1.9822890094208,71,0.02,12.97,0.005,1.269,1.859,0.0168,0.09913,2.96757519245148,NA,2,30.8034467697144,30.5634467697144,10.3,52.9,14.43321,312.883435583,7.46,0.0574485688,19.37,189,131,0.138,0.082,18.7,4.56,22.7,2.87
"148",620,0.67684,0.8459,0.144757831271008,0,0.383482346651963,48.2601626337537,2024,3,22,82,"2024-03-22",15.42,6.11,"2024-03-28",89,10.765,0.765000000000001,17.41,7.75483333333333,11.5426666666667,3.967,4.01507320872369,6.49376969210531,12.4596805555556,48.2601626337537,0.383482346651963,89,0.1132,5.586,0.0061,0.4187,0.8507,0.2148,0.04276,1.46254941821098,NA,1,22.3286056518555,22.3286056518555,15.3,38.6,7.605707,262.108262108,5.79,0.0090103508,16.36,132,447,0.054,0.044,5.32,0.747,18.3,5.81
"149",620,0.67684,0.8459,0.144757831271008,0,0.383482346651963,48.2601626337537,2024,3,23,83,"2024-03-23",9.92,3.61,"2024-03-28",89,6.765,0,17.41,7.75483333333333,11.5426666666667,3.967,4.01507320872369,6.49376969210531,12.4596805555556,48.2601626337537,0.383482346651963,89,0.1132,5.586,0.0061,0.4187,0.8507,0.2148,0.04276,1.46254941821098,NA,1,22.3286056518555,22.3286056518555,15.3,38.6,7.605707,262.108262108,5.79,0.0090103508,16.36,132,447,0.054,0.044,5.32,0.747,18.3,5.81
"150",620,0.67684,0.8459,0.144757831271008,0,0.383482346651963,48.2601626337537,2024,3,24,84,"2024-03-24",11.2,3.22,"2024-03-28",89,7.21,0,17.41,7.75483333333333,11.5426666666667,3.967,4.01507320872369,6.49376969210531,12.4596805555556,48.2601626337537,0.383482346651963,89,0.1132,5.586,0.0061,0.4187,0.8507,0.2148,0.04276,1.46254941821098,NA,1,22.3286056518555,22.3286056518555,15.3,38.6,7.605707,262.108262108,5.79,0.0090103508,16.36,132,447,0.054,0.044,5.32,0.747,18.3,5.81
"151",620,0.67684,0.8459,0.144757831271008,0,0.383482346651963,48.2601626337537,2024,3,25,85,"2024-03-25",9.94,1.55,"2024-03-28",89,5.745,0,17.41,7.75483333333333,11.5426666666667,3.967,4.01507320872369,6.49376969210531,12.4596805555556,48.2601626337537,0.383482346651963,89,0.1132,5.586,0.0061,0.4187,0.8507,0.2148,0.04276,1.46254941821098,NA,1,22.3286056518555,22.3286056518555,15.3,38.6,7.605707,262.108262108,5.79,0.0090103508,16.36,132,447,0.054,0.044,5.32,0.747,18.3,5.81
"152",620,0.67684,0.8459,0.144757831271008,0,0.383482346651963,48.2601626337537,2024,3,26,86,"2024-03-26",8.61,3.97,"2024-03-28",89,6.29,0,17.41,7.75483333333333,11.5426666666667,3.967,4.01507320872369,6.49376969210531,12.4596805555556,48.2601626337537,0.383482346651963,89,0.1132,5.586,0.0061,0.4187,0.8507,0.2148,0.04276,1.46254941821098,NA,1,22.3286056518555,22.3286056518555,15.3,38.6,7.605707,262.108262108,5.79,0.0090103508,16.36,132,447,0.054,0.044,5.32,0.747,18.3,5.81
"153",620,0.67684,0.8459,0.144757831271008,0,0.383482346651963,48.2601626337537,2024,3,27,87,"2024-03-27",10.56,3.58,"2024-03-28",89,7.07,0,17.41,7.75483333333333,11.5426666666667,3.967,4.01507320872369,6.49376969210531,12.4596805555556,48.2601626337537,0.383482346651963,89,0.1132,5.586,0.0061,0.4187,0.8507,0.2148,0.04276,1.46254941821098,NA,1,22.3286056518555,22.3286056518555,15.3,38.6,7.605707,262.108262108,5.79,0.0090103508,16.36,132,447,0.054,0.044,5.32,0.747,18.3,5.81
"154",633,0.637613333333333,0.786,0.09150664196554,0,3.18548869500691,48.2742531650272,2024,4,14,105,"2024-04-14",19.66,8.74,"2024-04-23",154,14.2,4.2,72.815,10.1903333333333,14.5566666666667,5.824,3.05141217998074,6.89596818874161,13.0201944444444,48.2742531650272,3.18548869500691,154,0.0632,35.01,0.0108,0.2267,1.267,0.0169,0.05359,2.78592258691788,NA,52,44.0243816375732,37.7843816375732,13.6,65.4,34.390265,279.605263158,7.85,0.0049609952,53.48,613,200,1.31,0.744,20.7,1.71,40.3,10.2
"155",633,0.637613333333333,0.786,0.09150664196554,0,3.18548869500691,48.2742531650272,2024,4,15,106,"2024-04-15",14.2,5.51,"2024-04-23",154,9.855,0,72.815,10.1903333333333,14.5566666666667,5.824,3.05141217998074,6.89596818874161,13.0201944444444,48.2742531650272,3.18548869500691,154,0.0632,35.01,0.0108,0.2267,1.267,0.0169,0.05359,2.78592258691788,NA,52,44.0243816375732,37.7843816375732,13.6,65.4,34.390265,279.605263158,7.85,0.0049609952,53.48,613,200,1.31,0.744,20.7,1.71,40.3,10.2
"156",633,0.637613333333333,0.786,0.09150664196554,0,3.18548869500691,48.2742531650272,2024,4,16,107,"2024-04-16",12.86,4,"2024-04-23",154,8.43,0,72.815,10.1903333333333,14.5566666666667,5.824,3.05141217998074,6.89596818874161,13.0201944444444,48.2742531650272,3.18548869500691,154,0.0632,35.01,0.0108,0.2267,1.267,0.0169,0.05359,2.78592258691788,NA,52,44.0243816375732,37.7843816375732,13.6,65.4,34.390265,279.605263158,7.85,0.0049609952,53.48,613,200,1.31,0.744,20.7,1.71,40.3,10.2
"157",633,0.637613333333333,0.786,0.09150664196554,0,3.18548869500691,48.2742531650272,2024,4,17,108,"2024-04-17",10.16,2.69,"2024-04-23",154,6.425,0,72.815,10.1903333333333,14.5566666666667,5.824,3.05141217998074,6.89596818874161,13.0201944444444,48.2742531650272,3.18548869500691,154,0.0632,35.01,0.0108,0.2267,1.267,0.0169,0.05359,2.78592258691788,NA,52,44.0243816375732,37.7843816375732,13.6,65.4,34.390265,279.605263158,7.85,0.0049609952,53.48,613,200,1.31,0.744,20.7,1.71,40.3,10.2
"158",633,0.637613333333333,0.786,0.09150664196554,0,3.18548869500691,48.2742531650272,2024,4,18,109,"2024-04-18",11.81,2.97,"2024-04-23",154,7.39,0,72.815,10.1903333333333,14.5566666666667,5.824,3.05141217998074,6.89596818874161,13.0201944444444,48.2742531650272,3.18548869500691,154,0.0632,35.01,0.0108,0.2267,1.267,0.0169,0.05359,2.78592258691788,NA,52,44.0243816375732,37.7843816375732,13.6,65.4,34.390265,279.605263158,7.85,0.0049609952,53.48,613,200,1.31,0.744,20.7,1.71,40.3,10.2
"159",633,0.637613333333333,0.786,0.09150664196554,0,3.18548869500691,48.2742531650272,2024,4,19,110,"2024-04-19",12.75,3.84,"2024-04-23",154,8.295,0,72.815,10.1903333333333,14.5566666666667,5.824,3.05141217998074,6.89596818874161,13.0201944444444,48.2742531650272,3.18548869500691,154,0.0632,35.01,0.0108,0.2267,1.267,0.0169,0.05359,2.78592258691788,NA,52,44.0243816375732,37.7843816375732,13.6,65.4,34.390265,279.605263158,7.85,0.0049609952,53.48,613,200,1.31,0.744,20.7,1.71,40.3,10.2
"160",633,0.637613333333333,0.786,0.09150664196554,0,3.18548869500691,48.2742531650272,2024,4,20,111,"2024-04-20",10.95,1.56,"2024-04-23",154,6.255,0,72.815,10.1903333333333,14.5566666666667,5.824,3.05141217998074,6.89596818874161,13.0201944444444,48.2742531650272,3.18548869500691,154,0.0632,35.01,0.0108,0.2267,1.267,0.0169,0.05359,2.78592258691788,NA,52,44.0243816375732,37.7843816375732,13.6,65.4,34.390265,279.605263158,7.85,0.0049609952,53.48,613,200,1.31,0.744,20.7,1.71,40.3,10.2
"161",633,0.637613333333333,0.786,0.09150664196554,0,3.18548869500691,48.2742531650272,2024,4,21,112,"2024-04-21",9.89,1.81,"2024-04-23",154,5.85,0,72.815,10.1903333333333,14.5566666666667,5.824,3.05141217998074,6.89596818874161,13.0201944444444,48.2742531650272,3.18548869500691,154,0.0632,35.01,0.0108,0.2267,1.267,0.0169,0.05359,2.78592258691788,NA,52,44.0243816375732,37.7843816375732,13.6,65.4,34.390265,279.605263158,7.85,0.0049609952,53.48,613,200,1.31,0.744,20.7,1.71,40.3,10.2
"162",633,0.637613333333333,0.786,0.09150664196554,0,3.18548869500691,48.2742531650272,2024,4,22,113,"2024-04-22",9.61,0.13,"2024-04-23",154,4.87,0,72.815,10.1903333333333,14.5566666666667,5.824,3.05141217998074,6.89596818874161,13.0201944444444,48.2742531650272,3.18548869500691,154,0.0632,35.01,0.0108,0.2267,1.267,0.0169,0.05359,2.78592258691788,NA,52,44.0243816375732,37.7843816375732,13.6,65.4,34.390265,279.605263158,7.85,0.0049609952,53.48,613,200,1.31,0.744,20.7,1.71,40.3,10.2
"163",644,0.662026666666667,0.8943,0.213536599294115,0,5.55313038104552,48.230551833153,2024,6,11,163,"2024-06-11",16.53,5.65,"2024-06-12",435,11.09,1.09,210.39,13.8551666666667,18.2956666666667,9.41466666666667,3.59571071806951,6.83411918732347,11.4055555555556,48.230551833153,5.55313038104552,435,0.0759,15.26,0.0054,0.2221,0.6182,0.0741,0.04693,1.89844444394112,12.9,2,24.6918654441833,24.4518654441834,NA,42.3,17.389666,228.0701754,6.03,0.0033148944,26.84,377,15,0.375,0.201,13.9,1.62,31.9,8.51
"164",730,0.580973333333333,0.7877,0.128811709021162,100,-0.676113973755391,47.9484894161672,2024,4,10,101,"2024-04-10",15.32,5.59,"2024-04-11",76,10.455,0.455,58.275,11.0058333333333,15.1816666666667,6.83,3.67082913589612,6.15189848442465,13.2959027777778,47.9484894161672,-0.676113973755391,76,0.0905,12.1,0.009,0.3368,1.334,0.0781,0.05387,3.17617416381836,NA,1,28.9062023162842,28.9062023162842,9.1,50,13.433192,322.695035461,6.41,0.0107459136,29.15,448,128,0.24,0.094,23.9,3.529,43.9,5.192
"165",788,0.774573333333333,0.892,0.0860349137324632,100,-0.027466457254098,47.8193557784935,2024,4,14,105,"2024-04-14",19.28,7.69,"2024-04-16",38,13.485,3.485,77.72,11.108,15.5326666666667,6.68333333333333,3.44403685196643,6.4727130232197,13.4441805555556,47.8193557784935,-0.027466457254098,38,0.0474,2.812,0.0072,0.1146,0.1949,0.176,0.02514,0.98678432404995,NA,1,10.7827746868134,10.7827746868134,10.9,18.7,3.44447,186.206896552,6.39,0.0201372416,8.87,62,864,0.133,0.089,3.82,0.919,12.1,2.54
"166",788,0.774573333333333,0.892,0.0860349137324632,100,-0.027466457254098,47.8193557784935,2024,4,15,106,"2024-04-15",14.19,5.22,"2024-04-16",38,9.705,0,77.72,11.108,15.5326666666667,6.68333333333333,3.44403685196643,6.4727130232197,13.4441805555556,47.8193557784935,-0.027466457254098,38,0.0474,2.812,0.0072,0.1146,0.1949,0.176,0.02514,0.98678432404995,NA,1,10.7827746868134,10.7827746868134,10.9,18.7,3.44447,186.206896552,6.39,0.0201372416,8.87,62,864,0.133,0.089,3.82,0.919,12.1,2.54
"167",792,0.703573333333333,0.8194,0.0800973288895335,0,0.826715632239393,47.8334896790882,2024,3,22,82,"2024-03-22",16.48,6.74,"2024-03-27",136,11.61,1.61,25.97,8.16733333333333,12.1076666666667,4.227,3.97152821281601,6.7360371771238,13.1935277777778,47.8334896790882,0.826715632239393,136,1.339,1.711,0.0188,0.1338,0.2099,0.1699,0.01182,1.05408303439617,NA,1,23.255569934845,23.255569934845,22.1,40.2,3.480738,217.791411043,5.05,0.006308162,10.6,110,235,0.038,0.024,3.81,0.381,17.7,6.28
"168",792,0.703573333333333,0.8194,0.0800973288895335,0,0.826715632239393,47.8334896790882,2024,3,23,83,"2024-03-23",10.47,4.12,"2024-03-27",136,7.295,0,25.97,8.16733333333333,12.1076666666667,4.227,3.97152821281601,6.7360371771238,13.1935277777778,47.8334896790882,0.826715632239393,136,1.339,1.711,0.0188,0.1338,0.2099,0.1699,0.01182,1.05408303439617,NA,1,23.255569934845,23.255569934845,22.1,40.2,3.480738,217.791411043,5.05,0.006308162,10.6,110,235,0.038,0.024,3.81,0.381,17.7,6.28
"169",792,0.703573333333333,0.8194,0.0800973288895335,0,0.826715632239393,47.8334896790882,2024,3,24,84,"2024-03-24",11.73,4.1,"2024-03-27",136,7.915,0,25.97,8.16733333333333,12.1076666666667,4.227,3.97152821281601,6.7360371771238,13.1935277777778,47.8334896790882,0.826715632239393,136,1.339,1.711,0.0188,0.1338,0.2099,0.1699,0.01182,1.05408303439617,NA,1,23.255569934845,23.255569934845,22.1,40.2,3.480738,217.791411043,5.05,0.006308162,10.6,110,235,0.038,0.024,3.81,0.381,17.7,6.28
"170",792,0.703573333333333,0.8194,0.0800973288895335,0,0.826715632239393,47.8334896790882,2024,3,25,85,"2024-03-25",9.74,2.2,"2024-03-27",136,5.97,0,25.97,8.16733333333333,12.1076666666667,4.227,3.97152821281601,6.7360371771238,13.1935277777778,47.8334896790882,0.826715632239393,136,1.339,1.711,0.0188,0.1338,0.2099,0.1699,0.01182,1.05408303439617,NA,1,23.255569934845,23.255569934845,22.1,40.2,3.480738,217.791411043,5.05,0.006308162,10.6,110,235,0.038,0.024,3.81,0.381,17.7,6.28
"171",792,0.703573333333333,0.8194,0.0800973288895335,0,0.826715632239393,47.8334896790882,2024,3,26,86,"2024-03-26",8.71,4.4,"2024-03-27",136,6.555,0,25.97,8.16733333333333,12.1076666666667,4.227,3.97152821281601,6.7360371771238,13.1935277777778,47.8334896790882,0.826715632239393,136,1.339,1.711,0.0188,0.1338,0.2099,0.1699,0.01182,1.05408303439617,NA,1,23.255569934845,23.255569934845,22.1,40.2,3.480738,217.791411043,5.05,0.006308162,10.6,110,235,0.038,0.024,3.81,0.381,17.7,6.28
"172",805,0.723233333333333,0.9094,0.197496552109747,0,3.60554545922775,47.836519711785,2024,4,15,106,"2024-04-15",14.69,5.89,"2024-04-24",182,10.29,0.289999999999999,75.52,10.1296666666667,14.402,5.85733333333333,3.1335056157314,7.08873883972194,13.0391805555556,47.836519711785,3.60554545922775,182,4.652,0.3836,0.0958,0.1288,0.2271,0.0058,0.02453,0.453206747770309,24.9,1,11.3974702358246,11.2774702358246,NA,19.5,4.642777,159.863945578,4.3,0.002,16.09,232,291,0.025,0.021,5.38,0.505,23.1,6.26
"173",805,0.723233333333333,0.9094,0.197496552109747,0,3.60554545922775,47.836519711785,2024,4,16,107,"2024-04-16",12.46,4,"2024-04-24",182,8.23,0,75.52,10.1296666666667,14.402,5.85733333333333,3.1335056157314,7.08873883972194,13.0391805555556,47.836519711785,3.60554545922775,182,4.652,0.3836,0.0958,0.1288,0.2271,0.0058,0.02453,0.453206747770309,24.9,1,11.3974702358246,11.2774702358246,NA,19.5,4.642777,159.863945578,4.3,0.002,16.09,232,291,0.025,0.021,5.38,0.505,23.1,6.26
"174",805,0.723233333333333,0.9094,0.197496552109747,0,3.60554545922775,47.836519711785,2024,4,17,108,"2024-04-17",9.8,1.87,"2024-04-24",182,5.835,0,75.52,10.1296666666667,14.402,5.85733333333333,3.1335056157314,7.08873883972194,13.0391805555556,47.836519711785,3.60554545922775,182,4.652,0.3836,0.0958,0.1288,0.2271,0.0058,0.02453,0.453206747770309,24.9,1,11.3974702358246,11.2774702358246,NA,19.5,4.642777,159.863945578,4.3,0.002,16.09,232,291,0.025,0.021,5.38,0.505,23.1,6.26
"175",805,0.723233333333333,0.9094,0.197496552109747,0,3.60554545922775,47.836519711785,2024,4,18,109,"2024-04-18",10.45,1.57,"2024-04-24",182,6.01,0,75.52,10.1296666666667,14.402,5.85733333333333,3.1335056157314,7.08873883972194,13.0391805555556,47.836519711785,3.60554545922775,182,4.652,0.3836,0.0958,0.1288,0.2271,0.0058,0.02453,0.453206747770309,24.9,1,11.3974702358246,11.2774702358246,NA,19.5,4.642777,159.863945578,4.3,0.002,16.09,232,291,0.025,0.021,5.38,0.505,23.1,6.26
"176",805,0.723233333333333,0.9094,0.197496552109747,0,3.60554545922775,47.836519711785,2024,4,19,110,"2024-04-19",12.48,3.28,"2024-04-24",182,7.88,0,75.52,10.1296666666667,14.402,5.85733333333333,3.1335056157314,7.08873883972194,13.0391805555556,47.836519711785,3.60554545922775,182,4.652,0.3836,0.0958,0.1288,0.2271,0.0058,0.02453,0.453206747770309,24.9,1,11.3974702358246,11.2774702358246,NA,19.5,4.642777,159.863945578,4.3,0.002,16.09,232,291,0.025,0.021,5.38,0.505,23.1,6.26
"177",805,0.723233333333333,0.9094,0.197496552109747,0,3.60554545922775,47.836519711785,2024,4,20,111,"2024-04-20",10.25,2.07,"2024-04-24",182,6.16,0,75.52,10.1296666666667,14.402,5.85733333333333,3.1335056157314,7.08873883972194,13.0391805555556,47.836519711785,3.60554545922775,182,4.652,0.3836,0.0958,0.1288,0.2271,0.0058,0.02453,0.453206747770309,24.9,1,11.3974702358246,11.2774702358246,NA,19.5,4.642777,159.863945578,4.3,0.002,16.09,232,291,0.025,0.021,5.38,0.505,23.1,6.26
"178",805,0.723233333333333,0.9094,0.197496552109747,0,3.60554545922775,47.836519711785,2024,4,21,112,"2024-04-21",8.77,1.91,"2024-04-24",182,5.34,0,75.52,10.1296666666667,14.402,5.85733333333333,3.1335056157314,7.08873883972194,13.0391805555556,47.836519711785,3.60554545922775,182,4.652,0.3836,0.0958,0.1288,0.2271,0.0058,0.02453,0.453206747770309,24.9,1,11.3974702358246,11.2774702358246,NA,19.5,4.642777,159.863945578,4.3,0.002,16.09,232,291,0.025,0.021,5.38,0.505,23.1,6.26
"179",805,0.723233333333333,0.9094,0.197496552109747,0,3.60554545922775,47.836519711785,2024,4,22,113,"2024-04-22",9.69,0.24,"2024-04-24",182,4.965,0,75.52,10.1296666666667,14.402,5.85733333333333,3.1335056157314,7.08873883972194,13.0391805555556,47.836519711785,3.60554545922775,182,4.652,0.3836,0.0958,0.1288,0.2271,0.0058,0.02453,0.453206747770309,24.9,1,11.3974702358246,11.2774702358246,NA,19.5,4.642777,159.863945578,4.3,0.002,16.09,232,291,0.025,0.021,5.38,0.505,23.1,6.26
"180",805,0.723233333333333,0.9094,0.197496552109747,0,3.60554545922775,47.836519711785,2024,4,23,114,"2024-04-23",9.48,1.55,"2024-04-24",182,5.515,0,75.52,10.1296666666667,14.402,5.85733333333333,3.1335056157314,7.08873883972194,13.0391805555556,47.836519711785,3.60554545922775,182,4.652,0.3836,0.0958,0.1288,0.2271,0.0058,0.02453,0.453206747770309,24.9,1,11.3974702358246,11.2774702358246,NA,19.5,4.642777,159.863945578,4.3,0.002,16.09,232,291,0.025,0.021,5.38,0.505,23.1,6.26
"181",812,0.549233333333333,0.8512,0.200451528400497,0,5.10079251722604,47.8106367801133,2024,6,10,162,"2024-06-10",18.75,7.31,"2024-06-11",450,13.03,3.03,214.63,14.0161666666667,18.357,9.67533333333333,3.52218447956873,6.85994583686139,11.7693472222222,47.8106367801133,5.10079251722604,450,0.0511,26.2,0.0104,0.3186,0.8636,0.0216,0.04404,2.06217363476753,14,8,29.8182702064514,28.8582702064514,NA,49.9,27.288594,242.2360248,7.27,0.0029841032,33.71,432,11,0.45,0.272,14.8,1.62,33.9,8.66
"182",870,0.80054,0.887,0.0596874095362067,0,6.37142360891853,47.6294797750949,2024,5,27,148,"2024-05-27",17.85,8.89,"2024-05-28",289,13.37,3.37,170.34,13.74,18.32,9.16,3.95834933566645,7.45794805673522,12.2329444444444,47.6294797750949,6.37142360891853,289,0.2539,9.086,0.0144,0.507,1.175,0.1308,0.02229,1.46346926689148,11.4,1,16.7444658279419,16.6244658279419,NA,28.8,10.462629,246.105919003,5.68,0.0178679616,27.49,541,37,0.271,0.147,29.1,4.44,37.4,9.09
"183",926,0.71204,0.9467,0.206189180816342,0,7.20806698950873,47.4531196404966,2024,5,26,147,"2024-05-26",20.44,10.07,"2024-05-27",514,15.255,5.255,144.215,13.1228333333333,17.6026666666667,8.643,4.28758264316532,7.30958326745859,11.1145694444444,47.4531196404966,7.20806698950873,514,2.779,3.396,0.0092,0.2203,0.5408,0.2651,0.02172,0.923485159873962,15.6,6,15.1040577888489,14.3840577888489,NA,24.9,6.418512,193.641618497,5.03,0.0046232216,18.88,176,443,0.147,0.061,11.8,0.901,25.8,7.08
